{"iter":39751,"train/K_max":16,"test/K16/pos_abs_err_mean":0,"test/K16/pos_abs_err_sum":0,"test/K16/token_acc":1,"train/exact_match_acc":1,"_wandb":{"runtime":556},"test/K16/tf_token_acc":1,"train/K_mean":16,"iters_done":40000,"_timestamp":1.7732451516885183e+09,"train/K_min":16,"test/K16/exact_match_acc":1,"train/token_acc":1,"test/K16/loss":3.3030657959898235e-06,"lr":1.009735322838044e-06,"_step":39751,"_runtime":556.352062371,"train/loss":2.204759221058339e-05}