{"train/loss":1.9520344734191895,"test/K32/tf_token_acc":0.3215625,"train/K_max":32,"test/K32/exact_match_acc":0,"train/K_min":32,"_timestamp":1.7731676968446608e+09,"_step":39751,"_runtime":547.250767887,"iter":39751,"test/K32/token_acc":0.3215625,"iters_done":40000,"train/exact_match_acc":0,"test/K32/pos_abs_err_sum":6512,"test/K32/pos_abs_err_mean":2.035,"test/K32/loss":1.9890453815460205,"train/K_mean":32,"_wandb":{"runtime":547},"train/token_acc":0.32175445556640625,"lr":1.009735322838044e-06}