{"test/K32/pos_abs_err_mean":0.0290625,"iter":39751,"train/loss":0.008447141386568546,"test/K32/exact_match_acc":0.94,"train/exact_match_acc":0.92431640625,"iters_done":40000,"_step":39751,"train/token_acc":0.9976272583007812,"_runtime":1086.936977216,"test/K32/token_acc":0.998125,"test/K32/loss":0.010162235237658024,"lr":1.009735322838044e-06,"train/K_min":32,"_timestamp":1.7731734879651306e+09,"_wandb":{"runtime":1086},"test/K32/pos_abs_err_sum":93,"train/K_max":32,"train/K_mean":32,"test/K32/tf_token_acc":0.998125}