{"_timestamp":1.7731655524522367e+09,"test/K32/tf_token_acc":0.4734375,"lr":1.009735322838044e-06,"train/exact_match_acc":0,"_step":39751,"train/loss":1.5130624771118164,"train/K_min":32,"test/K32/exact_match_acc":0,"test/K32/pos_abs_err_sum":3162,"train/token_acc":0.47176361083984375,"test/K32/pos_abs_err_mean":0.988125,"iter":39751,"_runtime":420.338767047,"iters_done":40000,"_wandb":{"runtime":420},"train/K_mean":32,"test/K32/token_acc":0.4734375,"train/K_max":32,"test/K32/loss":1.5291082859039307}