{"train/K_min":16,"test/K16/token_acc":1,"_wandb":{"runtime":559},"iter":39751,"_runtime":559.110931302,"_step":39751,"lr":1.009735322838044e-06,"train/K_mean":16,"train/token_acc":1,"train/K_max":16,"test/K16/exact_match_acc":1,"train/exact_match_acc":1,"test/K16/loss":9.457618034502957e-06,"_timestamp":1.7732618796351147e+09,"test/K16/pos_abs_err_mean":0,"test/K16/tf_token_acc":1,"train/loss":1.2136662917328067e-05,"test/K16/pos_abs_err_sum":0,"iters_done":40000}