{"test/K32/loss":0.4865887761116028,"_timestamp":1.7732711513102562e+09,"train/K_mean":32,"train/exact_match_acc":0.003662109375,"train/loss":0.4953509569168091,"iter":39751,"_wandb":{"runtime":1183},"train/K_max":32,"lr":1.009735322838044e-06,"test/K32/exact_match_acc":0,"test/K32/tf_token_acc":0.8365625,"_runtime":1183.940475762,"test/K32/pos_abs_err_mean":0.68375,"test/K32/token_acc":0.8365625,"test/K32/pos_abs_err_sum":2188,"train/K_min":32,"train/token_acc":0.829010009765625,"_step":39751,"iters_done":40000}