{"test/K16/exact_match_acc":0.29,"train/token_acc":0.9290313720703125,"_wandb":{"runtime":316},"train/loss":0.2371675670146942,"train/K_mean":16,"test/K16/token_acc":0.9175,"lr":1.009735322838044e-06,"test/K16/pos_abs_err_mean":0.224375,"train/K_min":16,"iter":39751,"test/K16/pos_abs_err_sum":359,"_step":39751,"_runtime":316.992355797,"_timestamp":1.773258741417749e+09,"test/K16/tf_token_acc":0.9175,"iters_done":40000,"test/K16/loss":0.25065895915031433,"train/K_max":16,"train/exact_match_acc":0.33349609375}