{"train/K_max":16,"test/K16/tf_token_acc":1,"train/exact_match_acc":0.99755859375,"train/loss":0.0018809845205396414,"train/K_min":16,"_timestamp":1.7732624350186548e+09,"lr":1.009735322838044e-06,"train/K_mean":16,"_runtime":292.779749463,"_step":39751,"train/token_acc":0.999847412109375,"test/K16/token_acc":1,"test/K16/pos_abs_err_sum":0,"test/K16/loss":0.0005023892153985798,"iter":39751,"iters_done":40000,"test/K16/exact_match_acc":1,"_wandb":{"runtime":292},"test/K16/pos_abs_err_mean":0}