{"_timestamp":1.773161464501721e+09,"test/K16/tf_token_acc":0.435,"train/loss":1.4704800844192505,"test/K16/loss":1.5536946058273315,"train/token_acc":0.4450225830078125,"_wandb":{"runtime":209},"test/K16/pos_abs_err_sum":2416,"_runtime":209.105839969,"test/K16/token_acc":0.435,"train/exact_match_acc":0,"train/K_mean":16,"lr":1.009735322838044e-06,"test/K16/pos_abs_err_mean":1.51,"test/K16/exact_match_acc":0,"_step":39751,"train/K_min":16,"train/K_max":16,"iters_done":40000,"iter":39751}