{"test/K16/pos_abs_err_sum":0,"iter":39751,"test/K16/exact_match_acc":1,"test/K16/loss":2.709731415961869e-05,"train/loss":1.7783742805477232e-05,"iters_done":40000,"train/K_min":16,"train/K_max":16,"_wandb":{"runtime":557},"_runtime":557.798866352,"test/K16/pos_abs_err_mean":0,"_timestamp":1.7732617088516262e+09,"train/exact_match_acc":1,"_step":39751,"test/K16/tf_token_acc":1,"lr":1.009735322838044e-06,"train/token_acc":1,"test/K16/token_acc":1,"train/K_mean":16}