{"iter":39751,"train/token_acc":1,"train/K_max":16,"train/exact_match_acc":1,"train/K_mean":16,"lr":1.009735322838044e-06,"test/K16/pos_abs_err_mean":0,"test/K16/token_acc":1,"_step":39751,"iters_done":40000,"_wandb":{"runtime":560},"test/K16/tf_token_acc":1,"_timestamp":1.7731695991833706e+09,"_runtime":560.875657604,"test/K16/pos_abs_err_sum":0,"test/K16/exact_match_acc":1,"train/K_min":16,"test/K16/loss":1.5541911579930456e-07,"train/loss":1.7089405446313322e-07}