{"test/K32/pos_abs_err_mean":2.4696875,"_runtime":1183.755476259,"test/K32/exact_match_acc":0,"iter":39751,"train/K_max":32,"test/K32/tf_token_acc":0.5825,"test/K32/pos_abs_err_sum":7903,"train/K_min":32,"train/exact_match_acc":0,"test/K32/loss":1.289609432220459,"_wandb":{"runtime":1183},"lr":1.009735322838044e-06,"test/K32/token_acc":0.5825,"train/loss":1.2880303859710693,"train/token_acc":0.5768356323242188,"_timestamp":1.7732732151486576e+09,"train/K_mean":32,"iters_done":40000,"_step":39751}