{"test/K32/tf_token_acc":1,"_step":39751,"test/K32/token_acc":1,"test/K32/pos_abs_err_mean":0,"_wandb":{"runtime":1109},"train/exact_match_acc":0.9990234375,"_timestamp":1.773267881167229e+09,"iter":39751,"train/loss":0.000495041545946151,"lr":1.009735322838044e-06,"train/token_acc":0.999969482421875,"train/K_max":32,"test/K32/exact_match_acc":1,"test/K32/loss":1.6352907550754026e-05,"_runtime":1109.296982832,"train/K_min":32,"test/K32/pos_abs_err_sum":0,"iters_done":40000,"train/K_mean":32}