{"test/K32/pos_abs_err_mean":0.000625,"test/K32/loss":0.0017880244413390756,"train/K_mean":32,"iters_done":40000,"test/K32/token_acc":0.999375,"iter":39751,"train/exact_match_acc":0.98095703125,"_wandb":{"runtime":646},"test/K32/exact_match_acc":0.98,"test/K32/tf_token_acc":0.999375,"_step":39751,"_runtime":646.30880654,"train/K_max":32,"test/K32/pos_abs_err_sum":2,"lr":1.009735322838044e-06,"_timestamp":1.7732610599053822e+09,"train/loss":0.0020192288793623447,"train/K_min":32,"train/token_acc":0.9994049072265625}