{"iter":39751,"_timestamp":1.7731718233727667e+09,"train/K_mean":16,"test/K16/tf_token_acc":0.995,"train/exact_match_acc":0.943359375,"_runtime":580.683585019,"lr":1.009735322838044e-06,"train/loss":0.016858652234077454,"train/token_acc":0.996429443359375,"train/K_max":16,"train/K_min":16,"test/K16/token_acc":0.995,"test/K16/pos_abs_err_sum":92,"test/K16/loss":0.020129023119807243,"_wandb":{"runtime":580},"test/K16/pos_abs_err_mean":0.0575,"iters_done":40000,"test/K16/exact_match_acc":0.92,"_step":39751}