{"_wandb":{"runtime":546},"train/token_acc":0.8741607666015625,"test/K32/pos_abs_err_mean":0.46875,"train/loss":0.4285169839859009,"_step":39751,"_runtime":546.859424586,"train/exact_match_acc":0,"lr":1.009735322838044e-06,"test/K32/loss":0.44097718596458435,"train/K_min":32,"train/K_mean":32,"iters_done":40000,"test/K32/token_acc":0.8771875,"test/K32/tf_token_acc":0.8771875,"train/K_max":32,"test/K32/exact_match_acc":0,"_timestamp":1.7732593660185099e+09,"test/K32/pos_abs_err_sum":1500,"iter":39751}