{"train/exact_match_acc":1,"test/K16/pos_abs_err_sum":0,"train/K_min":16,"_wandb":{"runtime":581},"train/K_max":16,"test/K16/loss":3.4455954391887644e-06,"test/K16/exact_match_acc":1,"lr":1.009735322838044e-06,"_runtime":581.069214687,"iters_done":40000,"test/K16/tf_token_acc":1,"train/K_mean":16,"test/K16/pos_abs_err_mean":0,"iter":39751,"_timestamp":1.773172450104446e+09,"train/loss":4.569317752611823e-06,"_step":39751,"train/token_acc":1,"test/K16/token_acc":1}