{"train/loss":9.044058970175683e-06,"test/K16/loss":3.39098278345773e-06,"_runtime":397.780216225,"iter":39751,"train/K_mean":16,"iters_done":40000,"test/K16/pos_abs_err_mean":0,"test/K16/exact_match_acc":1,"test/K16/pos_abs_err_sum":0,"train/token_acc":1,"train/K_max":16,"test/K16/token_acc":1,"test/K16/tf_token_acc":1,"lr":1.009735322838044e-06,"train/exact_match_acc":1,"_timestamp":1.7732615502045472e+09,"train/K_min":16,"_step":39751,"_wandb":{"runtime":397}}