{"_timestamp":1.7731716575576801e+09,"test/K16/pos_abs_err_mean":4.156875,"iter":39751,"test/K16/pos_abs_err_sum":6651,"train/token_acc":0.3056488037109375,"test/K16/tf_token_acc":0.288125,"train/K_max":16,"test/K16/loss":2.344597816467285,"train/K_min":16,"test/K16/exact_match_acc":0,"lr":1.009735322838044e-06,"_wandb":{"runtime":423},"_step":39751,"test/K16/token_acc":0.288125,"train/K_mean":16,"iters_done":40000,"train/exact_match_acc":0,"_runtime":423.742901113,"train/loss":2.2413461208343506}