{"_wandb":{"runtime":547},"_step":39751,"train/K_max":32,"test/K32/token_acc":0.7890625,"test/K32/pos_abs_err_sum":2154,"_timestamp":1.7732602386694627e+09,"test/K32/exact_match_acc":0,"iter":39751,"train/token_acc":0.7927169799804688,"lr":1.009735322838044e-06,"test/K32/pos_abs_err_mean":0.673125,"train/K_mean":32,"test/K32/loss":0.64797043800354,"train/K_min":32,"_runtime":547.362294605,"test/K32/tf_token_acc":0.7890625,"train/loss":0.6121079325675964,"iters_done":40000,"train/exact_match_acc":0}