{"train/K_min":16,"test/K16/pos_abs_err_mean":0,"iters_done":40000,"_step":39751,"test/K16/exact_match_acc":1,"_timestamp":1.7732192935569727e+09,"test/K16/tf_token_acc":1,"_runtime":673.03410089,"train/token_acc":1,"test/K16/token_acc":1,"train/exact_match_acc":1,"test/K16/pos_abs_err_sum":0,"lr":1.009735322838044e-06,"train/K_mean":16,"_wandb":{"runtime":673},"train/K_max":16,"iter":39751,"train/loss":2.5978726625908166e-05,"test/K16/loss":8.924156645662151e-06}