{"iter":39751,"test/K32/pos_abs_err_mean":2.1071875,"_wandb":{"runtime":442},"_step":39751,"test/K32/loss":1.9270777702331543,"train/loss":1.9049304723739624,"train/K_mean":32,"test/K32/tf_token_acc":0.3528125,"lr":1.009735322838044e-06,"test/K32/token_acc":0.3528125,"iters_done":40000,"test/K32/pos_abs_err_sum":6743,"train/K_min":32,"train/K_max":32,"_runtime":442.871780854,"test/K32/exact_match_acc":0,"train/exact_match_acc":0,"train/token_acc":0.36893463134765625,"_timestamp":1.7731694820012069e+09}