{"test/K16/loss":1.462250907025009e-06,"iter":39751,"train/K_mean":16,"_step":39751,"test/K16/exact_match_acc":1,"_wandb":{"runtime":376},"train/loss":5.524098014575429e-06,"iters_done":40000,"test/K16/token_acc":1,"lr":1.009735322838044e-06,"train/K_max":16,"train/token_acc":1,"train/K_min":16,"_runtime":376.816148691,"_timestamp":1.7732120498811326e+09,"train/exact_match_acc":1,"test/K16/tf_token_acc":1,"test/K16/pos_abs_err_sum":0,"test/K16/pos_abs_err_mean":0}