{"test/K32/tf_token_acc":0.7021875,"train/K_max":32,"train/K_mean":32,"_wandb":{"runtime":414},"_timestamp":1.7732542702344425e+09,"lr":1.009735322838044e-06,"_runtime":414.867403002,"test/K32/exact_match_acc":0,"test/K32/pos_abs_err_mean":0.5771875,"test/K32/token_acc":0.7021875,"iters_done":40000,"iter":39751,"train/K_min":32,"train/token_acc":0.704986572265625,"_step":39751,"train/exact_match_acc":0,"test/K32/loss":0.8498533368110657,"test/K32/pos_abs_err_sum":1847,"train/loss":0.8198645710945129}