{"train/K_min":32,"_runtime":760.458259041,"train/K_mean":32,"test/K32/pos_abs_err_sum":35,"train/exact_match_acc":0.984375,"_wandb":{"runtime":760},"lr":1.009735322838044e-06,"test/K32/tf_token_acc":0.9990625,"test/K32/token_acc":0.9990625,"test/K32/loss":0.003136351006105542,"_step":39751,"train/K_max":32,"train/token_acc":0.99951171875,"test/K32/exact_match_acc":0.97,"test/K32/pos_abs_err_mean":0.0109375,"train/loss":0.0015881211729720235,"iter":39751,"iters_done":40000,"_timestamp":1.7731712092045617e+09}