{"_step":39751,"iter":39751,"train/K_max":32,"train/K_min":32,"test/K32/token_acc":0.998125,"_wandb":{"runtime":855},"iters_done":40000,"_runtime":855.97443372,"test/K32/pos_abs_err_sum":35,"lr":1.009735322838044e-06,"test/K32/pos_abs_err_mean":0.0109375,"test/K32/exact_match_acc":0.94,"train/token_acc":0.99822998046875,"train/K_mean":32,"test/K32/loss":0.007528446149080992,"train/exact_match_acc":0.94384765625,"_timestamp":1.7731670868828347e+09,"test/K32/tf_token_acc":0.998125,"train/loss":0.006989108864217997}