{"iter":39751,"train/token_acc":1,"train/exact_match_acc":1,"_wandb":{"runtime":836},"test/K32/tf_token_acc":1,"test/K32/pos_abs_err_sum":0,"train/K_min":32,"train/loss":5.95670826442074e-07,"test/K32/pos_abs_err_mean":0,"test/K32/loss":5.783513188362122e-07,"test/K32/exact_match_acc":1,"train/K_max":32,"lr":1.009735322838044e-06,"_step":39751,"iters_done":40000,"train/K_mean":32,"_runtime":836.196706754,"test/K32/token_acc":1,"_timestamp":1.77325700030322e+09}