{"test/K32/loss":0.003170012729242444,"train/token_acc":0.9994583129882812,"iters_done":40000,"test/K32/pos_abs_err_sum":25,"train/K_min":32,"_timestamp":1.7732596384642959e+09,"_wandb":{"runtime":648},"train/loss":0.0019307587062940001,"_step":39751,"test/K32/pos_abs_err_mean":0.0078125,"iter":39751,"_runtime":648.16424151,"train/K_max":32,"test/K32/exact_match_acc":0.95,"test/K32/token_acc":0.9984375,"test/K32/tf_token_acc":0.9984375,"train/K_mean":32,"lr":1.009735322838044e-06,"train/exact_match_acc":0.982666015625}