{"train/loss":0.05294456705451012,"test/K16/pos_abs_err_sum":242,"test/K16/token_acc":0.98875,"train/token_acc":0.9908599853515625,"test/K16/pos_abs_err_mean":0.15125,"_step":39751,"iters_done":40000,"test/K16/tf_token_acc":0.98875,"_timestamp":1.773162585649305e+09,"_runtime":270.334266542,"train/K_max":16,"train/K_min":16,"lr":1.009735322838044e-06,"train/K_mean":16,"train/exact_match_acc":0.85498046875,"_wandb":{"runtime":270},"test/K16/loss":0.07080868631601334,"iter":39751,"test/K16/exact_match_acc":0.82}