{"train/K_min":32,"train/loss":2.134073495864868,"test/K32/pos_abs_err_sum":7907,"_timestamp":1.773171204943379e+09,"_step":39751,"_wandb":{"runtime":555},"train/K_max":32,"lr":1.009735322838044e-06,"_runtime":555.146076499,"iter":39751,"test/K32/pos_abs_err_mean":2.4709375,"test/K32/exact_match_acc":0,"test/K32/tf_token_acc":0.28625,"train/token_acc":0.2923736572265625,"train/K_mean":32,"iters_done":40000,"test/K32/loss":2.129737615585327,"train/exact_match_acc":0,"test/K32/token_acc":0.28625}