{"_wandb":{"runtime":624},"iter":39751,"train/K_max":32,"_runtime":624.287894941,"test/K32/tf_token_acc":0.7459375,"train/K_mean":32,"test/K32/exact_match_acc":0,"test/K32/loss":0.7465291023254395,"iters_done":40000,"test/K32/token_acc":0.7459375,"test/K32/pos_abs_err_mean":0.48625,"_timestamp":1.7731657170291054e+09,"lr":1.009735322838044e-06,"test/K32/pos_abs_err_sum":1556,"train/exact_match_acc":0,"_step":39751,"train/K_min":32,"train/token_acc":0.74542236328125,"train/loss":0.7375463843345642}