{"train/K_mean":16,"train/exact_match_acc":0.008056640625,"_wandb":{"runtime":317},"test/K16/pos_abs_err_sum":1503,"test/K16/token_acc":0.73375,"test/K16/tf_token_acc":0.73375,"test/K16/loss":0.8328185081481934,"train/loss":0.8131961822509766,"lr":1.009735322838044e-06,"iter":39751,"train/token_acc":0.72662353515625,"_step":39751,"_runtime":317.989938582,"test/K16/exact_match_acc":0,"train/K_min":16,"iters_done":40000,"train/K_max":16,"test/K16/pos_abs_err_mean":0.939375,"_timestamp":1.7732574115134788e+09}