{"train/exact_match_acc":0.99755859375,"test/K16/loss":0.0013360487064346671,"train/K_max":16,"test/K16/tf_token_acc":0.999375,"iter":39751,"train/token_acc":0.999847412109375,"test/K16/token_acc":0.999375,"train/K_mean":16,"_wandb":{"runtime":187},"test/K16/pos_abs_err_mean":0.000625,"train/loss":0.0009068998624570668,"test/K16/exact_match_acc":0.99,"_step":39751,"lr":1.009735322838044e-06,"iters_done":40000,"train/K_min":16,"test/K16/pos_abs_err_sum":1,"_timestamp":1.773205488675857e+09,"_runtime":187.211663933}