{"_timestamp":1.7732723170205288e+09,"_runtime":823.613168057,"_wandb":{"runtime":823},"test/K32/pos_abs_err_mean":0.0028125,"train/token_acc":0.9998245239257812,"test/K32/pos_abs_err_sum":9,"test/K32/token_acc":0.999375,"_step":39751,"train/K_mean":32,"test/K32/loss":0.002868199720978737,"iter":39751,"lr":1.009735322838044e-06,"train/exact_match_acc":0.994384765625,"test/K32/tf_token_acc":0.999375,"iters_done":40000,"train/K_max":32,"train/loss":0.002222384326159954,"test/K32/exact_match_acc":0.98,"train/K_min":32}