{"iters_done":40000,"train/loss":6.615339225390926e-05,"train/K_min":16,"iter":39751,"train/K_max":16,"_wandb":{"runtime":512},"test/K16/pos_abs_err_sum":0,"test/K16/loss":1.3329163266462274e-05,"lr":1.009735322838044e-06,"train/K_mean":16,"_runtime":512.661844849,"test/K16/pos_abs_err_mean":0,"train/token_acc":0.9999847412109375,"_timestamp":1.773205254415321e+09,"train/exact_match_acc":0.999755859375,"test/K16/token_acc":1,"test/K16/exact_match_acc":1,"_step":39751,"test/K16/tf_token_acc":1}