{"_timestamp":1.7731703799330022e+09,"train/exact_match_acc":1,"test/K16/pos_abs_err_sum":0,"test/K16/token_acc":1,"train/K_max":16,"train/K_min":16,"train/loss":1.646221789997071e-07,"train/token_acc":1,"_runtime":559.014158723,"train/K_mean":16,"test/K16/pos_abs_err_mean":0,"_step":39751,"test/K16/loss":1.3880431026791484e-07,"test/K16/tf_token_acc":1,"_wandb":{"runtime":559},"lr":1.009735322838044e-06,"test/K16/exact_match_acc":1,"iters_done":40000,"iter":39751}