{"test/K32/tf_token_acc":1,"test/K32/pos_abs_err_mean":0,"_runtime":1077.494680266,"test/K32/loss":0.00024423663853667676,"train/K_mean":32,"lr":1.009735322838044e-06,"train/token_acc":0.9999160766601562,"train/loss":0.0003762033302336931,"test/K32/token_acc":1,"test/K32/exact_match_acc":1,"train/K_max":32,"iters_done":40000,"_step":39751,"_wandb":{"runtime":1077},"train/K_min":32,"_timestamp":1.7732541856037424e+09,"train/exact_match_acc":0.997314453125,"iter":39751,"test/K32/pos_abs_err_sum":0}