{"iter":39751,"test/K16/pos_abs_err_mean":0.003125,"train/K_max":16,"iters_done":40000,"test/K16/loss":0.004631252959370613,"test/K16/exact_match_acc":0.99,"_wandb":{"runtime":243},"_runtime":243.880270633,"train/K_min":16,"test/K16/token_acc":0.999375,"_timestamp":1.7732585766012998e+09,"train/loss":0.011765741743147373,"_step":39751,"test/K16/pos_abs_err_sum":5,"lr":1.009735322838044e-06,"train/exact_match_acc":0.9853515625,"test/K16/tf_token_acc":0.999375,"train/token_acc":0.99908447265625,"train/K_mean":16}