{"iters_done":40000,"train/K_mean":16,"test/K16/pos_abs_err_sum":933,"train/exact_match_acc":0.000244140625,"train/token_acc":0.7985687255859375,"_step":39751,"lr":1.009735322838044e-06,"_timestamp":1.773162067029975e+09,"train/K_min":16,"test/K16/pos_abs_err_mean":0.583125,"test/K16/exact_match_acc":0,"test/K16/tf_token_acc":0.805625,"test/K16/token_acc":0.805625,"iter":39751,"train/loss":0.6363583207130432,"test/K16/loss":0.6277702450752258,"_runtime":162.887082273,"train/K_max":16,"_wandb":{"runtime":162}}