{"test/K16/pos_abs_err_mean":0,"train/exact_match_acc":1,"lr":1.009735322838044e-06,"train/K_max":16,"train/K_min":16,"test/K16/loss":1.6018748993928966e-08,"_runtime":638.244760953,"iter":39751,"_wandb":{"runtime":638},"iters_done":40000,"_timestamp":1.7732113213007221e+09,"train/token_acc":1,"train/loss":3.7729478208348155e-08,"test/K16/token_acc":1,"_step":39751,"test/K16/tf_token_acc":1,"train/K_mean":16,"test/K16/pos_abs_err_sum":0,"test/K16/exact_match_acc":1}