{"_runtime":419.133841882,"test/K32/tf_token_acc":0.468125,"train/loss":1.510359525680542,"test/K32/pos_abs_err_mean":0.9821875,"_wandb":{"runtime":419},"test/K32/token_acc":0.468125,"train/K_max":32,"train/K_min":32,"test/K32/pos_abs_err_sum":3143,"test/K32/exact_match_acc":0,"_timestamp":1.7731649438410149e+09,"iter":39751,"train/K_mean":32,"train/token_acc":0.471466064453125,"train/exact_match_acc":0,"test/K32/loss":1.498044729232788,"_step":39751,"iters_done":40000,"lr":1.009735322838044e-06}