{"train/exact_match_acc":0.999755859375,"test/K32/loss":7.850453584978823e-06,"_runtime":1111.130512872,"iter":39751,"test/K32/pos_abs_err_mean":0,"train/K_mean":32,"train/K_min":32,"_timestamp":1.7732748742819757e+09,"_wandb":{"runtime":1111},"train/loss":0.0001092401726054959,"test/K32/pos_abs_err_sum":0,"test/K32/exact_match_acc":1,"train/K_max":32,"test/K32/token_acc":1,"train/token_acc":0.9999923706054688,"iters_done":40000,"_step":39751,"lr":1.009735322838044e-06,"test/K32/tf_token_acc":1}