{"iter":39751,"train/exact_match_acc":0.99755859375,"_timestamp":1.7731642625010004e+09,"test/K16/pos_abs_err_sum":0,"train/token_acc":0.999847412109375,"test/K16/pos_abs_err_mean":0,"_wandb":{"runtime":438},"train/K_mean":16,"test/K16/exact_match_acc":1,"_step":39751,"train/K_min":16,"train/loss":0.0004538354987744242,"lr":1.009735322838044e-06,"iters_done":40000,"train/K_max":16,"test/K16/tf_token_acc":1,"test/K16/token_acc":1,"_runtime":438.348722735,"test/K16/loss":0.0006827296456322074}