{"train/loss":1.3790792226791382,"iter":39751,"_runtime":549.060418269,"train/K_min":32,"test/K32/tf_token_acc":0.51875,"lr":1.009735322838044e-06,"_wandb":{"runtime":549},"train/exact_match_acc":0,"train/K_max":32,"test/K32/loss":1.4012950658798218,"test/K32/token_acc":0.51875,"test/K32/pos_abs_err_sum":4462,"iters_done":40000,"test/K32/exact_match_acc":0,"train/K_mean":32,"test/K32/pos_abs_err_mean":1.394375,"train/token_acc":0.5213470458984375,"_timestamp":1.7732605422863088e+09,"_step":39751}