{"_timestamp":1.77316384808818e+09,"test/K32/pos_abs_err_mean":0.921875,"train/exact_match_acc":0,"test/K32/exact_match_acc":0,"_step":39751,"train/loss":1.443040132522583,"lr":1.009735322838044e-06,"train/K_max":32,"_wandb":{"runtime":416},"test/K32/loss":1.4470089673995972,"_runtime":416.546202194,"test/K32/tf_token_acc":0.4784375,"train/K_mean":32,"test/K32/token_acc":0.4784375,"train/token_acc":0.4824981689453125,"test/K32/pos_abs_err_sum":2950,"iters_done":40000,"train/K_min":32,"iter":39751}