{"test/K16/exact_match_acc":1,"train/token_acc":1,"test/K16/pos_abs_err_sum":0,"train/K_mean":16,"_runtime":828.685391729,"iters_done":40000,"lr":1.009735322838044e-06,"test/K16/pos_abs_err_mean":0,"_timestamp":1.7732265733472152e+09,"train/K_max":16,"train/K_min":16,"test/K16/loss":1.4647841339865408e-07,"test/K16/tf_token_acc":1,"train/loss":1.3152202882338315e-07,"train/exact_match_acc":1,"_wandb":{"runtime":828},"iter":39751,"_step":39751,"test/K16/token_acc":1}