{"test/K32/pos_abs_err_sum":0,"_runtime":1111.734004258,"train/K_mean":32,"test/K32/exact_match_acc":1,"test/K32/loss":1.589901694387663e-05,"_wandb":{"runtime":1111},"test/K32/token_acc":1,"train/exact_match_acc":0.999755859375,"_step":39751,"iter":39751,"train/loss":8.310905104735866e-05,"test/K32/pos_abs_err_mean":0,"test/K32/tf_token_acc":1,"train/K_min":32,"lr":1.009735322838044e-06,"_timestamp":1.7732715084703553e+09,"iters_done":40000,"train/K_max":32,"train/token_acc":0.9999923706054688}