{"_runtime":621.508134591,"train/exact_match_acc":0.000244140625,"_step":39751,"train/K_mean":16,"train/K_max":16,"test/K16/token_acc":0.634375,"_wandb":{"runtime":621},"test/K16/exact_match_acc":0,"train/K_min":16,"test/K16/pos_abs_err_mean":2.970625,"train/loss":1.1667317152023315,"lr":1.009735322838044e-06,"test/K16/pos_abs_err_sum":4753,"iters_done":40000,"train/token_acc":0.6356201171875,"iter":39751,"test/K16/loss":1.165513277053833,"_timestamp":1.7732690300487719e+09,"test/K16/tf_token_acc":0.634375}