{"test/K16/token_acc":0.999375,"_runtime":398.057648641,"test/K16/exact_match_acc":0.99,"lr":1.009735322838044e-06,"train/exact_match_acc":0.9853515625,"train/K_mean":16,"train/K_min":16,"test/K16/pos_abs_err_mean":0.00125,"_step":39751,"train/token_acc":0.99908447265625,"test/K16/tf_token_acc":0.999375,"iter":39751,"test/K16/pos_abs_err_sum":2,"train/loss":0.004251827020198107,"_timestamp":1.7732449945202363e+09,"iters_done":40000,"_wandb":{"runtime":398},"test/K16/loss":0.0022165747359395027,"train/K_max":16}