{"test/K16/loss":0.5683252811431885,"iters_done":40000,"train/K_max":16,"_timestamp":1.7731744928526077e+09,"lr":1.009735322838044e-06,"test/K16/token_acc":0.88,"test/K16/tf_token_acc":0.88,"train/loss":0.49567487835884094,"_step":39751,"test/K16/pos_abs_err_sum":3079,"test/K16/exact_match_acc":0,"train/K_min":16,"test/K16/pos_abs_err_mean":1.924375,"train/exact_match_acc":0,"train/K_mean":16,"_wandb":{"runtime":431},"train/token_acc":0.8855743408203125,"_runtime":431.989754063,"iter":39751}