{"lr":1.009735322838044e-06,"iter":39751,"test/K32/exact_match_acc":1,"train/loss":1.706294460745994e-05,"_wandb":{"runtime":1533},"train/exact_match_acc":1,"test/K32/pos_abs_err_sum":0,"train/K_mean":32,"test/K32/tf_token_acc":1,"iters_done":40000,"train/K_min":32,"_timestamp":1.773176621759142e+09,"test/K32/loss":1.3649463426190778e-06,"test/K32/token_acc":1,"test/K32/pos_abs_err_mean":0,"_step":39751,"train/token_acc":1,"_runtime":1533.605900345,"train/K_max":32}