{"train/K_min":32,"test/K32/pos_abs_err_mean":0.000625,"train/K_max":32,"_wandb":{"runtime":1078},"_step":39751,"lr":1.009735322838044e-06,"test/K32/loss":0.001014223787933588,"train/K_mean":32,"test/K32/token_acc":0.9996875,"train/token_acc":0.9996261596679688,"test/K32/exact_match_acc":0.99,"iters_done":40000,"train/exact_match_acc":0.988037109375,"_timestamp":1.7732518013051426e+09,"iter":39751,"test/K32/pos_abs_err_sum":2,"test/K32/tf_token_acc":0.9996875,"_runtime":1078.52723378,"train/loss":0.0030841249972581863}