{"train/K_mean":16,"test/K16/pos_abs_err_mean":1.51,"_step":39751,"train/K_max":16,"train/loss":1.4704800844192505,"lr":1.009735322838044e-06,"train/exact_match_acc":0,"test/K16/tf_token_acc":0.011875,"iter":39751,"train/token_acc":0.4450225830078125,"test/K16/exact_match_acc":0,"iters_done":40000,"test/K16/loss":1.5536946058273315,"_runtime":208.305530364,"test/K16/token_acc":0.435,"train/K_min":16,"test/K16/pos_abs_err_sum":2416,"_timestamp":1.7730942139869394e+09,"_wandb":{"runtime":208}}