{"train/K_mean":16,"test/K16/token_acc":1,"test/K16/tf_token_acc":1,"test/K16/pos_abs_err_sum":0,"_timestamp":1.7731724772088048e+09,"_wandb":{"runtime":421},"test/K16/loss":0.00011458769586170092,"_runtime":421.596597829,"iter":39751,"train/K_max":16,"test/K16/pos_abs_err_mean":0,"test/K16/exact_match_acc":1,"train/exact_match_acc":0.998046875,"iters_done":40000,"train/loss":0.0006295146304182708,"lr":1.009735322838044e-06,"train/K_min":16,"_step":39751,"train/token_acc":0.9998779296875}