{"test/K32/pos_abs_err_mean":0,"test/K32/pos_abs_err_sum":0,"lr":1.009735322838044e-06,"train/K_mean":32,"_timestamp":1.7732669149907656e+09,"_runtime":2338.79677411,"test/K32/exact_match_acc":1,"test/K32/token_acc":1,"train/loss":3.6191158869769424e-07,"train/K_min":32,"_wandb":{"runtime":2338},"iter":39751,"test/K32/loss":1.336634198878528e-07,"train/exact_match_acc":1,"train/K_max":32,"test/K32/tf_token_acc":1,"iters_done":40000,"_step":39751,"train/token_acc":1}