{"iters_done":40000,"train/loss":0.0008986072498373687,"train/K_mean":32,"train/K_min":32,"_step":39751,"test/K32/pos_abs_err_sum":0,"_runtime":1076.419518374,"test/K32/pos_abs_err_mean":0,"train/K_max":32,"lr":1.009735322838044e-06,"test/K32/loss":0.0012874422827735543,"_wandb":{"runtime":1076},"test/K32/exact_match_acc":1,"test/K32/tf_token_acc":1,"iter":39751,"train/token_acc":0.99981689453125,"_timestamp":1.773256513702468e+09,"test/K32/token_acc":1,"train/exact_match_acc":0.994140625}