{"train/K_min":16,"_step":39751,"test/K16/exact_match_acc":0.88,"_wandb":{"runtime":269},"test/K16/tf_token_acc":0.9925,"test/K16/token_acc":0.9925,"test/K16/pos_abs_err_sum":68,"lr":1.009735322838044e-06,"test/K16/pos_abs_err_mean":0.0425,"train/exact_match_acc":0.93798828125,"train/loss":0.011668737977743149,"_timestamp":1.7732525417440937e+09,"test/K16/loss":0.025620948523283005,"train/K_mean":16,"train/K_max":16,"_runtime":269.705773489,"iter":39751,"train/token_acc":0.996124267578125,"iters_done":40000}