{"train/token_acc":0.9245147705078125,"_step":39751,"_wandb":{"runtime":310},"_timestamp":1.7732544567808294e+09,"test/K16/tf_token_acc":0.92125,"train/loss":0.1769968420267105,"test/K16/pos_abs_err_mean":0.38375,"train/K_mean":16,"test/K16/pos_abs_err_sum":614,"test/K16/loss":0.1839378923177719,"_runtime":310.25740021,"iter":39751,"train/K_min":16,"lr":1.009735322838044e-06,"train/exact_match_acc":0.16259765625,"iters_done":40000,"train/K_max":16,"test/K16/exact_match_acc":0.12,"test/K16/token_acc":0.92125}