{"train/loss":0.0023282773327082396,"test/K16/token_acc":0.99875,"_step":39751,"train/token_acc":0.999237060546875,"test/K16/pos_abs_err_sum":7,"iter":39751,"iters_done":40000,"_timestamp":1.773164652313909e+09,"_wandb":{"runtime":437},"train/exact_match_acc":0.98779296875,"test/K16/exact_match_acc":0.98,"_runtime":437.929112505,"test/K16/pos_abs_err_mean":0.004375,"test/K16/loss":0.004435625392943621,"train/K_min":16,"train/K_max":16,"lr":1.009735322838044e-06,"test/K16/tf_token_acc":0.99875,"train/K_mean":16}