{"test/K16/tf_token_acc":1,"test/K16/pos_abs_err_mean":0,"test/K16/loss":1.8495321683076327e-06,"iter":39751,"test/K16/exact_match_acc":1,"_timestamp":1.773247401340086e+09,"lr":1.009735322838044e-06,"train/K_min":16,"train/loss":4.976092895958573e-06,"test/K16/token_acc":1,"_wandb":{"runtime":851},"_step":39751,"train/K_max":16,"train/token_acc":1,"train/K_mean":16,"train/exact_match_acc":1,"test/K16/pos_abs_err_sum":0,"_runtime":851.182228864,"iters_done":40000}