{"test/K32/exact_match_acc":1,"iters_done":40000,"train/loss":7.608650776091963e-08,"train/token_acc":1,"train/K_max":32,"lr":1.009735322838044e-06,"test/K32/pos_abs_err_mean":0,"train/K_min":32,"test/K32/token_acc":1,"_wandb":{"runtime":1458},"_runtime":1458.036281653,"train/K_mean":32,"train/exact_match_acc":1,"test/K32/tf_token_acc":1,"iter":39751,"test/K32/pos_abs_err_sum":0,"test/K32/loss":4.1462481448206745e-08,"_step":39751,"_timestamp":1.7732747638809826e+09}