{"test/K16/pos_abs_err_sum":0,"train/token_acc":1,"train/K_min":16,"lr":1.009735322838044e-06,"train/K_max":16,"_runtime":798.783778113,"_wandb":{"runtime":798},"_step":39751,"iter":39751,"test/K16/tf_token_acc":1,"iters_done":40000,"test/K16/pos_abs_err_mean":0,"train/K_mean":16,"test/K16/loss":7.245093456731411e-06,"test/K16/token_acc":1,"train/exact_match_acc":1,"test/K16/exact_match_acc":1,"_timestamp":1.7731753471415234e+09,"train/loss":8.936569429351948e-06}