{"train/K_max":16,"_wandb":{"runtime":621},"test/K16/loss":0.8944018483161926,"_runtime":621.458484833,"train/K_mean":16,"test/K16/pos_abs_err_sum":2991,"iter":39751,"lr":1.009735322838044e-06,"train/exact_match_acc":0.00244140625,"test/K16/pos_abs_err_mean":1.869375,"iters_done":40000,"train/token_acc":0.684600830078125,"test/K16/exact_match_acc":0,"train/loss":0.9817527532577515,"test/K16/token_acc":0.7125,"test/K16/tf_token_acc":0.7125,"_timestamp":1.7732702094804158e+09,"train/K_min":16,"_step":39751}