{"test/K16/token_acc":1,"train/K_max":16,"test/K16/loss":0.00013226545706856996,"_runtime":375.899076801,"train/loss":0.00031792520894668996,"_step":39751,"test/K16/tf_token_acc":1,"iters_done":40000,"_timestamp":1.773228261088738e+09,"train/K_min":16,"test/K16/exact_match_acc":1,"train/exact_match_acc":0.998779296875,"train/token_acc":0.9999237060546875,"train/K_mean":16,"iter":39751,"test/K16/pos_abs_err_mean":0,"test/K16/pos_abs_err_sum":0,"lr":1.009735322838044e-06,"_wandb":{"runtime":375}}