{"train/K_mean":16,"test/K16/pos_abs_err_mean":0,"test/K16/loss":4.48875107394997e-06,"lr":1.009735322838044e-06,"_timestamp":1.773237961776582e+09,"train/K_min":16,"test/K16/token_acc":1,"test/K16/tf_token_acc":1,"iters_done":40000,"_runtime":555.526478829,"train/K_max":16,"train/token_acc":0.9999847412109375,"_wandb":{"runtime":555},"train/exact_match_acc":0.999755859375,"iter":39751,"train/loss":3.272125104558654e-05,"test/K16/pos_abs_err_sum":0,"test/K16/exact_match_acc":1,"_step":39751}