{"test/K32/pos_abs_err_sum":2553,"_wandb":{"runtime":526},"_step":39751,"lr":1.009735322838044e-06,"iter":39751,"test/K32/loss":1.2567691802978516,"train/exact_match_acc":0,"test/K32/tf_token_acc":0.563125,"_timestamp":1.773165514200141e+09,"train/token_acc":0.5582046508789062,"train/K_min":32,"_runtime":526.762176145,"test/K32/pos_abs_err_mean":0.7978125,"train/K_max":32,"train/loss":1.2509130239486694,"test/K32/token_acc":0.563125,"test/K32/exact_match_acc":0,"iters_done":40000,"train/K_mean":32}