{"test/K16/loss":0.18742048740386963,"_runtime":205.320423238,"test/K16/exact_match_acc":0.58,"test/K16/pos_abs_err_mean":0.12,"iters_done":40000,"train/K_min":16,"_step":39751,"_wandb":{"runtime":205},"train/K_mean":16,"test/K16/pos_abs_err_sum":192,"train/loss":0.15449169278144836,"lr":1.009735322838044e-06,"iter":39751,"train/K_max":16,"test/K16/token_acc":0.965,"_timestamp":1.7732522280521173e+09,"train/exact_match_acc":0.627197265625,"train/token_acc":0.9710540771484375,"test/K16/tf_token_acc":0.965}