{"_timestamp":1.773173086681556e+09,"_step":39751,"test/K32/token_acc":1,"train/K_max":32,"test/K32/tf_token_acc":1,"train/K_min":32,"train/exact_match_acc":0.990234375,"train/loss":0.001852109795436263,"train/K_mean":32,"test/K32/pos_abs_err_mean":0,"lr":1.009735322838044e-06,"_wandb":{"runtime":791},"train/token_acc":0.99969482421875,"_runtime":791.965160881,"iter":39751,"iters_done":40000,"test/K32/pos_abs_err_sum":0,"test/K32/exact_match_acc":1,"test/K32/loss":0.00034668008447624743}