{"_step":39751,"test/K32/token_acc":0.7621875,"_wandb":{"runtime":745},"test/K32/pos_abs_err_mean":0.71875,"test/K32/exact_match_acc":0,"test/K32/tf_token_acc":0.7621875,"train/K_min":32,"train/token_acc":0.7608489990234375,"train/loss":0.6821199655532837,"test/K32/pos_abs_err_sum":2300,"train/K_mean":32,"lr":1.009735322838044e-06,"iter":39751,"train/K_max":32,"train/exact_match_acc":0,"_runtime":745.581012314,"iters_done":40000,"test/K32/loss":0.6885348558425903,"_timestamp":1.7732631627169166e+09}