{"_runtime":1184.227072838,"test/K32/token_acc":0.2215625,"_wandb":{"runtime":1184},"train/token_acc":0.229522705078125,"iter":39751,"test/K32/pos_abs_err_sum":13756,"train/K_min":32,"test/K32/loss":2.4138338565826416,"test/K32/exact_match_acc":0,"_step":39751,"iters_done":40000,"train/K_mean":32,"train/K_max":32,"lr":1.009735322838044e-06,"train/exact_match_acc":0,"train/loss":2.437225341796875,"_timestamp":1.7732724674859438e+09,"test/K32/tf_token_acc":0.2215625,"test/K32/pos_abs_err_mean":4.29875}