{"test/K32/tf_token_acc":0.4834375,"test/K32/loss":1.4187111854553223,"_wandb":{"runtime":414},"train/K_mean":32,"train/K_max":32,"test/K32/token_acc":0.4834375,"test/K32/pos_abs_err_mean":0.89125,"train/loss":1.4157252311706543,"train/token_acc":0.4844512939453125,"_step":39751,"iters_done":40000,"_runtime":414.918428639,"lr":1.009735322838044e-06,"iter":39751,"train/exact_match_acc":0,"test/K32/exact_match_acc":0,"_timestamp":1.773163054394701e+09,"test/K32/pos_abs_err_sum":2852,"train/K_min":32}