{"_timestamp":1.7730941718858314e+09,"test/K16/pos_abs_err_sum":1681,"train/K_max":16,"test/K16/loss":1.0395536422729492,"_runtime":166.688518752,"_wandb":{"runtime":166},"iter":39751,"lr":1.009735322838044e-06,"train/token_acc":0.69366455078125,"train/loss":0.9764887690544128,"test/K16/tf_token_acc":0.00125,"iters_done":40000,"train/K_min":16,"train/exact_match_acc":0,"test/K16/exact_match_acc":0,"train/K_mean":16,"test/K16/pos_abs_err_mean":1.050625,"_step":39751,"test/K16/token_acc":0.68125}