{"train/K_mean":32,"test/K32/loss":0.0020223299507051706,"train/token_acc":0.9990997314453125,"test/K32/tf_token_acc":0.9996875,"_step":39751,"lr":1.009735322838044e-06,"iters_done":40000,"_wandb":{"runtime":832},"test/K32/exact_match_acc":0.99,"train/K_min":32,"_timestamp":1.773165240108214e+09,"test/K32/token_acc":0.9996875,"test/K32/pos_abs_err_sum":5,"_runtime":832.663024084,"iter":39751,"train/loss":0.0024958038702607155,"train/K_max":32,"test/K32/pos_abs_err_mean":0.0015625,"train/exact_match_acc":0.97119140625}