{"test/K32/exact_match_acc":0,"test/K32/pos_abs_err_sum":3118,"test/K32/tf_token_acc":0.6815625,"test/K32/pos_abs_err_mean":0.974375,"iters_done":40000,"train/K_mean":32,"_step":39751,"train/token_acc":0.6927108764648438,"train/K_max":32,"test/K32/loss":0.8991943597793579,"train/loss":0.8911252021789551,"iter":39751,"lr":1.009735322838044e-06,"_wandb":{"runtime":749},"train/K_min":32,"_timestamp":1.7732642508757315e+09,"train/exact_match_acc":0,"test/K32/token_acc":0.6815625,"_runtime":749.160914811}