{"train/token_acc":0.5582046508789062,"_runtime":525.279915613,"train/K_min":32,"_timestamp":1.7731656205964644e+09,"train/loss":1.2509130239486694,"test/K32/pos_abs_err_sum":2553,"train/exact_match_acc":0,"lr":1.009735322838044e-06,"train/K_max":32,"test/K32/exact_match_acc":0,"iters_done":40000,"test/K32/tf_token_acc":0.563125,"test/K32/pos_abs_err_mean":0.7978125,"_wandb":{"runtime":525},"test/K32/loss":1.2567691802978516,"iter":39751,"test/K32/token_acc":0.563125,"_step":39751,"train/K_mean":32}