{"test/K16/loss":0.07898678630590439,"_step":39751,"test/K16/pos_abs_err_sum":249,"_runtime":272.80811532,"test/K16/tf_token_acc":0,"iter":39751,"test/K16/pos_abs_err_mean":0.155625,"lr":1.009735322838044e-06,"train/K_min":16,"train/K_max":16,"test/K16/token_acc":0.98875,"_timestamp":1.7730945422460327e+09,"iters_done":40000,"train/loss":0.08911660313606262,"_wandb":{"runtime":272},"train/token_acc":0.9857330322265625,"test/K16/exact_match_acc":0.82,"train/exact_match_acc":0.77978515625,"train/K_mean":16}