{"test/K32/exact_match_acc":0.99,"_step":39751,"train/K_mean":32,"_timestamp":1.7732606053606584e+09,"test/K32/pos_abs_err_sum":5,"lr":1.009735322838044e-06,"_wandb":{"runtime":856},"test/K32/pos_abs_err_mean":0.0015625,"iters_done":40000,"train/token_acc":0.9998321533203125,"train/loss":0.0005950960330665112,"_runtime":856.726123517,"iter":39751,"train/exact_match_acc":0.99462890625,"train/K_min":32,"test/K32/token_acc":0.9996875,"test/K32/loss":0.0006281916867010295,"train/K_max":32,"test/K32/tf_token_acc":0.9996875}