{"lr":1.009735322838044e-06,"iters_done":40000,"train/exact_match_acc":0.988525390625,"_step":39751,"train/token_acc":0.9992828369140625,"_runtime":474.816700316,"train/K_min":16,"train/K_mean":16,"test/K16/token_acc":0.999375,"test/K16/exact_match_acc":0.99,"_wandb":{"runtime":474},"test/K16/loss":0.0017034300835803151,"test/K16/pos_abs_err_sum":1,"train/loss":0.0024248394183814526,"_timestamp":1.7732566430527472e+09,"test/K16/pos_abs_err_mean":0.000625,"test/K16/tf_token_acc":0.999375,"iter":39751,"train/K_max":16}