{"train/loss":0.0028855851851403713,"train/token_acc":0.9999542236328125,"test/K16/pos_abs_err_mean":0,"_runtime":206.68698949,"lr":1.009735322838044e-06,"test/K16/token_acc":1,"_step":39751,"_timestamp":1.7732549855083814e+09,"test/K16/loss":0.00019417740986682475,"train/exact_match_acc":0.999267578125,"iter":39751,"train/K_min":16,"train/K_mean":16,"test/K16/exact_match_acc":1,"test/K16/pos_abs_err_sum":0,"test/K16/tf_token_acc":1,"_wandb":{"runtime":206},"train/K_max":16,"iters_done":40000}