{"_runtime":777.987577673,"train/K_mean":32,"train/token_acc":0.17201995849609375,"test/K32/exact_match_acc":0,"test/K32/loss":2.6470260620117188,"_wandb":{"runtime":777},"lr":1.009735322838044e-06,"iter":39751,"_timestamp":1.77317388372284e+09,"test/K32/token_acc":0.17,"test/K32/tf_token_acc":0.17,"test/K32/pos_abs_err_mean":4.5346875,"train/K_min":32,"train/K_max":32,"_step":39751,"train/loss":2.6668710708618164,"train/exact_match_acc":0,"test/K32/pos_abs_err_sum":14511,"iters_done":40000}