{"iter":39751,"test/K32/tf_token_acc":0.4734375,"_wandb":{"runtime":418},"train/token_acc":0.47176361083984375,"lr":1.009735322838044e-06,"iters_done":40000,"test/K32/exact_match_acc":0,"test/K32/loss":1.5291082859039307,"train/loss":1.5130624771118164,"train/K_min":32,"_runtime":418.963852708,"test/K32/token_acc":0.4734375,"train/K_max":32,"train/exact_match_acc":0,"test/K32/pos_abs_err_sum":3162,"train/K_mean":32,"test/K32/pos_abs_err_mean":0.988125,"_timestamp":1.7731655456016831e+09,"_step":39751}