{"train/exact_match_acc":0,"train/K_max":32,"test/K32/tf_token_acc":0.518125,"train/token_acc":0.52935791015625,"train/K_mean":32,"_wandb":{"runtime":526},"iters_done":40000,"test/K32/exact_match_acc":0,"test/K32/pos_abs_err_mean":0.850625,"test/K32/token_acc":0.518125,"test/K32/loss":1.334000825881958,"train/K_min":32,"_runtime":526.226018266,"_timestamp":1.773164953432257e+09,"iter":39751,"test/K32/pos_abs_err_sum":2722,"train/loss":1.340219497680664,"_step":39751,"lr":1.009735322838044e-06}