{"train/K_min":16,"test/K16/loss":4.8144906941161025e-06,"test/K16/token_acc":1,"_timestamp":1.7732695515131004e+09,"train/exact_match_acc":1,"test/K16/pos_abs_err_sum":0,"test/K16/tf_token_acc":1,"train/token_acc":1,"train/loss":4.844752766075544e-06,"iter":39751,"train/K_max":16,"_runtime":549.70914322,"test/K16/pos_abs_err_mean":0,"_wandb":{"runtime":549},"_step":39751,"lr":1.009735322838044e-06,"iters_done":40000,"train/K_mean":16,"test/K16/exact_match_acc":1}