{"train/K_max":16,"iter":39751,"iters_done":40000,"test/K16/exact_match_acc":1,"test/K16/pos_abs_err_mean":0,"test/K16/pos_abs_err_sum":0,"test/K16/tf_token_acc":1,"train/exact_match_acc":1,"train/loss":2.8243994165677577e-07,"train/K_mean":16,"_runtime":515.744410458,"train/K_min":16,"lr":1.009735322838044e-06,"_step":39751,"_timestamp":1.773203694736268e+09,"test/K16/loss":2.6658176466298755e-07,"test/K16/token_acc":1,"train/token_acc":1,"_wandb":{"runtime":515}}