{"test/K32/exact_match_acc":1,"test/K32/token_acc":1,"train/exact_match_acc":1,"train/K_max":32,"test/K32/loss":3.4787506137945456e-06,"test/K32/tf_token_acc":1,"train/token_acc":1,"test/K32/pos_abs_err_sum":0,"iters_done":40000,"_runtime":704.157341655,"lr":1.009735322838044e-06,"test/K32/pos_abs_err_mean":0,"_timestamp":1.773206781969853e+09,"train/K_mean":32,"train/loss":3.6185310818837024e-06,"_wandb":{"runtime":704},"train/K_min":32,"_step":39751,"iter":39751}