{"test/K16/tf_token_acc":1,"train/K_mean":16,"train/token_acc":0.9999237060546875,"lr":1.009735322838044e-06,"iters_done":40000,"train/loss":0.00029852919396944344,"_timestamp":1.7731702454862025e+09,"test/K16/token_acc":1,"train/K_min":16,"train/K_max":16,"test/K16/exact_match_acc":1,"_wandb":{"runtime":398},"test/K16/pos_abs_err_sum":0,"iter":39751,"test/K16/pos_abs_err_mean":0,"_step":39751,"_runtime":398.940293617,"train/exact_match_acc":0.998779296875,"test/K16/loss":5.1373317546676844e-05}