{"_step":0,"train_loss":4.859897613525391,"test_loss":4.859901428222656,"x":{"_type":"histogram","values":[4,2,0,2,2,2,2,4,0,2,0,4,4,0,4,0,0,0,0,2,2,2,4,2,0,2,4,0,6,4,4,1],"bins":[18,21.4375,24.875,28.3125,31.75,35.1875,38.625,42.0625,45.5,48.9375,52.375,55.8125,59.25,62.6875,66.125,69.5625,73,76.4375,79.875,83.3125,86.75,90.1875,93.625,97.0625,100.5,103.9375,107.375,110.8125,114.25,117.6875,121.125,124.5625,128]},"_timestamp":1.7673973514806592e+09,"_wandb":{"runtime":3},"_runtime":3}