{"test/K16/pos_abs_err_sum":107,"iter":39751,"lr":1.009735322838044e-06,"test/K16/loss":0.0626070573925972,"train/K_mean":16,"_timestamp":1.7730944217486491e+09,"test/K16/exact_match_acc":0.74,"iters_done":40000,"train/token_acc":0.9825592041015625,"test/K16/token_acc":0.9825,"_wandb":{"runtime":366},"train/exact_match_acc":0.740478515625,"test/K16/tf_token_acc":0.004375,"train/K_min":16,"test/K16/pos_abs_err_mean":0.066875,"train/loss":0.06871555745601654,"train/K_max":16,"_runtime":366.09856662,"_step":39751}