{"_wandb":{"runtime":1530},"test/K32/loss":3.819204721366987e-06,"test/K32/pos_abs_err_sum":0,"_timestamp":1.773177718412468e+09,"test/K32/token_acc":1,"_step":39751,"lr":1.009735322838044e-06,"train/K_max":32,"iters_done":40000,"train/loss":2.0025181584060192e-05,"test/K32/tf_token_acc":1,"test/K32/pos_abs_err_mean":0,"train/K_mean":32,"test/K32/exact_match_acc":1,"train/token_acc":0.9999923706054688,"iter":39751,"train/K_min":32,"train/exact_match_acc":0.999755859375,"_runtime":1530.52299159}