{"test/K32/token_acc":1,"train/K_max":32,"_timestamp":1.7732159506519947e+09,"train/exact_match_acc":1,"test/K32/loss":2.3614614974576398e-07,"test/K32/exact_match_acc":1,"train/loss":3.452796590863727e-07,"test/K32/pos_abs_err_sum":0,"train/token_acc":1,"_step":39751,"test/K32/pos_abs_err_mean":0,"iters_done":40000,"iter":39751,"test/K32/tf_token_acc":1,"_wandb":{"runtime":500},"lr":1.009735322838044e-06,"_runtime":500.250458547,"train/K_mean":32,"train/K_min":32}