{"train/K_mean":32,"train/loss":0.7142300605773926,"_runtime":525.69815312,"iters_done":40000,"test/K32/tf_token_acc":0.7446875,"train/token_acc":0.7495574951171875,"test/K32/exact_match_acc":0,"test/K32/loss":0.7092387676239014,"train/K_min":32,"_step":39751,"train/exact_match_acc":0,"_wandb":{"runtime":525},"_timestamp":1.7732553960360394e+09,"train/K_max":32,"test/K32/token_acc":0.7446875,"test/K32/pos_abs_err_sum":1449,"iter":39751,"test/K32/pos_abs_err_mean":0.4528125,"lr":1.009735322838044e-06}