{"iters_done":40000,"_wandb":{"runtime":1224},"_runtime":1224.052408058,"train/exact_match_acc":1,"test/K32/tf_token_acc":1,"test/K32/exact_match_acc":1,"train/K_mean":32,"iter":39751,"test/K32/token_acc":1,"test/K32/pos_abs_err_mean":0,"train/token_acc":1,"_step":39751,"train/K_max":32,"train/K_min":32,"_timestamp":1.7732218489803045e+09,"test/K32/loss":1.1594966053962708e-06,"train/loss":1.0735620890045539e-06,"lr":1.009735322838044e-06,"test/K32/pos_abs_err_sum":0}