{"train/K_mean":16,"_step":39751,"_runtime":310.570914988,"test/K16/tf_token_acc":0.99625,"test/K16/pos_abs_err_sum":66,"train/exact_match_acc":0.948486328125,"_wandb":{"runtime":310},"train/loss":0.013966978527605534,"lr":1.009735322838044e-06,"train/token_acc":0.9967803955078125,"iter":39751,"train/K_max":16,"_timestamp":1.7731641778678117e+09,"test/K16/pos_abs_err_mean":0.04125,"test/K16/exact_match_acc":0.94,"test/K16/token_acc":0.99625,"train/K_min":16,"test/K16/loss":0.023802900686860085,"iters_done":40000}