{"test/K32/pos_abs_err_sum":72,"train/K_mean":32,"test/K32/exact_match_acc":0.98,"_wandb":{"runtime":792},"_step":39751,"train/token_acc":0.999664306640625,"iters_done":40000,"_timestamp":1.773173279218312e+09,"test/K32/token_acc":0.999375,"test/K32/pos_abs_err_mean":0.0225,"lr":1.009735322838044e-06,"train/exact_match_acc":0.9892578125,"train/K_min":32,"test/K32/loss":0.005551047157496214,"test/K32/tf_token_acc":0.999375,"iter":39751,"train/loss":0.0014845572877675295,"train/K_max":32,"_runtime":792.678674212}