{"_step":39751,"iters_done":40000,"train/K_min":32,"test/K32/pos_abs_err_sum":0,"iter":39751,"train/token_acc":0.9999771118164062,"test/K32/token_acc":1,"train/K_max":32,"_timestamp":1.7732082570485327e+09,"train/K_mean":32,"test/K32/exact_match_acc":1,"train/exact_match_acc":0.999267578125,"lr":1.009735322838044e-06,"test/K32/loss":2.8279050638957415e-06,"test/K32/tf_token_acc":1,"train/loss":4.778462607646361e-05,"_wandb":{"runtime":704},"test/K32/pos_abs_err_mean":0,"_runtime":704.371932708}