{"iters_done":40000,"iter":39751,"train/token_acc":1,"test/K32/exact_match_acc":1,"train/K_min":32,"test/K32/tf_token_acc":1,"_runtime":2340.841611032,"test/K32/pos_abs_err_mean":0,"lr":1.009735322838044e-06,"_wandb":{"runtime":2340},"test/K32/loss":5.4053963083333656e-08,"test/K32/pos_abs_err_sum":0,"train/exact_match_acc":1,"train/loss":5.863148544449359e-08,"_timestamp":1.7732703558761976e+09,"train/K_max":32,"test/K32/token_acc":1,"train/K_mean":32,"_step":39751}