{"train/token_acc":0.873687744140625,"test/K16/pos_abs_err_mean":1.65125,"_wandb":{"runtime":431},"_step":39751,"lr":1.009735322838044e-06,"train/K_mean":16,"train/K_min":16,"test/K16/pos_abs_err_sum":2642,"iters_done":40000,"test/K16/loss":0.5143441557884216,"test/K16/exact_match_acc":0,"test/K16/token_acc":0.873125,"train/exact_match_acc":0.000244140625,"_timestamp":1.7731754384192743e+09,"_runtime":431.254242163,"iter":39751,"test/K16/tf_token_acc":0.873125,"train/loss":0.5258926749229431,"train/K_max":16}