{"test/K16/exact_match_acc":0.98,"_runtime":315.553380064,"_timestamp":1.773266480547023e+09,"iter":39751,"iters_done":40000,"test/K16/pos_abs_err_sum":5,"test/K16/tf_token_acc":0.99875,"train/exact_match_acc":0.955322265625,"test/K16/loss":0.007857847027480602,"test/K16/token_acc":0.99875,"_wandb":{"runtime":315},"lr":1.009735322838044e-06,"train/token_acc":0.99713134765625,"train/K_max":16,"_step":39751,"train/K_min":16,"train/K_mean":16,"test/K16/pos_abs_err_mean":0.003125,"train/loss":0.016250966116786003}