{"test/K16/pos_abs_err_mean":0,"iters_done":40000,"train/exact_match_acc":0.998046875,"test/K16/loss":0.00011458769586170092,"train/loss":0.0006295146304182708,"train/K_mean":16,"test/K16/token_acc":1,"train/token_acc":0.9998779296875,"lr":1.009735322838044e-06,"_timestamp":1.773172455459305e+09,"_step":39751,"iter":39751,"_runtime":419.925975197,"test/K16/exact_match_acc":1,"test/K16/tf_token_acc":1,"_wandb":{"runtime":419},"train/K_max":16,"test/K16/pos_abs_err_sum":0,"train/K_min":16}