{"iter":39751,"train/token_acc":0.9825592041015625,"lr":1.009735322838044e-06,"train/K_mean":16,"test/K16/pos_abs_err_mean":0.066875,"train/loss":0.06871555745601654,"test/K16/exact_match_acc":0.74,"_runtime":362.461356433,"train/K_max":16,"test/K16/tf_token_acc":0.9825,"_step":39751,"test/K16/token_acc":0.9825,"test/K16/pos_abs_err_sum":107,"train/exact_match_acc":0.740478515625,"_timestamp":1.7731620713253384e+09,"iters_done":40000,"_wandb":{"runtime":362},"train/K_min":16,"test/K16/loss":0.0626070573925972}