{"_wandb":{"runtime":447},"test/K16/pos_abs_err_sum":0,"train/exact_match_acc":1,"train/token_acc":1,"_runtime":447.390214166,"train/K_max":16,"_timestamp":1.7732205784708588e+09,"test/K16/pos_abs_err_mean":0,"test/K16/loss":1.946747215697542e-05,"iters_done":40000,"iter":39751,"train/K_mean":16,"train/K_min":16,"lr":1.009735322838044e-06,"test/K16/tf_token_acc":1,"_step":39751,"test/K16/exact_match_acc":1,"test/K16/token_acc":1,"train/loss":1.6712252545403317e-05}