{"_runtime":703.774032577,"train/token_acc":1,"_step":39751,"test/K32/pos_abs_err_sum":0,"test/K32/loss":1.9411743323871633e-06,"train/exact_match_acc":1,"iter":39751,"test/K32/token_acc":1,"train/K_max":32,"test/K32/pos_abs_err_mean":0,"test/K32/tf_token_acc":1,"test/K32/exact_match_acc":1,"train/loss":2.290425982209854e-06,"train/K_mean":32,"_timestamp":1.7732096387168741e+09,"_wandb":{"runtime":703},"train/K_min":32,"lr":1.009735322838044e-06,"iters_done":40000}