{"_wandb":{"runtime":375},"_step":39751,"iter":39751,"test/K16/exact_match_acc":1,"test/K16/loss":3.163315341225825e-05,"train/loss":0.0003107653756160289,"iters_done":40000,"train/K_mean":16,"train/token_acc":0.9999847412109375,"train/K_max":16,"test/K16/pos_abs_err_sum":0,"test/K16/pos_abs_err_mean":0,"_timestamp":1.7732269904086256e+09,"train/exact_match_acc":0.999755859375,"_runtime":375.856887541,"test/K16/token_acc":1,"test/K16/tf_token_acc":1,"lr":1.009735322838044e-06,"train/K_min":16}