{"train/K_max":32,"test/K32/loss":0.001014223787933588,"_timestamp":1.7732517942784681e+09,"iters_done":40000,"test/K32/tf_token_acc":0.9996875,"train/K_mean":32,"train/exact_match_acc":0.988037109375,"_step":39751,"iter":39751,"_wandb":{"runtime":1075},"test/K32/exact_match_acc":0.99,"train/token_acc":0.9996261596679688,"_runtime":1075.776128407,"lr":1.009735322838044e-06,"test/K32/pos_abs_err_sum":2,"test/K32/token_acc":0.9996875,"train/K_min":32,"test/K32/pos_abs_err_mean":0.000625,"train/loss":0.0030841249972581863}