{"_timestamp":1.773266064388904e+09,"test/K16/exact_match_acc":0.98,"lr":1.009735322838044e-06,"test/K16/pos_abs_err_sum":12,"test/K16/tf_token_acc":0.99875,"train/loss":0.009907697327435017,"test/K16/token_acc":0.99875,"train/K_min":16,"iters_done":40000,"train/token_acc":0.998443603515625,"_runtime":316.230523661,"train/exact_match_acc":0.97509765625,"test/K16/pos_abs_err_mean":0.0075,"_step":39751,"iter":39751,"_wandb":{"runtime":316},"train/K_mean":16,"train/K_max":16,"test/K16/loss":0.005762126296758652}