{"train/exact_match_acc":0,"train/K_min":16,"test/K16/tf_token_acc":0.004375,"train/token_acc":0.655487060546875,"test/K16/pos_abs_err_sum":1865,"iter":39751,"train/K_max":16,"_wandb":{"runtime":272},"_step":39751,"lr":1.009735322838044e-06,"test/K16/token_acc":0.655625,"test/K16/pos_abs_err_mean":1.165625,"train/K_mean":16,"test/K16/exact_match_acc":0,"_timestamp":1.7730942853515048e+09,"train/loss":1.19051992893219,"test/K16/loss":1.2079027891159058,"iters_done":40000,"_runtime":272.969441056}