{"test/K32/token_acc":0.97,"train/K_min":32,"train/K_max":32,"train/exact_match_acc":0.234130859375,"test/K32/tf_token_acc":0.97,"_runtime":562.108406764,"test/K32/pos_abs_err_mean":0.0621875,"_step":39751,"train/K_mean":32,"test/K32/pos_abs_err_sum":199,"_wandb":{"runtime":562},"test/K32/exact_match_acc":0.26,"iters_done":40000,"_timestamp":1.7732532519477572e+09,"iter":39751,"test/K32/loss":0.04615608602762222,"train/token_acc":0.968170166015625,"lr":1.009735322838044e-06,"train/loss":0.04676567390561104}