{"train/token_acc":0.9999847412109375,"train/K_max":16,"train/K_mean":16,"lr":1.009735322838044e-06,"test/K16/pos_abs_err_sum":0,"_timestamp":1.773254968435896e+09,"test/K16/pos_abs_err_mean":0,"train/loss":0.00020578331896103919,"test/K16/loss":6.410703008441487e-06,"_step":39751,"iter":39751,"test/K16/tf_token_acc":1,"test/K16/token_acc":1,"_runtime":437.915329721,"train/K_min":16,"train/exact_match_acc":0.999755859375,"test/K16/exact_match_acc":1,"iters_done":40000,"_wandb":{"runtime":437}}