{"train/K_mean":16,"_step":39751,"test/K16/pos_abs_err_mean":0,"_runtime":348.670179028,"lr":1.009735322838044e-06,"train/loss":0.008154782466590405,"test/K16/pos_abs_err_sum":0,"_timestamp":1.7731662053945003e+09,"test/K16/exact_match_acc":1,"train/exact_match_acc":0.978759765625,"_wandb":{"runtime":348},"test/K16/tf_token_acc":1,"train/K_min":16,"train/token_acc":0.9986724853515625,"iter":39751,"test/K16/loss":0.0009066087077371776,"test/K16/token_acc":1,"iters_done":40000,"train/K_max":16}