{"_step":39751,"train/K_min":16,"test/K16/token_acc":1,"train/K_max":16,"test/K16/tf_token_acc":1,"train/token_acc":0.9997711181640625,"test/K16/pos_abs_err_sum":0,"test/K16/loss":0.00016036868328228593,"iters_done":40000,"_timestamp":1.773257572349359e+09,"test/K16/pos_abs_err_mean":0,"test/K16/exact_match_acc":1,"train/exact_match_acc":0.996337890625,"iter":39751,"_runtime":473.935206975,"train/loss":0.0010134719777852297,"lr":1.009735322838044e-06,"_wandb":{"runtime":473},"train/K_mean":16}