{"train/loss":1.0175162969972007e-06,"test/K32/loss":2.9250978172967734e-07,"train/token_acc":1,"lr":1.009735322838044e-06,"_timestamp":1.7732142395239534e+09,"train/K_max":32,"train/K_min":32,"test/K32/tf_token_acc":1,"_step":39751,"train/exact_match_acc":1,"train/K_mean":32,"_runtime":500.487166681,"iter":39751,"_wandb":{"runtime":500},"test/K32/token_acc":1,"test/K32/pos_abs_err_sum":0,"test/K32/exact_match_acc":1,"iters_done":40000,"test/K32/pos_abs_err_mean":0}