{"iter":39751,"test/K32/exact_match_acc":1,"test/K32/token_acc":1,"train/token_acc":0.9999847412109375,"test/K32/pos_abs_err_mean":0,"lr":1.009735322838044e-06,"test/K32/pos_abs_err_sum":0,"_step":39751,"_runtime":499.767977102,"_timestamp":1.77320892278037e+09,"train/loss":0.00014320194895844907,"train/K_min":32,"test/K32/loss":5.525563028641045e-05,"_wandb":{"runtime":499},"train/exact_match_acc":0.99951171875,"test/K32/tf_token_acc":1,"iters_done":40000,"train/K_mean":32,"train/K_max":32}