{"train/token_acc":0.17174530029296875,"test/K32/loss":2.56581449508667,"_wandb":{"runtime":1182},"iter":39751,"test/K32/pos_abs_err_mean":4.4621875,"train/K_max":32,"_step":39751,"_runtime":1182.696764804,"train/loss":2.5607447624206543,"_timestamp":1.773176653639496e+09,"train/K_mean":32,"test/K32/tf_token_acc":0.17,"iters_done":40000,"test/K32/token_acc":0.17,"test/K32/pos_abs_err_sum":14279,"train/exact_match_acc":0,"lr":1.009735322838044e-06,"train/K_min":32,"test/K32/exact_match_acc":0}