{"test/K32/loss":1.3709951639175415,"train/token_acc":0.548553466796875,"iter":39751,"train/exact_match_acc":0,"_wandb":{"runtime":441},"_timestamp":1.7732608566238422e+09,"test/K32/tf_token_acc":0.530625,"test/K32/exact_match_acc":0,"lr":1.009735322838044e-06,"train/K_min":32,"_step":39751,"train/K_max":32,"test/K32/token_acc":0.530625,"_runtime":441.641864217,"test/K32/pos_abs_err_mean":1.5215625,"train/K_mean":32,"train/loss":1.3486299514770508,"test/K32/pos_abs_err_sum":4869,"iters_done":40000}