{"lr":1.009735322838044e-06,"test/K32/pos_abs_err_sum":22,"iter":39751,"test/K32/token_acc":0.99875,"test/K32/pos_abs_err_mean":0.006875,"_timestamp":1.7731740199621902e+09,"test/K32/tf_token_acc":0.99875,"_step":39751,"train/exact_match_acc":0.962890625,"train/loss":0.004308510106056929,"test/K32/exact_match_acc":0.96,"train/token_acc":0.9988327026367188,"train/K_max":32,"test/K32/loss":0.004362965002655983,"_runtime":1086.107711436,"train/K_min":32,"iters_done":40000,"train/K_mean":32,"_wandb":{"runtime":1086}}