{"test/K16/pos_abs_err_mean":0.000625,"train/K_min":16,"train/token_acc":0.999847412109375,"_runtime":187.048084726,"train/exact_match_acc":0.99755859375,"test/K16/loss":0.0013360487064346671,"_timestamp":1.7732054862599921e+09,"test/K16/exact_match_acc":0.99,"iters_done":40000,"test/K16/token_acc":0.999375,"train/K_mean":16,"test/K16/tf_token_acc":0.999375,"_wandb":{"runtime":187},"train/K_max":16,"train/loss":0.0009068998624570668,"_step":39751,"iter":39751,"lr":1.009735322838044e-06,"test/K16/pos_abs_err_sum":1}