{"iters_done":40000,"train/K_min":32,"train/token_acc":0.738128662109375,"test/K32/tf_token_acc":0.735,"lr":1.009735322838044e-06,"test/K32/pos_abs_err_sum":1641,"_step":39751,"test/K32/loss":0.7259110808372498,"train/exact_match_acc":0,"_runtime":357.521491237,"test/K32/exact_match_acc":0,"train/K_mean":32,"test/K32/pos_abs_err_mean":0.5128125,"_wandb":{"runtime":357},"_timestamp":1.7732536464562788e+09,"test/K32/token_acc":0.735,"train/K_max":32,"train/loss":0.7337402701377869,"iter":39751}