{"train/token_acc":0.9988174438476562,"_wandb":{"runtime":1085},"test/K32/pos_abs_err_sum":6,"train/exact_match_acc":0.96337890625,"test/K32/token_acc":0.999375,"iter":39751,"test/K32/pos_abs_err_mean":0.001875,"train/K_min":32,"test/K32/loss":0.005903767887502909,"lr":1.009735322838044e-06,"test/K32/exact_match_acc":0.98,"_runtime":1085.97678874,"train/loss":0.005829152651131153,"iters_done":40000,"_step":39751,"train/K_max":32,"_timestamp":1.773267697257723e+09,"train/K_mean":32,"test/K32/tf_token_acc":0.999375}