{"_wandb":{"runtime":1046},"test/K32/loss":3.202110519850976e-06,"lr":1.009735322838044e-06,"test/K32/pos_abs_err_sum":0,"_timestamp":1.7732552868221595e+09,"test/K32/tf_token_acc":1,"iter":39751,"train/loss":4.928589078190271e-06,"train/K_min":32,"_runtime":1046.287039356,"test/K32/token_acc":1,"test/K32/exact_match_acc":1,"iters_done":40000,"train/K_max":32,"_step":39751,"train/exact_match_acc":1,"test/K32/pos_abs_err_mean":0,"train/K_mean":32,"train/token_acc":1}