{"test/K32/loss":0.017212718725204468,"_timestamp":1.773260132961849e+09,"iter":39751,"test/K32/pos_abs_err_mean":0.031875,"train/K_max":32,"train/K_min":32,"train/token_acc":0.996612548828125,"test/K32/token_acc":0.9965625,"iters_done":40000,"test/K32/exact_match_acc":0.89,"_step":39751,"lr":1.009735322838044e-06,"train/K_mean":32,"train/loss":0.020162448287010193,"train/exact_match_acc":0.894287109375,"_runtime":442.387770796,"_wandb":{"runtime":442},"test/K32/pos_abs_err_sum":102,"test/K32/tf_token_acc":0.9965625}