{"train/K_max":32,"train/exact_match_acc":0,"train/K_min":32,"test/K32/pos_abs_err_mean":3.4834375,"test/K32/loss":1.6272512674331665,"test/K32/exact_match_acc":0,"test/K32/token_acc":0.5371875,"train/K_mean":32,"test/K32/pos_abs_err_sum":11147,"iter":39751,"iters_done":40000,"_runtime":823.250409004,"train/token_acc":0.5398712158203125,"_step":39751,"train/loss":1.626911997795105,"_wandb":{"runtime":823},"test/K32/tf_token_acc":0.5371875,"lr":1.009735322838044e-06,"_timestamp":1.773176147769409e+09}