{"test/K16/token_acc":1,"train/loss":1.258284282812383e-05,"train/K_max":16,"_timestamp":1.7731657054935906e+09,"lr":1.009735322838044e-06,"train/K_mean":16,"test/K16/tf_token_acc":1,"test/K16/pos_abs_err_sum":0,"train/exact_match_acc":1,"iter":39751,"test/K16/pos_abs_err_mean":0,"train/token_acc":1,"test/K16/exact_match_acc":1,"_runtime":474.118555542,"iters_done":40000,"train/K_min":16,"_step":39751,"test/K16/loss":5.6542457969044335e-06,"_wandb":{"runtime":474}}