{"train/loss":0.0011510074837133288,"test/K32/exact_match_acc":1,"train/K_mean":32,"_step":39751,"iters_done":40000,"lr":1.009735322838044e-06,"test/K32/pos_abs_err_sum":0,"iter":39751,"train/exact_match_acc":0.987548828125,"test/K32/pos_abs_err_mean":0,"test/K32/tf_token_acc":1,"test/K32/token_acc":1,"_runtime":833.425126359,"train/K_max":32,"_wandb":{"runtime":833},"_timestamp":1.7731653672470245e+09,"test/K32/loss":0.0006224470562301576,"train/K_min":32,"train/token_acc":0.9996109008789062}