{"_wandb":{"runtime":823},"iters_done":40000,"lr":1.009735322838044e-06,"test/K32/exact_match_acc":1,"train/K_mean":32,"_runtime":823.078525411,"train/K_min":32,"test/K32/token_acc":1,"test/K32/pos_abs_err_mean":0,"test/K32/pos_abs_err_sum":0,"test/K32/tf_token_acc":1,"_step":39751,"train/token_acc":0.9998550415039062,"test/K32/loss":0.0008044493151828647,"train/loss":0.0017416321206837893,"train/K_max":32,"iter":39751,"train/exact_match_acc":0.995361328125,"_timestamp":1.7732732228343313e+09}