{"iters_done":40000,"_step":39751,"test/K32/pos_abs_err_sum":717,"train/token_acc":0.8802261352539062,"_wandb":{"runtime":529},"train/K_mean":32,"test/K32/exact_match_acc":0,"train/exact_match_acc":0.001220703125,"test/K32/pos_abs_err_mean":0.2240625,"lr":1.009735322838044e-06,"_timestamp":1.7732559467324023e+09,"test/K32/token_acc":0.8821875,"_runtime":529.582423705,"iter":39751,"test/K32/tf_token_acc":0.8821875,"train/loss":0.33124449849128723,"train/K_min":32,"train/K_max":32,"test/K32/loss":0.32643699645996094}