{"train/K_mean":16,"test/K16/loss":1.1615455264291086e-07,"iters_done":40000,"train/token_acc":1,"lr":1.009735322838044e-06,"test/K16/pos_abs_err_mean":0,"_step":39751,"iter":39751,"test/K16/token_acc":1,"train/K_min":16,"_wandb":{"runtime":1221},"train/exact_match_acc":1,"test/K16/tf_token_acc":1,"train/K_max":16,"test/K16/pos_abs_err_sum":0,"train/loss":5.561196303460747e-08,"_timestamp":1.773259489161214e+09,"_runtime":1221.426326434,"test/K16/exact_match_acc":1}