{"_timestamp":1.7732523861893902e+09,"train/token_acc":0.9958038330078125,"test/K16/pos_abs_err_mean":0.02,"train/K_min":16,"_wandb":{"runtime":363},"train/K_mean":16,"test/K16/pos_abs_err_sum":32,"train/K_max":16,"test/K16/token_acc":0.99375,"_step":39751,"_runtime":363.550137211,"train/exact_match_acc":0.936279296875,"test/K16/loss":0.01975991204380989,"test/K16/exact_match_acc":0.91,"iters_done":40000,"lr":1.009735322838044e-06,"test/K16/tf_token_acc":0.99375,"train/loss":0.01500361692160368,"iter":39751}