{"_wandb":{"runtime":347},"_step":39751,"train/loss":0.004024492111057043,"test/K16/pos_abs_err_sum":13,"train/K_mean":16,"test/K16/token_acc":0.9975,"train/exact_match_acc":0.98486328125,"train/token_acc":0.999053955078125,"_timestamp":1.7732586110887878e+09,"_runtime":347.466826074,"lr":1.009735322838044e-06,"test/K16/tf_token_acc":0.9975,"iters_done":40000,"test/K16/pos_abs_err_mean":0.008125,"train/K_min":16,"train/K_max":16,"test/K16/exact_match_acc":0.96,"test/K16/loss":0.007654010783880949,"iter":39751}