{"train/exact_match_acc":1,"lr":1.009735322838044e-06,"train/token_acc":1,"test/K16/loss":3.92436959373299e-06,"train/K_min":16,"_timestamp":1.7732265199521937e+09,"iters_done":40000,"iter":39751,"test/K16/pos_abs_err_sum":0,"_runtime":566.879495853,"train/K_mean":16,"_step":39751,"test/K16/exact_match_acc":1,"_wandb":{"runtime":566},"train/K_max":16,"test/K16/pos_abs_err_mean":0,"test/K16/tf_token_acc":1,"train/loss":1.4781540812691674e-05,"test/K16/token_acc":1}