{"test/K32/pos_abs_err_sum":5,"train/loss":0.0011902968399226665,"test/K32/tf_token_acc":0.9996875,"iters_done":40000,"test/K32/token_acc":0.9996875,"train/K_mean":32,"train/exact_match_acc":0.994873046875,"lr":1.009735322838044e-06,"_runtime":735.530475799,"train/token_acc":0.9998397827148438,"_step":39751,"test/K32/pos_abs_err_mean":0.0015625,"_wandb":{"runtime":735},"test/K32/loss":0.002928017172962427,"iter":39751,"test/K32/exact_match_acc":0.99,"_timestamp":1.7732578294356468e+09,"train/K_min":32,"train/K_max":32}