{"test/K16/loss":0.00619931798428297,"test/K16/exact_match_acc":0.98,"iter":39751,"_timestamp":1.77316270576011e+09,"train/loss":0.004140742588788271,"_wandb":{"runtime":366},"test/K16/token_acc":0.99875,"test/K16/pos_abs_err_sum":6,"train/K_mean":16,"lr":1.009735322838044e-06,"train/exact_match_acc":0.982666015625,"_runtime":366.137898518,"test/K16/tf_token_acc":0.99875,"train/K_max":16,"train/K_min":16,"train/token_acc":0.9989166259765625,"iters_done":40000,"test/K16/pos_abs_err_mean":0.00375,"_step":39751}