{"train/K_min":32,"test/K32/pos_abs_err_sum":0,"train/exact_match_acc":1,"iters_done":40000,"test/K32/tf_token_acc":1,"_wandb":{"runtime":835},"_runtime":835.924725145,"test/K32/loss":5.783513188362122e-07,"test/K32/exact_match_acc":1,"lr":1.009735322838044e-06,"_timestamp":1.7732570234032836e+09,"test/K32/token_acc":1,"test/K32/pos_abs_err_mean":0,"train/loss":5.95670826442074e-07,"train/token_acc":1,"_step":39751,"train/K_mean":32,"iter":39751,"train/K_max":32}