{"train/loss":0.0002404289843980223,"train/exact_match_acc":0.999267578125,"_runtime":250.123826972,"lr":1.009735322838044e-06,"_wandb":{"runtime":250},"_step":39751,"train/token_acc":0.9999542236328125,"test/K16/tf_token_acc":1,"test/K16/pos_abs_err_sum":0,"test/K16/token_acc":1,"_timestamp":1.773204994244506e+09,"train/K_mean":16,"iters_done":40000,"test/K16/loss":0.0003012939414475113,"iter":39751,"train/K_min":16,"test/K16/exact_match_acc":1,"train/K_max":16,"test/K16/pos_abs_err_mean":0}