{"lr":1.009735322838044e-06,"_step":39751,"train/token_acc":0.99713134765625,"_timestamp":1.7732664423021572e+09,"test/K16/tf_token_acc":0.99875,"_runtime":315.919109779,"test/K16/pos_abs_err_mean":0.003125,"test/K16/loss":0.007857847027480602,"test/K16/token_acc":0.99875,"train/K_max":16,"train/K_mean":16,"iter":39751,"train/loss":0.016250966116786003,"test/K16/pos_abs_err_sum":5,"train/K_min":16,"test/K16/exact_match_acc":0.98,"iters_done":40000,"train/exact_match_acc":0.955322265625,"_wandb":{"runtime":315}}