{"_runtime":637.870329215,"train/K_max":16,"test/K16/pos_abs_err_mean":0,"train/K_mean":16,"train/loss":3.7729478208348155e-08,"train/exact_match_acc":1,"test/K16/exact_match_acc":1,"test/K16/pos_abs_err_sum":0,"test/K16/token_acc":1,"lr":1.009735322838044e-06,"test/K16/tf_token_acc":1,"iters_done":40000,"_step":39751,"train/K_min":16,"iter":39751,"_timestamp":1.773211294574307e+09,"test/K16/loss":1.6018748993928966e-08,"train/token_acc":1,"_wandb":{"runtime":637}}