{"train/K_min":32,"_timestamp":1.7732640808315544e+09,"_runtime":558.170954454,"_step":39751,"lr":1.009735322838044e-06,"train/exact_match_acc":0.001708984375,"iter":39751,"train/token_acc":0.9135894775390625,"train/loss":0.27963992953300476,"iters_done":40000,"test/K32/exact_match_acc":0.01,"train/K_mean":32,"_wandb":{"runtime":558},"test/K32/pos_abs_err_mean":0.295,"test/K32/tf_token_acc":0.916875,"test/K32/token_acc":0.916875,"test/K32/pos_abs_err_sum":944,"test/K32/loss":0.28992733359336853,"train/K_max":32}