{"train/loss":4.5677552407141775e-07,"train/K_mean":32,"test/K32/pos_abs_err_mean":0,"train/K_max":32,"test/K32/tf_token_acc":1,"train/exact_match_acc":1,"train/token_acc":1,"lr":1.009735322838044e-06,"test/K32/exact_match_acc":1,"train/K_min":32,"test/K32/loss":6.029382575434283e-07,"_step":39751,"_timestamp":1.7732176541519194e+09,"test/K32/pos_abs_err_sum":0,"iter":39751,"_runtime":499.380391804,"iters_done":40000,"_wandb":{"runtime":499},"test/K32/token_acc":1}