{"iter":39751,"test/K16/pos_abs_err_mean":0,"train/loss":5.561196303460747e-08,"train/K_max":16,"_wandb":{"runtime":1221},"test/K16/tf_token_acc":1,"_timestamp":1.7732594899623063e+09,"train/exact_match_acc":1,"lr":1.009735322838044e-06,"test/K16/loss":1.1615455264291086e-07,"train/K_min":16,"train/token_acc":1,"_step":39751,"test/K16/exact_match_acc":1,"train/K_mean":16,"_runtime":1221.371157036,"test/K16/token_acc":1,"iters_done":40000,"test/K16/pos_abs_err_sum":0}