{"_wandb":{"runtime":623},"test/K32/loss":0.7465291023254395,"train/loss":0.7375463843345642,"_step":39751,"train/token_acc":0.74542236328125,"test/K32/tf_token_acc":0.7459375,"test/K32/exact_match_acc":0,"train/exact_match_acc":0,"test/K32/pos_abs_err_mean":0.48625,"test/K32/pos_abs_err_sum":1556,"test/K32/token_acc":0.7459375,"iters_done":40000,"_runtime":623.601729719,"_timestamp":1.7731657346015167e+09,"train/K_min":32,"lr":1.009735322838044e-06,"train/K_max":32,"iter":39751,"train/K_mean":32}