{"_step":39751,"train/token_acc":0.999847412109375,"test/K16/pos_abs_err_sum":0,"train/exact_match_acc":0.99755859375,"train/loss":0.0004538354987744242,"train/K_max":16,"train/K_min":16,"lr":1.009735322838044e-06,"test/K16/token_acc":1,"train/K_mean":16,"iters_done":40000,"test/K16/tf_token_acc":1,"_wandb":{"runtime":439},"test/K16/pos_abs_err_mean":0,"test/K16/exact_match_acc":1,"_timestamp":1.7731642805024645e+09,"test/K16/loss":0.0006827296456322074,"_runtime":439.461835747,"iter":39751}