{"lr":1.009735322838044e-06,"test/K32/token_acc":1,"test/K32/exact_match_acc":1,"iter":39751,"train/K_min":32,"test/K32/tf_token_acc":1,"train/exact_match_acc":0.995361328125,"_wandb":{"runtime":710},"train/K_max":32,"_runtime":710.212149976,"test/K32/loss":0.0007724229944869876,"_timestamp":1.7732213639420366e+09,"_step":39751,"train/loss":0.000986555591225624,"test/K32/pos_abs_err_sum":0,"iters_done":40000,"test/K32/pos_abs_err_mean":0,"train/token_acc":0.999847412109375,"train/K_mean":32}