{"lr":1.009735322838044e-06,"test/K16/token_acc":0.9975,"train/K_max":16,"_step":39751,"_runtime":279.556960754,"train/token_acc":0.99786376953125,"train/K_min":16,"train/loss":0.013909135945141315,"test/K16/tf_token_acc":0.9975,"test/K16/pos_abs_err_sum":6,"_wandb":{"runtime":279},"iter":39751,"train/exact_match_acc":0.967529296875,"test/K16/pos_abs_err_mean":0.00375,"test/K16/loss":0.014464760199189186,"test/K16/exact_match_acc":0.96,"train/K_mean":16,"iters_done":40000,"_timestamp":1.773254820389757e+09}