{"iters_done":40000,"lr":1.009735322838044e-06,"train/token_acc":1,"iter":39751,"train/K_min":32,"_wandb":{"runtime":501},"test/K32/exact_match_acc":1,"_timestamp":1.7732159232149744e+09,"train/exact_match_acc":1,"test/K32/tf_token_acc":1,"test/K32/token_acc":1,"train/loss":3.452796590863727e-07,"test/K32/pos_abs_err_sum":0,"train/K_max":32,"test/K32/loss":2.3614614974576398e-07,"train/K_mean":32,"_runtime":501.019201434,"test/K32/pos_abs_err_mean":0,"_step":39751}