{"test/K32/token_acc":1,"test/K32/exact_match_acc":1,"train/exact_match_acc":1,"test/K32/tf_token_acc":1,"test/K32/pos_abs_err_mean":0,"_timestamp":1.7732175178423874e+09,"train/K_min":32,"_runtime":806.951722356,"lr":1.009735322838044e-06,"test/K32/loss":1.8179417082819782e-08,"train/K_max":32,"train/K_mean":32,"train/token_acc":1,"_wandb":{"runtime":806},"_step":39751,"train/loss":1.9746039470192045e-08,"iter":39751,"test/K32/pos_abs_err_sum":0,"iters_done":40000}