{"test/K32/pos_abs_err_sum":0,"test/K32/loss":1.7061829282738472e-08,"train/K_max":32,"test/K32/exact_match_acc":1,"train/exact_match_acc":1,"_runtime":1201.14107541,"test/K32/token_acc":1,"iters_done":40000,"test/K32/tf_token_acc":1,"train/K_mean":32,"lr":1.009735322838044e-06,"_timestamp":1.7732170603197389e+09,"train/loss":1.1737029126379639e-08,"_step":39751,"iter":39751,"train/K_min":32,"test/K32/pos_abs_err_mean":0,"_wandb":{"runtime":1201},"train/token_acc":1}