{"train/K_mean":32,"test/K32/pos_abs_err_sum":1,"iter":39751,"test/K32/tf_token_acc":0.9996875,"train/token_acc":0.9997177124023438,"test/K32/pos_abs_err_mean":0.0003125,"iters_done":40000,"train/K_max":32,"test/K32/exact_match_acc":0.99,"lr":1.009735322838044e-06,"test/K32/loss":0.0026544665452092886,"_wandb":{"runtime":834},"train/exact_match_acc":0.990966796875,"_runtime":834.172872458,"_timestamp":1.7731658141139386e+09,"test/K32/token_acc":0.9996875,"train/K_min":32,"_step":39751,"train/loss":0.0006298161461018026}