{"train/exact_match_acc":0.9990234375,"test/K16/token_acc":1,"iter":39751,"_wandb":{"runtime":580},"train/K_mean":16,"_runtime":580.355990843,"train/K_min":16,"iters_done":40000,"test/K16/pos_abs_err_mean":0,"_step":39751,"train/token_acc":0.99993896484375,"test/K16/loss":4.759751391247846e-05,"test/K16/pos_abs_err_sum":0,"test/K16/tf_token_acc":1,"_timestamp":1.7732664596735234e+09,"lr":1.009735322838044e-06,"train/K_max":16,"train/loss":0.00026142195565626025,"test/K16/exact_match_acc":1}