{"test/K32/pos_abs_err_mean":0.0478125,"_runtime":646.960906468,"train/loss":0.016437407582998276,"test/K32/tf_token_acc":0.9971875,"test/K32/exact_match_acc":0.91,"test/K32/token_acc":0.9971875,"_wandb":{"runtime":646},"train/K_min":32,"_timestamp":1.7731683118643858e+09,"train/exact_match_acc":0.916259765625,"test/K32/pos_abs_err_sum":153,"_step":39751,"iters_done":40000,"train/K_max":32,"test/K32/loss":0.02062840200960636,"train/token_acc":0.9973526000976562,"iter":39751,"lr":1.009735322838044e-06,"train/K_mean":32}