{"_timestamp":1.773163306196005e+09,"test/K32/tf_token_acc":0.9975,"test/K32/pos_abs_err_mean":0.0046875,"_wandb":{"runtime":720},"test/K32/loss":0.009526662528514862,"iter":39751,"_step":39751,"train/K_min":32,"train/token_acc":0.996673583984375,"test/K32/token_acc":0.9975,"test/K32/exact_match_acc":0.92,"iters_done":40000,"train/K_max":32,"test/K32/pos_abs_err_sum":15,"lr":1.009735322838044e-06,"train/exact_match_acc":0.89599609375,"train/loss":0.011475902982056141,"train/K_mean":32,"_runtime":720.777451296}