{"test/K32/loss":2.462640441081021e-05,"test/K32/token_acc":1,"train/token_acc":0.9999847412109375,"test/K32/exact_match_acc":1,"train/exact_match_acc":0.99951171875,"train/K_max":32,"iters_done":40000,"lr":1.009735322838044e-06,"train/K_min":32,"_wandb":{"runtime":1756},"test/K32/pos_abs_err_mean":0,"test/K32/pos_abs_err_sum":0,"_step":39751,"_timestamp":1.7732699383347006e+09,"iter":39751,"_runtime":1756.403727782,"train/loss":0.00015177417662926018,"train/K_mean":32,"test/K32/tf_token_acc":1}