{"_timestamp":1.7732527368565705e+09,"test/K16/exact_match_acc":0.94,"test/K16/pos_abs_err_mean":0.014375,"test/K16/token_acc":0.99625,"_wandb":{"runtime":163},"lr":1.009735322838044e-06,"_step":39751,"train/loss":0.033125221729278564,"iters_done":40000,"train/K_mean":16,"train/token_acc":0.9939422607421875,"train/K_max":16,"test/K16/tf_token_acc":0.99625,"test/K16/loss":0.028767142444849014,"train/exact_match_acc":0.906494140625,"train/K_min":16,"test/K16/pos_abs_err_sum":23,"iter":39751,"_runtime":163.148049619}