{"_runtime":1221.063288697,"_step":39751,"lr":1.009735322838044e-06,"_wandb":{"runtime":1221},"test/K16/exact_match_acc":1,"train/K_min":16,"train/token_acc":1,"iters_done":40000,"test/K16/pos_abs_err_mean":0,"train/loss":5.1619281293824315e-08,"test/K16/tf_token_acc":1,"train/K_mean":16,"train/exact_match_acc":1,"test/K16/pos_abs_err_sum":0,"iter":39751,"test/K16/loss":3.114342561616468e-08,"test/K16/token_acc":1,"_timestamp":1.773261451093475e+09,"train/K_max":16}