{"test/K16/token_acc":0.531875,"train/K_min":16,"_step":39751,"iter":39751,"train/exact_match_acc":0,"train/K_mean":16,"iters_done":40000,"train/loss":1.3644782304763794,"test/K16/exact_match_acc":0,"lr":1.009735322838044e-06,"train/K_max":16,"train/token_acc":0.5243988037109375,"test/K16/pos_abs_err_mean":1.3575,"test/K16/loss":1.4201996326446533,"_timestamp":1.7731625457309985e+09,"_wandb":{"runtime":209},"test/K16/tf_token_acc":0.531875,"_runtime":209.283514563,"test/K16/pos_abs_err_sum":2172}