{"_timestamp":1.7732522939324324e+09,"_wandb":{"runtime":269},"test/K16/exact_match_acc":0.92,"test/K16/pos_abs_err_mean":0.025,"train/loss":0.014880272559821606,"test/K16/tf_token_acc":0.995,"train/K_mean":16,"train/K_max":16,"train/K_min":16,"test/K16/pos_abs_err_sum":40,"lr":1.009735322838044e-06,"iters_done":40000,"train/exact_match_acc":0.92724609375,"test/K16/token_acc":0.995,"_step":39751,"iter":39751,"train/token_acc":0.99542236328125,"test/K16/loss":0.019122667610645294,"_runtime":269.390807038}