{"train/token_acc":0.9997940063476562,"test/K32/loss":0.0006043013418093324,"test/K32/pos_abs_err_sum":0,"train/K_min":32,"test/K32/token_acc":1,"train/exact_match_acc":0.993408203125,"test/K32/exact_match_acc":1,"_runtime":824.05028536,"train/K_max":32,"iter":39751,"train/loss":0.00294866762124002,"test/K32/pos_abs_err_mean":0,"iters_done":40000,"test/K32/tf_token_acc":1,"_wandb":{"runtime":824},"lr":1.009735322838044e-06,"_timestamp":1.7732712525528045e+09,"_step":39751,"train/K_mean":32}