{"test/K32/loss":0.000618752499576658,"_step":39751,"test/K32/exact_match_acc":0.99,"lr":1.009735322838044e-06,"train/K_mean":32,"test/K32/token_acc":0.9996875,"_timestamp":1.7732552308392696e+09,"_wandb":{"runtime":737},"iters_done":40000,"iter":39751,"test/K32/pos_abs_err_mean":0.0009375,"train/token_acc":0.9998245239257812,"train/loss":0.001300840638577938,"train/exact_match_acc":0.994384765625,"train/K_min":32,"test/K32/pos_abs_err_sum":3,"train/K_max":32,"test/K32/tf_token_acc":0.9996875,"_runtime":737.357078402}