{"train/exact_match_acc":0.999755859375,"train/loss":0.00011802899825852364,"train/token_acc":0.9999847412109375,"_runtime":250.340950415,"_wandb":{"runtime":250},"test/K16/pos_abs_err_sum":0,"train/K_min":16,"iters_done":40000,"train/K_mean":16,"train/K_max":16,"lr":1.009735322838044e-06,"test/K16/exact_match_acc":1,"test/K16/loss":9.626523024053313e-06,"test/K16/pos_abs_err_mean":0,"_timestamp":1.77321158289946e+09,"_step":39751,"test/K16/token_acc":1,"test/K16/tf_token_acc":1,"iter":39751}