{"_wandb":{"runtime":2336},"lr":1.009735322838044e-06,"train/token_acc":1,"train/K_max":32,"test/K32/exact_match_acc":1,"train/K_min":32,"test/K32/pos_abs_err_mean":0,"iters_done":40000,"_step":39751,"train/K_mean":32,"train/exact_match_acc":1,"test/K32/tf_token_acc":1,"test/K32/pos_abs_err_sum":0,"test/K32/loss":3.974884776880572e-08,"test/K32/token_acc":1,"train/loss":2.518036126275547e-07,"iter":39751,"_timestamp":1.7732737975069919e+09,"_runtime":2336.544181568}