{"test/K32/tf_token_acc":1,"train/loss":0.00022637515212409198,"train/exact_match_acc":0.998291015625,"train/token_acc":0.9999465942382812,"train/K_max":32,"_timestamp":1.7732352144095724e+09,"test/K32/pos_abs_err_sum":0,"test/K32/exact_match_acc":1,"iters_done":40000,"iter":39751,"test/K32/pos_abs_err_mean":0,"lr":1.009735322838044e-06,"train/K_min":32,"test/K32/loss":5.2036531997146085e-05,"train/K_mean":32,"_runtime":1047.368088665,"test/K32/token_acc":1,"_wandb":{"runtime":1047},"_step":39751}