{"test/K16/tf_token_acc":0.4175,"train/K_mean":16,"test/K16/exact_match_acc":0,"_runtime":401.187347841,"_step":39751,"train/K_max":16,"lr":1.009735322838044e-06,"test/K16/pos_abs_err_mean":2.0125,"test/K16/loss":1.6695383787155151,"iters_done":40000,"train/K_min":16,"train/token_acc":0.4396209716796875,"train/loss":1.6048648357391357,"test/K16/token_acc":0.4175,"test/K16/pos_abs_err_sum":3220,"train/exact_match_acc":0,"_wandb":{"runtime":401},"iter":39751,"_timestamp":1.773169432346817e+09}