{"_wandb":{"runtime":704},"_step":39751,"lr":1.009735322838044e-06,"_runtime":704.47594969,"train/token_acc":1,"test/K32/pos_abs_err_sum":0,"test/K32/exact_match_acc":1,"iters_done":40000,"train/loss":1.3303365449246485e-05,"test/K32/loss":1.3789572221867274e-05,"_timestamp":1.7732340564703104e+09,"test/K32/pos_abs_err_mean":0,"train/K_mean":32,"train/K_max":32,"train/exact_match_acc":1,"iter":39751,"test/K32/tf_token_acc":1,"test/K32/token_acc":1,"train/K_min":32}