{"test/K16/loss":0.03676135092973709,"_runtime":362.780853091,"train/exact_match_acc":0.85888671875,"iter":39751,"_wandb":{"runtime":362},"lr":1.009735322838044e-06,"test/K16/tf_token_acc":0.99,"train/loss":0.03114466182887554,"_timestamp":1.7731614691240387e+09,"train/K_max":16,"test/K16/token_acc":0.99,"_step":39751,"test/K16/exact_match_acc":0.84,"train/K_mean":16,"test/K16/pos_abs_err_mean":0.075625,"iters_done":40000,"train/token_acc":0.9910888671875,"test/K16/pos_abs_err_sum":121,"train/K_min":16}