{"train/exact_match_acc":0.000244140625,"_timestamp":1.7731643836655972e+09,"train/token_acc":0.6366119384765625,"test/K16/tf_token_acc":0.630625,"train/K_min":16,"test/K16/loss":0.9455647468566895,"iters_done":40000,"iter":39751,"train/K_mean":16,"test/K16/token_acc":0.630625,"test/K16/exact_match_acc":0,"_runtime":280.178370125,"_wandb":{"runtime":280},"train/loss":0.9512090086936951,"train/K_max":16,"test/K16/pos_abs_err_sum":1048,"lr":1.009735322838044e-06,"test/K16/pos_abs_err_mean":0.655,"_step":39751}