{"lr":1.009735322838044e-06,"test/K16/exact_match_acc":0.98,"train/loss":0.019382989034056664,"_timestamp":1.7732588854969597e+09,"_wandb":{"runtime":242},"train/exact_match_acc":0.969482421875,"train/K_max":16,"_step":39751,"train/K_min":16,"train/token_acc":0.9980621337890625,"test/K16/loss":0.014848054386675358,"iters_done":40000,"_runtime":242.851816237,"train/K_mean":16,"test/K16/pos_abs_err_mean":0.009375,"iter":39751,"test/K16/token_acc":0.99875,"test/K16/pos_abs_err_sum":15,"test/K16/tf_token_acc":0.99875}