{"_wandb":{"runtime":1053},"train/exact_match_acc":0.9990234375,"train/K_max":32,"train/loss":0.0001323604810750112,"_step":39751,"test/K32/loss":9.013924864120781e-05,"train/K_mean":32,"train/K_min":32,"iter":39751,"iters_done":40000,"test/K32/tf_token_acc":1,"test/K32/pos_abs_err_sum":0,"_runtime":1053.551195999,"test/K32/token_acc":1,"lr":1.009735322838044e-06,"_timestamp":1.773171191252669e+09,"test/K32/exact_match_acc":1,"train/token_acc":0.999969482421875,"test/K32/pos_abs_err_mean":0}