{"test/K16/loss":1.8186918497085571,"train/K_min":16,"_runtime":317.381171993,"lr":1.009735322838044e-06,"test/K16/exact_match_acc":0,"_timestamp":1.7731659787914317e+09,"train/loss":1.8370155096054077,"test/K16/pos_abs_err_mean":2.315625,"train/exact_match_acc":0,"test/K16/pos_abs_err_sum":3705,"test/K16/tf_token_acc":0.385,"train/token_acc":0.356689453125,"test/K16/token_acc":0.385,"train/K_mean":16,"train/K_max":16,"_wandb":{"runtime":317},"iter":39751,"iters_done":40000,"_step":39751}