{"train/token_acc":0.341552734375,"test/K32/loss":1.8718252182006836,"test/K32/token_acc":0.3409375,"test/K32/pos_abs_err_sum":6154,"train/K_max":32,"train/loss":1.8503804206848145,"train/K_min":32,"iters_done":40000,"_wandb":{"runtime":747},"train/K_mean":32,"_step":39751,"test/K32/exact_match_acc":0,"test/K32/tf_token_acc":0.3409375,"train/exact_match_acc":0,"test/K32/pos_abs_err_mean":1.923125,"_runtime":747.443265698,"_timestamp":1.7731711785593164e+09,"lr":1.009735322838044e-06,"iter":39751}