{"_runtime":549.588057541,"test/K16/pos_abs_err_sum":0,"_timestamp":1.7731754426966302e+09,"iter":39751,"train/K_max":16,"_step":39751,"train/K_min":16,"train/loss":1.6302637959597632e-05,"test/K16/loss":8.95544872037135e-06,"test/K16/tf_token_acc":1,"test/K16/exact_match_acc":1,"lr":1.009735322838044e-06,"test/K16/pos_abs_err_mean":0,"iters_done":40000,"train/K_mean":16,"train/exact_match_acc":1,"_wandb":{"runtime":549},"test/K16/token_acc":1,"train/token_acc":1}