{"test/K16/exact_match_acc":1,"iters_done":40000,"train/loss":7.557362550869584e-06,"lr":1.009735322838044e-06,"_step":39751,"iter":39751,"train/K_min":16,"_runtime":474.702105576,"train/K_max":16,"test/K16/pos_abs_err_sum":0,"train/token_acc":1,"test/K16/pos_abs_err_mean":0,"test/K16/tf_token_acc":1,"train/K_mean":16,"train/exact_match_acc":1,"_wandb":{"runtime":474},"_timestamp":1.7731662530942526e+09,"test/K16/token_acc":1,"test/K16/loss":5.1283836910442915e-06}