{"test/K32/token_acc":0.65,"iter":39751,"test/K32/pos_abs_err_sum":2170,"train/K_mean":32,"train/K_min":32,"test/K32/exact_match_acc":0,"train/exact_match_acc":0,"iters_done":40000,"train/K_max":32,"train/token_acc":0.6498794555664062,"lr":1.009735322838044e-06,"train/loss":0.7831643223762512,"_wandb":{"runtime":624},"_timestamp":1.773255638558811e+09,"_runtime":624.130310695,"_step":39751,"test/K32/tf_token_acc":0.65,"test/K32/loss":0.782697856426239,"test/K32/pos_abs_err_mean":0.678125}