{"x":{"bins":[9,12.71875,16.4375,20.15625,23.875,27.59375,31.3125,35.03125,38.75,42.46875,46.1875,49.90625,53.625,57.34375,61.0625,64.78125,68.5,72.21875,75.9375,79.65625,83.375,87.09375,90.8125,94.53125,98.25,101.96875,105.6875,109.40625,113.125,116.84375,120.5625,124.28125,128],"_type":"histogram","values":[2,0,0,2,2,0,2,0,2,4,2,0,2,2,2,0,2,2,0,2,4,0,4,2,4,4,6,2,2,4,2,3]},"_timestamp":1.7675205109930217e+09,"_step":1199,"_wandb":{"runtime":13893},"_runtime":13893,"train_loss":2.1799540519714355,"test_loss":2.1771340370178223}