{"train/K_min":16,"train/loss":1.1375959729775786e-08,"_step":39751,"test/K16/tf_token_acc":1,"iters_done":40000,"_wandb":{"runtime":638},"test/K16/exact_match_acc":1,"test/K16/pos_abs_err_mean":0,"_runtime":638.109016529,"_timestamp":1.7732103173161454e+09,"train/token_acc":1,"iter":39751,"test/K16/token_acc":1,"test/K16/pos_abs_err_sum":0,"lr":1.009735322838044e-06,"train/exact_match_acc":1,"train/K_max":16,"train/K_mean":16,"test/K16/loss":1.4379620161264484e-08}