{"test/K32/pos_abs_err_mean":0,"train/token_acc":1,"test/K32/pos_abs_err_sum":0,"train/exact_match_acc":1,"test/K32/loss":3.693997996379039e-07,"test/K32/token_acc":1,"test/K32/exact_match_acc":1,"_timestamp":1.7732544450620723e+09,"train/loss":5.564852472161874e-07,"train/K_mean":32,"test/K32/tf_token_acc":1,"train/K_max":32,"_step":39751,"lr":1.009735322838044e-06,"train/K_min":32,"iters_done":40000,"_runtime":1590.714861733,"iter":39751,"_wandb":{"runtime":1590}}