{"train/K_mean":16,"_timestamp":1.7732379570839918e+09,"test/K16/loss":4.48875107394997e-06,"iter":39751,"test/K16/pos_abs_err_sum":0,"train/K_min":16,"_wandb":{"runtime":555},"test/K16/token_acc":1,"_runtime":555.594044739,"train/K_max":16,"train/token_acc":0.9999847412109375,"test/K16/tf_token_acc":1,"train/exact_match_acc":0.999755859375,"test/K16/pos_abs_err_mean":0,"_step":39751,"iters_done":40000,"train/loss":3.272125104558654e-05,"lr":1.009735322838044e-06,"test/K16/exact_match_acc":1}