{"train/K_max":32,"_runtime":748.05207835,"test/K32/loss":0.6885348558425903,"test/K32/pos_abs_err_mean":0.71875,"train/exact_match_acc":0,"train/K_mean":32,"_step":39751,"test/K32/pos_abs_err_sum":2300,"iter":39751,"iters_done":40000,"test/K32/token_acc":0.7621875,"test/K32/exact_match_acc":0,"train/K_min":32,"train/loss":0.6821199655532837,"_timestamp":1.7732629389516418e+09,"_wandb":{"runtime":748},"lr":1.009735322838044e-06,"test/K32/tf_token_acc":0.7621875,"train/token_acc":0.7608489990234375}