{"lr":1.009735322838044e-06,"test/K16/pos_abs_err_sum":140,"test/K16/tf_token_acc":0.998125,"test/K16/loss":0.015246761031448841,"train/K_mean":16,"_wandb":{"runtime":347},"train/token_acc":0.9992523193359375,"iters_done":40000,"train/K_min":16,"test/K16/token_acc":0.998125,"_step":39751,"train/K_max":16,"test/K16/pos_abs_err_mean":0.0875,"test/K16/exact_match_acc":0.97,"_runtime":347.646052294,"iter":39751,"train/loss":0.0069451662711799145,"_timestamp":1.7731660893898165e+09,"train/exact_match_acc":0.988037109375}