{"test/K16/tf_token_acc":0.998125,"test/K16/pos_abs_err_sum":140,"_timestamp":1.7731660190795908e+09,"test/K16/pos_abs_err_mean":0.0875,"lr":1.009735322838044e-06,"train/token_acc":0.9992523193359375,"_runtime":347.481974276,"iters_done":40000,"_step":39751,"train/loss":0.0069451662711799145,"train/exact_match_acc":0.988037109375,"test/K16/loss":0.015246761031448841,"train/K_mean":16,"_wandb":{"runtime":347},"train/K_min":16,"test/K16/token_acc":0.998125,"test/K16/exact_match_acc":0.97,"train/K_max":16,"iter":39751}