{"lr":1.009735322838044e-06,"_step":39751,"_wandb":{"runtime":342},"train/K_max":16,"train/K_mean":16,"test/K16/tf_token_acc":1,"test/K16/pos_abs_err_mean":0,"iters_done":40000,"train/K_min":16,"test/K16/token_acc":1,"train/exact_match_acc":0.99951171875,"test/K16/pos_abs_err_sum":0,"_timestamp":1.7732053793460424e+09,"test/K16/loss":0.00012608765973709524,"train/token_acc":0.999969482421875,"test/K16/exact_match_acc":1,"train/loss":0.00017543295689392835,"_runtime":342.804840683,"iter":39751}