{"test/K32/pos_abs_err_mean":0,"test/K32/loss":6.936863314876973e-07,"test/K32/token_acc":1,"test/K32/exact_match_acc":1,"test/K32/pos_abs_err_sum":0,"_runtime":1222.878580806,"_step":39751,"test/K32/tf_token_acc":1,"train/loss":9.055520422407426e-07,"train/K_mean":32,"train/token_acc":1,"_timestamp":1.7732253177047153e+09,"train/exact_match_acc":1,"train/K_min":32,"_wandb":{"runtime":1222},"train/K_max":32,"iters_done":40000,"lr":1.009735322838044e-06,"iter":39751}