{"_timestamp":1.7732042552628028e+09,"lr":1.009735322838044e-06,"iter":39751,"test/K16/loss":4.285901741241105e-05,"_step":39751,"train/token_acc":0.9999847412109375,"test/K16/pos_abs_err_mean":0,"train/K_mean":16,"test/K16/exact_match_acc":1,"train/K_min":16,"train/K_max":16,"train/loss":8.257909212261438e-05,"test/K16/token_acc":1,"_wandb":{"runtime":249},"test/K16/tf_token_acc":1,"_runtime":249.977450619,"iters_done":40000,"test/K16/pos_abs_err_sum":0,"train/exact_match_acc":0.999755859375}