{"train/loss":0.0001092401726054959,"train/K_max":32,"_step":39751,"iters_done":40000,"test/K32/pos_abs_err_mean":0,"lr":1.009735322838044e-06,"test/K32/loss":7.850453584978823e-06,"iter":39751,"train/exact_match_acc":0.999755859375,"_timestamp":1.773274950058464e+09,"train/K_mean":32,"train/token_acc":0.9999923706054688,"_wandb":{"runtime":1110},"test/K32/exact_match_acc":1,"test/K32/token_acc":1,"_runtime":1110.055938914,"test/K32/tf_token_acc":1,"train/K_min":32,"test/K32/pos_abs_err_sum":0}