{"iters_done":40000,"_timestamp":1.7732568838068252e+09,"train/loss":3.6838928281213157e-06,"lr":1.009735322838044e-06,"_step":39751,"test/K32/loss":3.360435357535607e-06,"train/K_max":32,"test/K32/pos_abs_err_mean":0,"test/K32/exact_match_acc":1,"iter":39751,"test/K32/pos_abs_err_sum":0,"train/K_mean":32,"test/K32/token_acc":1,"_runtime":1592.508210178,"train/K_min":32,"test/K32/tf_token_acc":1,"train/token_acc":1,"train/exact_match_acc":1,"_wandb":{"runtime":1592}}