{"iter":39751,"test/K16/loss":0.0005338604678399861,"_wandb":{"runtime":344},"train/K_mean":16,"iters_done":40000,"test/K16/token_acc":1,"test/K16/exact_match_acc":1,"train/token_acc":0.9998016357421875,"_step":39751,"_runtime":344.060051442,"test/K16/pos_abs_err_mean":0,"_timestamp":1.7732046538915977e+09,"train/K_max":16,"test/K16/tf_token_acc":1,"train/loss":0.0004946553963236511,"train/exact_match_acc":0.996826171875,"lr":1.009735322838044e-06,"train/K_min":16,"test/K16/pos_abs_err_sum":0}