{"_wandb":{"runtime":1458},"train/loss":7.608650776091963e-08,"iter":39751,"test/K32/pos_abs_err_sum":0,"test/K32/exact_match_acc":1,"test/K32/token_acc":1,"train/token_acc":1,"lr":1.009735322838044e-06,"train/exact_match_acc":1,"test/K32/pos_abs_err_mean":0,"train/K_mean":32,"_timestamp":1.7732748122496977e+09,"train/K_max":32,"test/K32/tf_token_acc":1,"test/K32/loss":4.1462481448206745e-08,"train/K_min":32,"_runtime":1458.643442323,"_step":39751,"iters_done":40000}