{"test/K16/pos_abs_err_mean":1.060625,"train/token_acc":0.837432861328125,"lr":1.009735322838044e-06,"_step":39751,"iters_done":40000,"test/K16/tf_token_acc":0.83375,"test/K16/loss":0.6976498365402222,"_runtime":245.903281475,"test/K16/exact_match_acc":0.01,"train/K_min":16,"iter":39751,"_timestamp":1.7731657310342622e+09,"train/K_max":16,"train/loss":0.6329060792922974,"test/K16/pos_abs_err_sum":1697,"train/K_mean":16,"train/exact_match_acc":0.001708984375,"_wandb":{"runtime":245},"test/K16/token_acc":0.83375}