{"test/K32/pos_abs_err_sum":0,"iter":39751,"train/token_acc":0.9999313354492188,"train/exact_match_acc":0.997802734375,"test/K32/tf_token_acc":1,"iters_done":40000,"test/K32/loss":0.00014689240197185427,"train/loss":0.0003916286223102361,"_runtime":521.345657249,"train/K_mean":32,"lr":1.009735322838044e-06,"_timestamp":1.7732240662125685e+09,"_wandb":{"runtime":521},"test/K32/token_acc":1,"test/K32/exact_match_acc":1,"train/K_max":32,"train/K_min":32,"_step":39751,"test/K32/pos_abs_err_mean":0}