{"test/K16/exact_match_acc":0,"train/K_mean":16,"test/K16/pos_abs_err_sum":1721,"test/K16/pos_abs_err_mean":1.075625,"_wandb":{"runtime":242},"iter":39751,"iters_done":40000,"lr":1.009735322838044e-06,"train/K_min":16,"test/K16/token_acc":0.825625,"_step":39751,"_runtime":242.963965167,"train/loss":0.6862084269523621,"_timestamp":1.7731662592336383e+09,"test/K16/tf_token_acc":0.825625,"train/exact_match_acc":0.000732421875,"test/K16/loss":0.6699025630950928,"train/K_max":16,"train/token_acc":0.8213043212890625}