{"_step":39751,"train/loss":0.010103283450007439,"test/K16/loss":0.00934595800936222,"_runtime":280.056201973,"lr":1.009735322838044e-06,"test/K16/tf_token_acc":0.9975,"_wandb":{"runtime":280},"train/K_max":16,"iters_done":40000,"train/K_mean":16,"test/K16/pos_abs_err_sum":15,"train/exact_match_acc":0.969482421875,"_timestamp":1.77325427634788e+09,"test/K16/exact_match_acc":0.96,"train/K_min":16,"iter":39751,"test/K16/pos_abs_err_mean":0.009375,"test/K16/token_acc":0.9975,"train/token_acc":0.997894287109375}