{"test/K16/tf_token_acc":1,"test/K16/exact_match_acc":1,"iter":39751,"test/K16/loss":0.00012693912140093744,"train/K_mean":16,"train/K_max":16,"train/exact_match_acc":0.997802734375,"train/K_min":16,"_timestamp":1.7732046891691554e+09,"test/K16/pos_abs_err_mean":0,"_runtime":187.291910837,"_wandb":{"runtime":187},"train/loss":0.001017994130961597,"train/token_acc":0.9998626708984375,"test/K16/token_acc":1,"test/K16/pos_abs_err_sum":0,"iters_done":40000,"lr":1.009735322838044e-06,"_step":39751}