{"_wandb":{"runtime":1086},"test/K32/pos_abs_err_mean":0.001875,"train/token_acc":0.9993362426757812,"test/K32/pos_abs_err_sum":6,"train/K_max":32,"train/exact_match_acc":0.978759765625,"_step":39751,"test/K32/exact_match_acc":0.97,"lr":1.009735322838044e-06,"iters_done":40000,"_runtime":1086.212727671,"test/K32/token_acc":0.9990625,"test/K32/loss":0.0028462775517255068,"test/K32/tf_token_acc":0.9990625,"iter":39751,"train/loss":0.0037129439879208803,"_timestamp":1.7731732998830528e+09,"train/K_min":32,"train/K_mean":32}