{"test/K16/token_acc":1,"test/K16/loss":4.2717902033473365e-06,"test/K16/pos_abs_err_sum":0,"train/K_min":16,"_timestamp":1.7732501611058462e+09,"train/K_mean":16,"lr":1.009735322838044e-06,"iter":39751,"train/K_max":16,"test/K16/tf_token_acc":1,"test/K16/exact_match_acc":1,"train/exact_match_acc":1,"_wandb":{"runtime":556},"train/loss":7.832828487153165e-06,"_step":39751,"iters_done":40000,"train/token_acc":1,"_runtime":556.9531437,"test/K16/pos_abs_err_mean":0}