{"train/K_min":16,"_runtime":204.656808532,"train/loss":0.42426133155822754,"_wandb":{"runtime":204},"test/K16/loss":0.43416154384613037,"test/K16/pos_abs_err_mean":0.4025,"iter":39751,"test/K16/token_acc":0.873125,"train/token_acc":0.8679351806640625,"train/K_max":16,"_timestamp":1.773164363429937e+09,"train/K_mean":16,"test/K16/tf_token_acc":0.873125,"train/exact_match_acc":0.0029296875,"lr":1.009735322838044e-06,"test/K16/pos_abs_err_sum":644,"iters_done":40000,"test/K16/exact_match_acc":0,"_step":39751}