{"train/K_mean":32,"test/K32/token_acc":1,"iters_done":40000,"test/K32/loss":2.4229659629781963e-06,"train/loss":1.234080900758272e-05,"test/K32/tf_token_acc":1,"train/K_max":32,"train/K_min":32,"_runtime":687.956900087,"train/exact_match_acc":1,"train/token_acc":1,"iter":39751,"_step":39751,"test/K32/pos_abs_err_sum":0,"test/K32/exact_match_acc":1,"test/K32/pos_abs_err_mean":0,"_timestamp":1.7732166758259234e+09,"lr":1.009735322838044e-06,"_wandb":{"runtime":687}}