{"test/K32/pos_abs_err_mean":0.4790625,"_runtime":745.397175465,"train/K_mean":32,"_step":39751,"_timestamp":1.773264302508604e+09,"iter":39751,"train/exact_match_acc":0,"test/K32/token_acc":0.860625,"lr":1.009735322838044e-06,"train/K_max":32,"train/K_min":32,"test/K32/loss":0.45502182841300964,"train/loss":0.44848641753196716,"iters_done":40000,"test/K32/tf_token_acc":0.860625,"train/token_acc":0.8512420654296875,"test/K32/exact_match_acc":0,"test/K32/pos_abs_err_sum":1533,"_wandb":{"runtime":745}}