{"test/K32/pos_abs_err_mean":0.5309375,"_step":39751,"train/exact_match_acc":0,"test/K32/tf_token_acc":0.7165625,"_timestamp":1.7731650865831392e+09,"_wandb":{"runtime":624},"test/K32/token_acc":0.7165625,"lr":1.009735322838044e-06,"test/K32/pos_abs_err_sum":1699,"train/token_acc":0.718231201171875,"train/loss":0.7747836709022522,"_runtime":624.097502725,"iter":39751,"train/K_max":32,"train/K_min":32,"train/K_mean":32,"test/K32/loss":0.7724048495292664,"iters_done":40000,"test/K32/exact_match_acc":0}