{"test/K32/pos_abs_err_sum":1395,"test/K32/tf_token_acc":0.791875,"train/K_max":32,"train/exact_match_acc":0,"iter":39751,"train/K_mean":32,"train/K_min":32,"iters_done":40000,"_step":39751,"lr":1.009735322838044e-06,"test/K32/loss":0.744594395160675,"_timestamp":1.773164188577827e+09,"train/token_acc":0.7748260498046875,"test/K32/pos_abs_err_mean":0.4359375,"test/K32/token_acc":0.791875,"train/loss":0.7388306856155396,"_wandb":{"runtime":560},"_runtime":560.537006548,"test/K32/exact_match_acc":0}