{"train_loss":1.976396083831787,"_wandb":{"runtime":13973},"_runtime":13973,"test_loss":1.9788635969161987,"x":{"bins":[0,4,8,12,16,20,24,28,32,36,40,44,48,52,56,60,64,68,72,76,80,84,88,92,96,100,104,108,112,116,120,124,128],"_type":"histogram","values":[2,0,0,2,4,0,0,2,4,0,4,2,2,4,0,2,0,0,2,6,0,2,2,2,6,4,2,0,4,4,2,1]},"_timestamp":1.7676674916442223e+09,"_step":1199}