{"test/K16/pos_abs_err_mean":0,"train/exact_match_acc":1,"train/K_mean":16,"test/K16/pos_abs_err_sum":0,"iter":39751,"train/token_acc":1,"_runtime":549.639976715,"test/K16/loss":1.4232844023354119e-06,"test/K16/exact_match_acc":1,"iters_done":40000,"train/K_min":16,"_step":39751,"test/K16/tf_token_acc":1,"test/K16/token_acc":1,"_wandb":{"runtime":549},"_timestamp":1.7732703439264758e+09,"train/K_max":16,"train/loss":1.949856596183963e-06,"lr":1.009735322838044e-06}