{"test/K32/pos_abs_err_mean":0.678125,"train/K_mean":32,"_timestamp":1.7732556376152813e+09,"test/K32/token_acc":0.65,"test/K32/tf_token_acc":0.65,"_runtime":623.822497301,"test/K32/loss":0.782697856426239,"test/K32/exact_match_acc":0,"lr":1.009735322838044e-06,"iter":39751,"_wandb":{"runtime":623},"train/token_acc":0.6498794555664062,"_step":39751,"train/loss":0.7831643223762512,"train/exact_match_acc":0,"train/K_min":32,"train/K_max":32,"iters_done":40000,"test/K32/pos_abs_err_sum":2170}