{"lr":1.009735322838044e-06,"train/K_mean":16,"test/K16/loss":1.3437717825581785e-05,"iter":39751,"_runtime":473.810154498,"train/exact_match_acc":0.999755859375,"train/K_max":16,"_step":39751,"test/K16/pos_abs_err_sum":0,"_timestamp":1.7731660968476164e+09,"test/K16/token_acc":1,"train/loss":3.474912227829918e-05,"train/K_min":16,"train/token_acc":0.9999847412109375,"iters_done":40000,"test/K16/tf_token_acc":1,"_wandb":{"runtime":473},"test/K16/pos_abs_err_mean":0,"test/K16/exact_match_acc":1}