{"test/K16/pos_abs_err_sum":4415,"test/K16/loss":0.907593309879303,"_step":39751,"train/token_acc":0.797027587890625,"test/K16/tf_token_acc":0.78875,"train/K_min":16,"lr":1.009735322838044e-06,"iter":39751,"train/loss":0.8737815618515015,"test/K16/exact_match_acc":0,"_wandb":{"runtime":315},"test/K16/pos_abs_err_mean":2.759375,"_runtime":315.735642441,"iters_done":40000,"train/K_mean":16,"train/K_max":16,"test/K16/token_acc":0.78875,"_timestamp":1.7731718338638198e+09,"train/exact_match_acc":0}