{"train/K_max":16,"_wandb":{"runtime":253},"test/K16/exact_match_acc":1,"test/K16/pos_abs_err_mean":0,"_runtime":253.48160413,"train/K_min":16,"lr":1.009735322838044e-06,"test/K16/pos_abs_err_sum":0,"_step":39751,"train/K_mean":16,"train/loss":0.0005183698958717287,"train/exact_match_acc":0.99853515625,"test/K16/tf_token_acc":1,"test/K16/token_acc":1,"_timestamp":1.7732034809658332e+09,"iter":39751,"train/token_acc":0.999908447265625,"test/K16/loss":0.0006635042373090982,"iters_done":40000}