{"train/K_min":16,"train/K_mean":16,"test/K16/tf_token_acc":1,"train/token_acc":0.999755859375,"test/K16/pos_abs_err_mean":0,"_wandb":{"runtime":431},"iter":39751,"test/K16/loss":0.0009859261335805058,"lr":1.009735322838044e-06,"test/K16/exact_match_acc":1,"iters_done":40000,"_timestamp":1.7732694522692652e+09,"_step":39751,"train/exact_match_acc":0.99609375,"_runtime":431.85564937,"test/K16/pos_abs_err_sum":0,"train/K_max":16,"train/loss":0.002299848012626171,"test/K16/token_acc":1}