{"iter":39751,"test/K32/tf_token_acc":1,"lr":1.009735322838044e-06,"_wandb":{"runtime":1757},"train/K_min":32,"_timestamp":1.7732732634129689e+09,"test/K32/token_acc":1,"_step":39751,"train/K_mean":32,"train/K_max":32,"test/K32/loss":1.6856938600540161e-06,"iters_done":40000,"train/loss":4.60903174825944e-06,"_runtime":1757.447629342,"train/exact_match_acc":1,"train/token_acc":1,"test/K32/exact_match_acc":1,"test/K32/pos_abs_err_mean":0,"test/K32/pos_abs_err_sum":0}