{"test/K16/exact_match_acc":1,"test/K16/pos_abs_err_sum":0,"_wandb":{"runtime":439},"train/K_min":16,"test/K16/pos_abs_err_mean":0,"iter":39751,"_runtime":439.715360493,"train/token_acc":0.9999847412109375,"iters_done":40000,"lr":1.009735322838044e-06,"train/K_mean":16,"test/K16/loss":8.005350537132472e-06,"train/exact_match_acc":0.999755859375,"test/K16/tf_token_acc":1,"test/K16/token_acc":1,"train/K_max":16,"train/loss":5.755592792411335e-05,"_step":39751,"_timestamp":1.7731643936100988e+09}