{"_runtime":850.42755985,"test/K16/pos_abs_err_sum":0,"test/K16/pos_abs_err_mean":0,"lr":1.009735322838044e-06,"test/K16/token_acc":1,"train/K_mean":16,"_step":39751,"iters_done":40000,"test/K16/tf_token_acc":1,"train/K_min":16,"_wandb":{"runtime":850},"train/loss":3.0928804335417226e-06,"_timestamp":1.7732393391943192e+09,"train/exact_match_acc":1,"test/K16/exact_match_acc":1,"train/token_acc":1,"iter":39751,"train/K_max":16,"test/K16/loss":2.2147596610011533e-06}