{"_wandb":{"runtime":587},"iters_done":40000,"_timestamp":1.7732370141673436e+09,"test/K16/pos_abs_err_mean":0.086875,"iter":39751,"_step":39751,"test/K16/pos_abs_err_sum":139,"train/K_mean":16,"lr":1.009735322838044e-06,"train/K_min":16,"train/loss":0.016488440334796906,"test/K16/token_acc":0.99625,"train/K_max":16,"test/K16/exact_match_acc":0.95,"_runtime":587.638538254,"test/K16/tf_token_acc":0.99625,"test/K16/loss":0.03026939369738102,"train/exact_match_acc":0.950439453125,"train/token_acc":0.99658203125}