{"_runtime":791.828056743,"train/K_min":32,"test/K32/pos_abs_err_mean":0.0015625,"iters_done":40000,"test/K32/pos_abs_err_sum":5,"train/loss":0.0002717773604672402,"_step":39751,"test/K32/token_acc":0.9996875,"_wandb":{"runtime":791},"train/exact_match_acc":0.998779296875,"iter":39751,"lr":1.009735322838044e-06,"train/K_mean":32,"train/K_max":32,"test/K32/exact_match_acc":0.99,"test/K32/loss":0.000729216611944139,"train/token_acc":0.9999618530273438,"_timestamp":1.7732690725614152e+09,"test/K32/tf_token_acc":0.9996875}