{"test/K16/pos_abs_err_sum":98,"test/K16/tf_token_acc":0.96625,"_timestamp":1.7732615507532103e+09,"_wandb":{"runtime":399},"test/K16/exact_match_acc":0.61,"train/K_max":16,"test/K16/token_acc":0.96625,"train/K_mean":16,"train/K_min":16,"train/loss":0.11949098110198975,"test/K16/loss":0.10600469261407852,"_step":39751,"iters_done":40000,"lr":1.009735322838044e-06,"test/K16/pos_abs_err_mean":0.06125,"iter":39751,"train/token_acc":0.965179443359375,"_runtime":399.381459904,"train/exact_match_acc":0.608642578125}