{"train/K_max":32,"iters_done":40000,"train/K_mean":32,"_step":39751,"test/K32/tf_token_acc":0.8365625,"train/token_acc":0.829010009765625,"test/K32/loss":0.4865887761116028,"_wandb":{"runtime":1182},"train/exact_match_acc":0.003662109375,"iter":39751,"test/K32/exact_match_acc":0,"train/K_min":32,"test/K32/token_acc":0.8365625,"train/loss":0.4953509569168091,"_runtime":1182.911641064,"test/K32/pos_abs_err_mean":0.68375,"_timestamp":1.7732715731700542e+09,"test/K32/pos_abs_err_sum":2188,"lr":1.009735322838044e-06}