{"_wandb":{"runtime":279},"train/K_mean":16,"iters_done":40000,"_step":39751,"_timestamp":1.7731644926318877e+09,"test/K16/loss":1.1732242107391357,"train/K_max":16,"_runtime":279.650535214,"train/K_min":16,"test/K16/pos_abs_err_mean":0.924375,"test/K16/exact_match_acc":0,"test/K16/tf_token_acc":0.579375,"train/exact_match_acc":0,"train/token_acc":0.5662841796875,"test/K16/pos_abs_err_sum":1479,"lr":1.009735322838044e-06,"train/loss":1.1344355344772339,"test/K16/token_acc":0.579375,"iter":39751}