{"lr":1.009735322838044e-06,"test/K16/pos_abs_err_mean":0,"_timestamp":1.7732610541263845e+09,"test/K16/exact_match_acc":1,"_runtime":397.581680831,"train/token_acc":0.9999847412109375,"test/K16/pos_abs_err_sum":0,"test/K16/loss":2.1357834611990256e-06,"test/K16/tf_token_acc":1,"iter":39751,"iters_done":40000,"train/K_max":16,"_wandb":{"runtime":397},"train/K_min":16,"_step":39751,"train/loss":3.769501927308738e-05,"train/exact_match_acc":0.999755859375,"train/K_mean":16,"test/K16/token_acc":1}