{"train/K_min":32,"test/K32/exact_match_acc":0.99,"test/K32/pos_abs_err_mean":0.00125,"test/K32/tf_token_acc":0.9996875,"train/K_max":32,"test/K32/loss":0.0005238099256530404,"lr":1.009735322838044e-06,"train/token_acc":0.99969482421875,"iters_done":40000,"test/K32/pos_abs_err_sum":4,"train/loss":0.0009229480638168752,"train/exact_match_acc":0.990234375,"_wandb":{"runtime":1055},"test/K32/token_acc":0.9996875,"_runtime":1055.251820836,"_step":39751,"train/K_mean":32,"_timestamp":1.7731720874987228e+09,"iter":39751}