{"train/loss":0.0005945931770838797,"test/K16/exact_match_acc":1,"train/K_min":16,"test/K16/pos_abs_err_sum":0,"train/K_max":16,"test/K16/tf_token_acc":1,"test/K16/pos_abs_err_mean":0,"_runtime":310.329446408,"_timestamp":1.7732547518086624e+09,"train/exact_match_acc":0.996337890625,"_step":39751,"iters_done":40000,"test/K16/loss":1.6568526916671544e-05,"_wandb":{"runtime":310},"test/K16/token_acc":1,"train/token_acc":0.9997711181640625,"iter":39751,"lr":1.009735322838044e-06,"train/K_mean":16}