{"iters_done":40000,"train/token_acc":1,"train/K_max":16,"test/K16/pos_abs_err_mean":0,"train/loss":1.7783742805477232e-05,"train/K_mean":16,"_wandb":{"runtime":559},"_runtime":559.063600553,"test/K16/token_acc":1,"iter":39751,"train/K_min":16,"test/K16/loss":2.709731415961869e-05,"train/exact_match_acc":1,"test/K16/exact_match_acc":1,"_step":39751,"test/K16/pos_abs_err_sum":0,"_timestamp":1.7732615666412413e+09,"test/K16/tf_token_acc":1,"lr":1.009735322838044e-06}