{"_runtime":372.050736122,"test/K16/tf_token_acc":1,"_wandb":{"runtime":372},"lr":1.009735322838044e-06,"test/K16/pos_abs_err_sum":0,"train/loss":5.136625986779109e-07,"test/K16/token_acc":1,"train/K_min":16,"_timestamp":1.7732102040595038e+09,"train/K_mean":16,"iter":39751,"test/K16/pos_abs_err_mean":0,"test/K16/exact_match_acc":1,"train/exact_match_acc":1,"train/token_acc":1,"iters_done":40000,"test/K16/loss":1.4989077499194536e-06,"_step":39751,"train/K_max":16}