{"test/K32/token_acc":1,"train/K_max":32,"_timestamp":1.7732317864257514e+09,"iter":39751,"lr":1.009735322838044e-06,"train/K_mean":32,"test/K32/tf_token_acc":1,"_wandb":{"runtime":704},"_runtime":704.330371449,"iters_done":40000,"test/K32/exact_match_acc":1,"train/token_acc":1,"train/loss":8.043467460083775e-06,"train/exact_match_acc":1,"test/K32/loss":4.355646524345502e-06,"test/K32/pos_abs_err_mean":0,"_step":39751,"train/K_min":32,"test/K32/pos_abs_err_sum":0}