{"_step":39751,"train/exact_match_acc":1,"lr":1.009735322838044e-06,"test/K32/loss":1.0789334737637546e-05,"train/loss":2.3784414224792272e-05,"test/K32/exact_match_acc":1,"test/K32/pos_abs_err_sum":0,"train/K_min":32,"test/K32/pos_abs_err_mean":0,"train/token_acc":1,"test/K32/token_acc":1,"iter":39751,"iters_done":40000,"_runtime":1530.672218081,"_wandb":{"runtime":1530},"train/K_max":32,"train/K_mean":32,"_timestamp":1.7732731379302363e+09,"test/K32/tf_token_acc":1}