{"train/exact_match_acc":0.000244140625,"train/K_mean":16,"train/K_min":16,"_timestamp":1.7730944483480763e+09,"iter":39751,"train/K_max":16,"_step":39751,"_wandb":{"runtime":166},"_runtime":166.564479269,"test/K16/pos_abs_err_sum":933,"lr":1.009735322838044e-06,"test/K16/loss":0.6277702450752258,"test/K16/pos_abs_err_mean":0.583125,"test/K16/tf_token_acc":0.000625,"train/token_acc":0.7985687255859375,"test/K16/token_acc":0.805625,"iters_done":40000,"train/loss":0.6363583207130432,"test/K16/exact_match_acc":0}