{"_timestamp":1.7731763458256102e+09,"_wandb":{"runtime":1058},"_step":39751,"iter":39751,"test/K32/pos_abs_err_mean":0,"train/K_max":32,"train/loss":0.00011277334851911291,"_runtime":1058.500255584,"test/K32/tf_token_acc":1,"train/exact_match_acc":0.99951171875,"train/K_mean":32,"test/K32/pos_abs_err_sum":0,"train/token_acc":0.9999847412109375,"iters_done":40000,"test/K32/token_acc":1,"lr":1.009735322838044e-06,"test/K32/loss":5.288273314363323e-06,"test/K32/exact_match_acc":1,"train/K_min":32}