{"test/K32/pos_abs_err_sum":0,"test/K32/tf_token_acc":1,"train/K_min":32,"_step":39751,"_timestamp":1.7732714822957458e+09,"train/exact_match_acc":0.999755859375,"train/token_acc":0.9999923706054688,"lr":1.009735322838044e-06,"_wandb":{"runtime":1055},"train/K_mean":32,"test/K32/loss":7.79107210746588e-07,"test/K32/token_acc":1,"train/loss":3.463882239884697e-05,"iter":39751,"test/K32/exact_match_acc":1,"_runtime":1055.293217961,"test/K32/pos_abs_err_mean":0,"train/K_max":32,"iters_done":40000}