{"test/K32/pos_abs_err_sum":15,"_wandb":{"runtime":724},"test/K32/loss":0.009526662528514862,"train/loss":0.011475902982056141,"train/token_acc":0.996673583984375,"iters_done":40000,"train/K_max":32,"_step":39751,"train/K_min":32,"test/K32/pos_abs_err_mean":0.0046875,"lr":1.009735322838044e-06,"_timestamp":1.7731633488052797e+09,"test/K32/token_acc":0.9975,"iter":39751,"test/K32/exact_match_acc":0.92,"test/K32/tf_token_acc":0.9975,"_runtime":724.453442995,"train/exact_match_acc":0.89599609375,"train/K_mean":32}