{"test/K16/exact_match_acc":1,"train/K_min":16,"train/loss":0.00024360755924135447,"lr":1.009735322838044e-06,"_timestamp":1.7732545068356037e+09,"_wandb":{"runtime":205},"test/K16/tf_token_acc":1,"test/K16/pos_abs_err_mean":0,"train/token_acc":0.9999237060546875,"test/K16/token_acc":1,"train/exact_match_acc":0.998779296875,"_runtime":205.144072971,"iter":39751,"_step":39751,"test/K16/loss":0.00010138161451322958,"train/K_max":16,"train/K_mean":16,"test/K16/pos_abs_err_sum":0,"iters_done":40000}