{"train/token_acc":0.9622955322265625,"test/K16/tf_token_acc":0.966875,"train/K_mean":16,"test/K16/token_acc":0.966875,"_step":39751,"lr":1.009735322838044e-06,"train/loss":0.1102888211607933,"_wandb":{"runtime":162},"_timestamp":1.773252495955952e+09,"train/K_min":16,"test/K16/exact_match_acc":0.53,"_runtime":162.875787943,"test/K16/loss":0.10117124766111374,"train/exact_match_acc":0.462158203125,"iter":39751,"iters_done":40000,"train/K_max":16,"test/K16/pos_abs_err_mean":0.11375,"test/K16/pos_abs_err_sum":182}