{"test/K16/token_acc":0.99625,"test/K16/exact_match_acc":0.94,"train/K_min":16,"lr":1.009735322838044e-06,"iters_done":40000,"test/K16/pos_abs_err_mean":0.014375,"_runtime":166.202835038,"train/loss":0.033125221729278564,"test/K16/loss":0.028767142444849014,"train/K_mean":16,"train/exact_match_acc":0.906494140625,"test/K16/pos_abs_err_sum":23,"_wandb":{"runtime":166},"iter":39751,"test/K16/tf_token_acc":0.99625,"train/token_acc":0.9939422607421875,"_timestamp":1.7732527559368021e+09,"_step":39751,"train/K_max":16}