{"test/K32/loss":0.9821004271507263,"test/K32/exact_match_acc":0,"train/K_mean":32,"test/K32/pos_abs_err_mean":0.6596875,"test/K32/tf_token_acc":0.654375,"train/token_acc":0.64910888671875,"test/K32/token_acc":0.654375,"_wandb":{"runtime":419},"train/K_max":32,"_runtime":419.179388826,"iters_done":40000,"test/K32/pos_abs_err_sum":2111,"train/loss":0.9907606840133667,"lr":1.009735322838044e-06,"iter":39751,"train/exact_match_acc":0,"train/K_min":32,"_timestamp":1.7732559648872566e+09,"_step":39751}