{"_step":39751,"_wandb":{"runtime":1008},"iters_done":40000,"test/K32/loss":1.4744699683433282e-07,"iter":39751,"test/K32/pos_abs_err_sum":0,"train/token_acc":1,"train/K_mean":32,"train/loss":2.0071365725016221e-07,"lr":1.009735322838044e-06,"test/K32/exact_match_acc":1,"train/K_max":32,"train/exact_match_acc":1,"test/K32/token_acc":1,"train/K_min":32,"_runtime":1008.960644609,"_timestamp":1.77320642001981e+09,"test/K32/tf_token_acc":1,"test/K32/pos_abs_err_mean":0}