{"test/K16/pos_abs_err_sum":3,"_timestamp":1.773261444617887e+09,"train/exact_match_acc":0.9970703125,"train/K_max":16,"_runtime":293.209431831,"test/K16/loss":0.0018011267529800534,"train/token_acc":0.99981689453125,"train/K_mean":16,"iter":39751,"test/K16/exact_match_acc":0.99,"_step":39751,"_wandb":{"runtime":293},"lr":1.009735322838044e-06,"iters_done":40000,"test/K16/token_acc":0.999375,"train/K_min":16,"test/K16/pos_abs_err_mean":0.001875,"train/loss":0.0038780418690294027,"test/K16/tf_token_acc":0.999375}