{"test/K32/token_acc":0.999375,"train/exact_match_acc":0.98583984375,"test/K32/pos_abs_err_sum":2,"train/K_min":32,"iters_done":40000,"train/loss":0.0018029656494036317,"_runtime":722.079977158,"train/token_acc":0.9995346069335938,"_wandb":{"runtime":722},"test/K32/exact_match_acc":0.98,"train/K_max":32,"iter":39751,"test/K32/tf_token_acc":0.999375,"test/K32/loss":0.0009624420199543238,"train/K_mean":32,"lr":1.009735322838044e-06,"test/K32/pos_abs_err_mean":0.000625,"_step":39751,"_timestamp":1.7732532899675493e+09}