{"lr":1.009735322838044e-06,"iters_done":40000,"_step":39751,"train/loss":0.36604398488998413,"test/K16/token_acc":0.881875,"_timestamp":1.7731645208202486e+09,"test/K16/tf_token_acc":0.881875,"test/K16/pos_abs_err_mean":0.42375,"train/K_mean":16,"train/exact_match_acc":0.004150390625,"test/K16/exact_match_acc":0.01,"train/K_min":16,"_wandb":{"runtime":205},"test/K16/loss":0.4011897146701813,"_runtime":205.507709302,"train/token_acc":0.8815765380859375,"test/K16/pos_abs_err_sum":678,"iter":39751,"train/K_max":16}