{"test/K32/tf_token_acc":1,"train/K_max":32,"test/K32/pos_abs_err_mean":0,"_wandb":{"runtime":831},"_timestamp":1.7732256837874355e+09,"train/K_min":32,"test/K32/pos_abs_err_sum":0,"train/K_mean":32,"train/loss":4.8526679165661335e-05,"test/K32/token_acc":1,"train/token_acc":0.9999847412109375,"lr":1.009735322838044e-06,"_step":39751,"_runtime":831.105290742,"iters_done":40000,"test/K32/exact_match_acc":1,"train/exact_match_acc":0.99951171875,"iter":39751,"test/K32/loss":3.834404196823016e-06}