{"test/K32/pos_abs_err_sum":0,"test/K32/pos_abs_err_mean":0,"test/K32/token_acc":1,"iters_done":40000,"test/K32/tf_token_acc":1,"_runtime":521.407974375,"train/K_min":32,"iter":39751,"lr":1.009735322838044e-06,"test/K32/exact_match_acc":1,"train/loss":0.00026374825392849743,"_timestamp":1.7732258764880612e+09,"train/K_mean":32,"_step":39751,"test/K32/loss":6.269250297918916e-05,"_wandb":{"runtime":521},"train/K_max":32,"train/token_acc":0.99993896484375,"train/exact_match_acc":0.998046875}