{"iter":39751,"_step":39751,"test/K16/exact_match_acc":0,"test/K16/pos_abs_err_mean":1.024375,"test/K16/pos_abs_err_sum":1639,"iters_done":40000,"test/K16/loss":0.6674362421035767,"train/K_max":16,"train/token_acc":0.8092041015625,"train/K_min":16,"train/exact_match_acc":0,"train/K_mean":16,"_timestamp":1.773165985361289e+09,"test/K16/token_acc":0.81625,"_runtime":242.629434065,"test/K16/tf_token_acc":0.81625,"_wandb":{"runtime":242},"train/loss":0.7008492350578308,"lr":1.009735322838044e-06}