{"train/loss":2.2021658420562744,"test/K16/pos_abs_err_mean":7.823125,"train/K_max":16,"test/K16/token_acc":0.3875,"_step":39751,"test/K16/loss":2.2001962661743164,"train/K_min":16,"iter":39751,"iters_done":40000,"_wandb":{"runtime":622},"_runtime":622.286718104,"test/K16/exact_match_acc":0,"test/K16/pos_abs_err_sum":12517,"lr":1.009735322838044e-06,"test/K16/tf_token_acc":0.3875,"train/K_mean":16,"train/exact_match_acc":0,"_timestamp":1.7731750486926465e+09,"train/token_acc":0.3953094482421875}