{"test/K16/pos_abs_err_sum":0,"test/K16/loss":7.907971848908346e-06,"test/K16/exact_match_acc":1,"train/token_acc":1,"test/K16/pos_abs_err_mean":0,"train/K_min":16,"iters_done":40000,"lr":1.009735322838044e-06,"_runtime":801.100105374,"_wandb":{"runtime":801},"_step":39751,"train/K_max":16,"train/loss":1.051070103130769e-05,"test/K16/token_acc":1,"iter":39751,"_timestamp":1.773175035305732e+09,"test/K16/tf_token_acc":1,"train/K_mean":16,"train/exact_match_acc":1}