{"test/K32/loss":3.167521208524704e-05,"test/K32/exact_match_acc":1,"test/K32/token_acc":1,"iter":39751,"test/K32/tf_token_acc":1,"train/K_max":32,"_timestamp":1.7732678814654586e+09,"_runtime":791.848537355,"lr":1.009735322838044e-06,"train/K_mean":32,"_wandb":{"runtime":791},"iters_done":40000,"train/token_acc":0.9998931884765625,"test/K32/pos_abs_err_sum":0,"train/exact_match_acc":0.99658203125,"_step":39751,"train/K_min":32,"test/K32/pos_abs_err_mean":0,"train/loss":0.0004595411301124841}