{"train/K_min":16,"train/exact_match_acc":0.99951171875,"train/K_max":16,"test/K16/loss":4.798739973921329e-05,"lr":1.009735322838044e-06,"_timestamp":1.773265633711201e+09,"test/K16/tf_token_acc":1,"_runtime":582.853138419,"test/K16/exact_match_acc":1,"_wandb":{"runtime":582},"iter":39751,"_step":39751,"iters_done":40000,"train/token_acc":0.999969482421875,"test/K16/pos_abs_err_sum":0,"test/K16/pos_abs_err_mean":0,"test/K16/token_acc":1,"train/loss":0.00020404237147886306,"train/K_mean":16}