{"test/K16/token_acc":1,"test/K16/exact_match_acc":1,"lr":1.009735322838044e-06,"train/token_acc":0.9999847412109375,"iter":39751,"test/K16/pos_abs_err_mean":0,"test/K16/loss":6.410703008441487e-06,"train/loss":0.00020578331896103919,"_timestamp":1.7732549494418976e+09,"test/K16/tf_token_acc":1,"train/K_max":16,"iters_done":40000,"train/K_min":16,"train/exact_match_acc":0.999755859375,"_step":39751,"test/K16/pos_abs_err_sum":0,"_runtime":440.046593643,"train/K_mean":16,"_wandb":{"runtime":440}}