{"train/K_min":16,"test/K16/pos_abs_err_sum":152,"test/K16/pos_abs_err_mean":0.095,"_runtime":163.311338737,"test/K16/loss":0.18989776074886322,"train/loss":0.2198214828968048,"train/K_mean":16,"lr":1.009735322838044e-06,"iter":39751,"iters_done":40000,"test/K16/token_acc":0.9525,"_timestamp":1.773162750004279e+09,"train/exact_match_acc":0.384033203125,"_wandb":{"runtime":163},"test/K16/exact_match_acc":0.41,"train/K_max":16,"test/K16/tf_token_acc":0.9525,"_step":39751,"train/token_acc":0.9449462890625}