{"train/K_max":16,"_timestamp":1.773212525736679e+09,"test/K16/tf_token_acc":1,"_runtime":252.349410663,"iter":39751,"test/K16/token_acc":1,"test/K16/pos_abs_err_sum":0,"train/K_min":16,"iters_done":40000,"train/K_mean":16,"test/K16/pos_abs_err_mean":0,"test/K16/exact_match_acc":1,"lr":1.009735322838044e-06,"_wandb":{"runtime":252},"train/exact_match_acc":0.999755859375,"test/K16/loss":1.4659613043477293e-05,"train/loss":2.969305387523491e-05,"train/token_acc":0.9999847412109375,"_step":39751}