{"train/K_mean":32,"test/K32/exact_match_acc":0,"test/K32/tf_token_acc":0.3375,"lr":1.009735322838044e-06,"_step":39751,"train/token_acc":0.3431549072265625,"test/K32/pos_abs_err_mean":3.8071875,"_wandb":{"runtime":778},"iter":39751,"test/K32/pos_abs_err_sum":12183,"iters_done":40000,"_runtime":778.080449779,"train/exact_match_acc":0,"train/loss":2.1571125984191895,"test/K32/loss":2.116741895675659,"test/K32/token_acc":0.3375,"train/K_min":32,"train/K_max":32,"_timestamp":1.7732686989102643e+09}