{"test/K16/pos_abs_err_sum":1865,"train/K_min":16,"iter":39751,"test/K16/token_acc":0.655625,"train/token_acc":0.655487060546875,"test/K16/loss":1.2079027891159058,"train/exact_match_acc":0,"_wandb":{"runtime":273},"train/loss":1.19051992893219,"train/K_max":16,"_step":39751,"train/K_mean":16,"test/K16/exact_match_acc":0,"_timestamp":1.7731617476158533e+09,"iters_done":40000,"test/K16/pos_abs_err_mean":1.165625,"lr":1.009735322838044e-06,"_runtime":273.753318368,"test/K16/tf_token_acc":0.655625}