{"train/token_acc":0.704986572265625,"test/K32/loss":0.8498533368110657,"test/K32/exact_match_acc":0,"iter":39751,"lr":1.009735322838044e-06,"train/K_max":32,"_wandb":{"runtime":415},"train/loss":0.8198645710945129,"test/K32/token_acc":0.7021875,"test/K32/tf_token_acc":0.7021875,"iters_done":40000,"train/K_mean":32,"train/exact_match_acc":0,"_runtime":415.109803015,"_timestamp":1.773253893271747e+09,"_step":39751,"train/K_min":32,"test/K32/pos_abs_err_mean":0.5771875,"test/K32/pos_abs_err_sum":1847}