{"_wandb":{"runtime":356},"train/loss":1.3166754245758057,"train/K_mean":32,"_runtime":356.691389632,"test/K32/tf_token_acc":0.5353125,"test/K32/pos_abs_err_mean":0.8421875,"test/K32/token_acc":0.5353125,"iter":39751,"_step":39751,"train/token_acc":0.5322265625,"_timestamp":1.7731631376482565e+09,"train/K_min":32,"train/K_max":32,"lr":1.009735322838044e-06,"test/K32/loss":1.3064723014831543,"test/K32/exact_match_acc":0,"train/exact_match_acc":0,"test/K32/pos_abs_err_sum":2695,"iters_done":40000}