{"train/K_mean":16,"test/K16/token_acc":0.99875,"_timestamp":1.773265849504515e+09,"iters_done":40000,"_runtime":316.211466927,"_wandb":{"runtime":316},"_step":39751,"test/K16/pos_abs_err_mean":0.003125,"train/K_max":16,"test/K16/pos_abs_err_sum":5,"lr":1.009735322838044e-06,"train/token_acc":0.9979705810546875,"test/K16/loss":0.009601760655641556,"train/exact_match_acc":0.9677734375,"train/loss":0.014578910544514656,"test/K16/tf_token_acc":0.99875,"train/K_min":16,"iter":39751,"test/K16/exact_match_acc":0.98}