{"train/loss":0.8911252021789551,"test/K32/tf_token_acc":0.6815625,"_wandb":{"runtime":748},"iter":39751,"train/K_mean":32,"test/K32/loss":0.8991943597793579,"_runtime":748.822698977,"_step":39751,"_timestamp":1.773264250371895e+09,"iters_done":40000,"test/K32/exact_match_acc":0,"test/K32/pos_abs_err_mean":0.974375,"train/exact_match_acc":0,"train/K_min":32,"train/K_max":32,"train/token_acc":0.6927108764648438,"test/K32/token_acc":0.6815625,"test/K32/pos_abs_err_sum":3118,"lr":1.009735322838044e-06}