{"lr":1.009735322838044e-06,"iter":39751,"test/K16/loss":0.019009018316864967,"test/K16/exact_match_acc":0.96,"test/K16/tf_token_acc":0.9975,"_wandb":{"runtime":347},"test/K16/pos_abs_err_sum":115,"train/token_acc":0.9989776611328125,"_step":39751,"test/K16/token_acc":0.9975,"iters_done":40000,"train/loss":0.007864504121243954,"_timestamp":1.7731657389982808e+09,"train/K_min":16,"train/K_max":16,"test/K16/pos_abs_err_mean":0.071875,"_runtime":347.067082698,"train/K_mean":16,"train/exact_match_acc":0.983642578125}