{"test/K32/tf_token_acc":0.9996875,"train/K_mean":32,"train/K_max":32,"train/token_acc":0.99993896484375,"lr":1.009735322838044e-06,"test/K32/loss":0.0011702573392540216,"train/loss":0.0002844726259354502,"train/exact_match_acc":0.998046875,"iters_done":40000,"_wandb":{"runtime":792},"iter":39751,"_step":39751,"_runtime":792.430783164,"test/K32/pos_abs_err_sum":2,"test/K32/pos_abs_err_mean":0.000625,"test/K32/exact_match_acc":0.99,"test/K32/token_acc":0.9996875,"train/K_min":32,"_timestamp":1.7732683183785183e+09}