{"test/K16/exact_match_acc":0.82,"train/K_min":16,"_wandb":{"runtime":269},"test/K16/pos_abs_err_sum":242,"_runtime":269.508712164,"iters_done":40000,"train/exact_match_acc":0.85498046875,"train/token_acc":0.9908599853515625,"test/K16/loss":0.07080868631601334,"_step":39751,"test/K16/token_acc":0.98875,"train/K_max":16,"train/loss":0.05294456705451012,"iter":39751,"test/K16/tf_token_acc":0,"lr":1.009735322838044e-06,"test/K16/pos_abs_err_mean":0.15125,"train/K_mean":16,"_timestamp":1.7730945638263023e+09}