{"train/K_max":16,"train/K_mean":16,"test/K16/pos_abs_err_mean":0.095,"test/K16/token_acc":0.9525,"iter":39751,"test/K16/loss":0.18989776074886322,"train/K_min":16,"train/loss":0.2198214828968048,"_timestamp":1.773162748375394e+09,"test/K16/tf_token_acc":0.9525,"_runtime":163.551945215,"train/exact_match_acc":0.384033203125,"_step":39751,"_wandb":{"runtime":163},"test/K16/exact_match_acc":0.41,"train/token_acc":0.9449462890625,"iters_done":40000,"lr":1.009735322838044e-06,"test/K16/pos_abs_err_sum":152}