{"test/K16/exact_match_acc":0.99,"iters_done":40000,"train/K_mean":16,"lr":1.009735322838044e-06,"iter":39751,"test/K16/token_acc":0.999375,"train/exact_match_acc":0.9970703125,"test/K16/tf_token_acc":0.999375,"train/K_max":16,"train/token_acc":0.99981689453125,"test/K16/pos_abs_err_mean":0.00125,"_runtime":186.81795131,"test/K16/pos_abs_err_sum":2,"_wandb":{"runtime":186},"train/K_min":16,"_step":39751,"train/loss":0.0009357765084132552,"test/K16/loss":0.0013235056539997458,"_timestamp":1.7732039683006444e+09}