{"train/exact_match_acc":0.99951171875,"iter":39751,"_step":39751,"train/K_mean":16,"train/K_min":16,"test/K16/loss":2.2371634258888662e-05,"test/K16/tf_token_acc":1,"train/loss":0.00010630470933392644,"_timestamp":1.77322953551932e+09,"test/K16/pos_abs_err_sum":0,"test/K16/exact_match_acc":1,"_wandb":{"runtime":375},"test/K16/token_acc":1,"train/token_acc":0.999969482421875,"train/K_max":16,"_runtime":375.639519241,"lr":1.009735322838044e-06,"iters_done":40000,"test/K16/pos_abs_err_mean":0}