{"test/K16/token_acc":1,"train/K_mean":16,"test/K16/loss":1.4948844864193234e-06,"test/K16/tf_token_acc":1,"iters_done":40000,"_step":39751,"test/K16/pos_abs_err_mean":0,"_runtime":672.638215472,"train/loss":2.9426009859889746e-06,"_wandb":{"runtime":672},"train/K_max":16,"_timestamp":1.7732202741398413e+09,"test/K16/exact_match_acc":1,"lr":1.009735322838044e-06,"train/K_min":16,"train/exact_match_acc":1,"train/token_acc":1,"iter":39751,"test/K16/pos_abs_err_sum":0}