{"test/K32/token_acc":1,"_runtime":1201.960468473,"train/loss":9.737959771882743e-09,"_wandb":{"runtime":1201},"lr":1.009735322838044e-06,"iters_done":40000,"test/K32/pos_abs_err_sum":0,"test/K32/loss":8.717178978656648e-09,"train/K_min":32,"test/K32/tf_token_acc":1,"test/K32/exact_match_acc":1,"_step":39751,"_timestamp":1.773215349528652e+09,"train/token_acc":1,"test/K32/pos_abs_err_mean":0,"iter":39751,"train/K_max":32,"train/K_mean":32,"train/exact_match_acc":1}