{"test/K32/pos_abs_err_sum":0,"lr":1.009735322838044e-06,"train/loss":1.7075763025786728e-08,"train/exact_match_acc":1,"train/token_acc":1,"_step":39751,"_wandb":{"runtime":1558},"test/K32/tf_token_acc":1,"test/K32/exact_match_acc":1,"train/K_max":32,"train/K_mean":32,"_timestamp":1.773233266016984e+09,"test/K32/token_acc":1,"test/K32/loss":1.352280420974239e-08,"_runtime":1558.868960896,"train/K_min":32,"iter":39751,"iters_done":40000,"test/K32/pos_abs_err_mean":0}