{"train/loss":2.141186996595934e-06,"test/K16/pos_abs_err_mean":0,"_wandb":{"runtime":550},"lr":1.009735322838044e-06,"train/K_min":16,"train/K_mean":16,"train/K_max":16,"iter":39751,"test/K16/loss":1.8973648820974631e-06,"_runtime":550.044837709,"test/K16/exact_match_acc":1,"test/K16/pos_abs_err_sum":0,"_step":39751,"_timestamp":1.7732697931097982e+09,"test/K16/tf_token_acc":1,"iters_done":40000,"test/K16/token_acc":1,"train/token_acc":1,"train/exact_match_acc":1}