{"_step":39751,"test/K32/pos_abs_err_sum":0,"test/K32/tf_token_acc":1,"train/exact_match_acc":1,"_timestamp":1.7732714338634155e+09,"iters_done":40000,"_wandb":{"runtime":1458},"_runtime":1458.229637864,"train/loss":6.251229933695868e-08,"test/K32/pos_abs_err_mean":0,"test/K32/token_acc":1,"lr":1.009735322838044e-06,"train/token_acc":1,"test/K32/exact_match_acc":1,"iter":39751,"train/K_mean":32,"train/K_max":32,"test/K32/loss":5.349516740693616e-08,"train/K_min":32}