{"iter":39751,"iters_done":40000,"lr":1.009735322838044e-06,"test/K32/pos_abs_err_mean":0,"train/K_mean":32,"test/K32/tf_token_acc":1,"_wandb":{"runtime":1013},"train/K_min":32,"train/token_acc":1,"test/K32/loss":3.5278500121194156e-08,"test/K32/exact_match_acc":1,"_timestamp":1.773231668446932e+09,"_runtime":1013.676814532,"train/loss":3.5098310036119074e-08,"train/exact_match_acc":1,"test/K32/pos_abs_err_sum":0,"train/K_max":32,"test/K32/token_acc":1,"_step":39751}