{"test/K16/pos_abs_err_mean":0,"test/K16/loss":1.0609626599489275e-07,"test/K16/token_acc":1,"train/K_min":16,"train/loss":1.0673829820007086e-07,"_step":39751,"_wandb":{"runtime":759},"train/token_acc":1,"_timestamp":1.7732599797815433e+09,"iters_done":40000,"train/K_max":16,"test/K16/exact_match_acc":1,"iter":39751,"test/K16/pos_abs_err_sum":0,"train/K_mean":16,"_runtime":759.259558049,"test/K16/tf_token_acc":1,"lr":1.009735322838044e-06,"train/exact_match_acc":1}