{"train/K_max":16,"iters_done":40000,"test/K16/pos_abs_err_sum":3530,"_wandb":{"runtime":316},"test/K16/tf_token_acc":0.3625,"test/K16/exact_match_acc":0,"_runtime":316.352923552,"test/K16/token_acc":0.3625,"test/K16/pos_abs_err_mean":2.20625,"train/K_min":16,"train/loss":1.8596144914627075,"iter":39751,"train/token_acc":0.356048583984375,"train/K_mean":16,"test/K16/loss":1.8499583005905151,"train/exact_match_acc":0,"_step":39751,"_timestamp":1.7731661012513216e+09,"lr":1.009735322838044e-06}