{"iter":39751,"_wandb":{"runtime":621},"test/K16/pos_abs_err_mean":2.51375,"train/loss":1.4501222372055054,"test/K16/exact_match_acc":0,"lr":1.009735322838044e-06,"_timestamp":1.7731752649239e+09,"test/K16/pos_abs_err_sum":4022,"test/K16/tf_token_acc":0.586875,"iters_done":40000,"train/K_max":16,"_runtime":621.357216983,"test/K16/loss":1.3481014966964722,"train/K_mean":16,"test/K16/token_acc":0.586875,"train/exact_match_acc":0,"_step":39751,"train/K_min":16,"train/token_acc":0.569122314453125}