{"iters_done":40000,"test/K32/tf_token_acc":1,"test/K32/token_acc":1,"train/K_mean":32,"test/K32/exact_match_acc":1,"lr":1.009735322838044e-06,"_wandb":{"runtime":1047},"test/K32/loss":1.5128404129427508e-06,"iter":39751,"_step":39751,"test/K32/pos_abs_err_mean":0,"_runtime":1047.546468155,"train/K_min":32,"_timestamp":1.7732530803637595e+09,"train/token_acc":0.9999923706054688,"train/exact_match_acc":0.999755859375,"test/K32/pos_abs_err_sum":0,"train/K_max":32,"train/loss":4.4215310481376946e-05}