{"_timestamp":1.7731638765685863e+09,"iters_done":40000,"lr":1.009735322838044e-06,"test/K32/loss":0.005186041817069054,"_step":39751,"train/K_min":32,"test/K32/tf_token_acc":0.9984375,"train/exact_match_acc":0.944580078125,"test/K32/token_acc":0.9984375,"test/K32/pos_abs_err_mean":0.0025,"test/K32/pos_abs_err_sum":8,"train/K_mean":32,"_wandb":{"runtime":720},"iter":39751,"train/token_acc":0.9982528686523438,"test/K32/exact_match_acc":0.95,"train/loss":0.00552356755360961,"train/K_max":32,"_runtime":720.77318711}