{"train/token_acc":0.587493896484375,"train/K_mean":32,"_step":39751,"train/K_max":32,"lr":1.009735322838044e-06,"train/K_min":32,"_wandb":{"runtime":415},"iters_done":40000,"_runtime":415.306461946,"iter":39751,"test/K32/pos_abs_err_sum":2299,"test/K32/token_acc":0.58625,"test/K32/loss":1.1515859365463257,"_timestamp":1.7732532736732109e+09,"test/K32/exact_match_acc":0,"train/loss":1.1611850261688232,"test/K32/tf_token_acc":0.58625,"train/exact_match_acc":0,"test/K32/pos_abs_err_mean":0.7184375}