{"train/K_mean":32,"_runtime":623.093696326,"train/K_max":32,"test/K32/pos_abs_err_mean":0.5803125,"_step":39751,"iter":39751,"_timestamp":1.7731651955964308e+09,"_wandb":{"runtime":623},"test/K32/exact_match_acc":0,"train/loss":0.8321166038513184,"test/K32/tf_token_acc":0.6953125,"test/K32/loss":0.8208534121513367,"lr":1.009735322838044e-06,"iters_done":40000,"test/K32/token_acc":0.6953125,"train/exact_match_acc":0,"train/token_acc":0.6934661865234375,"train/K_min":32,"test/K32/pos_abs_err_sum":1857}