{"lr":1.009735322838044e-06,"train/token_acc":0.999969482421875,"train/exact_match_acc":0.99951171875,"iters_done":40000,"test/K16/pos_abs_err_sum":0,"_runtime":311.388621628,"iter":39751,"_timestamp":1.773255000992012e+09,"_wandb":{"runtime":311},"test/K16/loss":5.8883801102638245e-05,"test/K16/pos_abs_err_mean":0,"train/K_max":16,"test/K16/token_acc":1,"train/K_mean":16,"_step":39751,"train/loss":5.656851863022894e-05,"test/K16/tf_token_acc":1,"test/K16/exact_match_acc":1,"train/K_min":16}