{"test/K16/pos_abs_err_sum":0,"test/K16/token_acc":1,"test/K16/pos_abs_err_mean":0,"train/token_acc":1,"train/K_max":16,"train/loss":1.7089405446313322e-07,"_wandb":{"runtime":558},"test/K16/loss":1.5541911579930456e-07,"test/K16/tf_token_acc":1,"iter":39751,"train/exact_match_acc":1,"test/K16/exact_match_acc":1,"lr":1.009735322838044e-06,"_step":39751,"train/K_min":16,"train/K_mean":16,"_runtime":558.22934579,"_timestamp":1.7731695836135592e+09,"iters_done":40000}