{"_timestamp":1.773255682871903e+09,"train/K_max":32,"train/exact_match_acc":0.001220703125,"test/K32/tf_token_acc":0.8821875,"iters_done":40000,"_wandb":{"runtime":527},"_step":39751,"iter":39751,"lr":1.009735322838044e-06,"train/K_mean":32,"test/K32/exact_match_acc":0,"train/loss":0.33124449849128723,"test/K32/token_acc":0.8821875,"test/K32/pos_abs_err_sum":717,"train/K_min":32,"train/token_acc":0.8802261352539062,"_runtime":527.207106551,"test/K32/loss":0.32643699645996094,"test/K32/pos_abs_err_mean":0.2240625}