{"test/K16/loss":4.798739973921329e-05,"_runtime":580.445127908,"_wandb":{"runtime":580},"test/K16/token_acc":1,"test/K16/tf_token_acc":1,"train/K_min":16,"test/K16/pos_abs_err_sum":0,"train/K_mean":16,"train/exact_match_acc":0.99951171875,"lr":1.009735322838044e-06,"train/token_acc":0.999969482421875,"test/K16/pos_abs_err_mean":0,"train/K_max":16,"iters_done":40000,"_timestamp":1.7732656077056034e+09,"train/loss":0.00020404237147886306,"_step":39751,"iter":39751,"test/K16/exact_match_acc":1}