{"iters_done":40000,"test/K16/token_acc":1,"test/K16/loss":0.00019417740986682475,"train/exact_match_acc":0.999267578125,"test/K16/exact_match_acc":1,"_runtime":204.678065277,"test/K16/pos_abs_err_mean":0,"train/K_max":16,"train/token_acc":0.9999542236328125,"test/K16/pos_abs_err_sum":0,"iter":39751,"lr":1.009735322838044e-06,"train/K_mean":16,"train/K_min":16,"_wandb":{"runtime":204},"_timestamp":1.7732550281837027e+09,"_step":39751,"test/K16/tf_token_acc":1,"train/loss":0.0028855851851403713}