{"train/loss":0.08911660313606262,"iter":39751,"test/K16/token_acc":0.98875,"test/K16/pos_abs_err_sum":249,"iters_done":40000,"test/K16/loss":0.07898678630590439,"train/exact_match_acc":0.77978515625,"_step":39751,"test/K16/pos_abs_err_mean":0.155625,"train/K_max":16,"_wandb":{"runtime":268},"test/K16/tf_token_acc":0.98875,"_runtime":268.960052436,"_timestamp":1.7731620781701725e+09,"train/token_acc":0.9857330322265625,"train/K_min":16,"lr":1.009735322838044e-06,"test/K16/exact_match_acc":0.82,"train/K_mean":16}