{"test/K16/pos_abs_err_mean":4.119375,"_wandb":{"runtime":423},"test/K16/exact_match_acc":0,"train/K_min":16,"train/token_acc":0.2764434814453125,"test/K16/tf_token_acc":0.289375,"test/K16/pos_abs_err_sum":6591,"_runtime":423.300578947,"train/K_mean":16,"test/K16/token_acc":0.289375,"lr":1.009735322838044e-06,"_timestamp":1.773172322394519e+09,"_step":39751,"train/loss":2.4043729305267334,"test/K16/loss":2.3534891605377197,"iters_done":40000,"iter":39751,"train/K_max":16,"train/exact_match_acc":0}