{"train/K_min":16,"test/K16/exact_match_acc":1,"train/K_mean":16,"test/K16/token_acc":1,"train/K_max":16,"test/K16/pos_abs_err_sum":0,"test/K16/loss":6.780028627417778e-08,"test/K16/tf_token_acc":1,"_runtime":532.278541324,"train/loss":8.136339602060616e-08,"train/token_acc":1,"_timestamp":1.7732294281795127e+09,"_wandb":{"runtime":532},"lr":1.009735322838044e-06,"train/exact_match_acc":1,"test/K16/pos_abs_err_mean":0,"iter":39751,"_step":39751,"iters_done":40000}