{"iters_done":40000,"test/K16/tf_token_acc":1,"test/K16/token_acc":1,"_step":39751,"test/K16/exact_match_acc":1,"train/K_min":16,"train/K_mean":16,"iter":39751,"test/K16/loss":9.209834388457239e-05,"_timestamp":1.7732665379540088e+09,"test/K16/pos_abs_err_sum":0,"train/K_max":16,"train/token_acc":0.999969482421875,"lr":1.009735322838044e-06,"train/exact_match_acc":0.99951171875,"test/K16/pos_abs_err_mean":0,"train/loss":0.00019020184117835015,"_runtime":420.755002361,"_wandb":{"runtime":420}}