{"test/K32/exact_match_acc":1,"iter":39751,"iters_done":40000,"train/loss":2.4024428057600744e-05,"test/K32/loss":9.107961886911653e-06,"train/K_min":32,"train/token_acc":0.9999923706054688,"test/K32/pos_abs_err_sum":0,"test/K32/token_acc":1,"test/K32/pos_abs_err_mean":0,"test/K32/tf_token_acc":1,"_step":39751,"lr":1.009735322838044e-06,"train/K_max":32,"_runtime":838.58061905,"_wandb":{"runtime":838},"train/exact_match_acc":0.999755859375,"train/K_mean":32,"_timestamp":1.7732558909009209e+09}