{"train/loss":0.0008472066838294268,"train/exact_match_acc":0.99755859375,"train/K_min":16,"test/K16/loss":0.0010660482803359628,"test/K16/pos_abs_err_sum":1,"train/token_acc":0.999847412109375,"train/K_mean":16,"test/K16/pos_abs_err_mean":0.000625,"lr":1.009735322838044e-06,"test/K16/token_acc":0.999375,"test/K16/tf_token_acc":0.999375,"_timestamp":1.7732591801919208e+09,"_wandb":{"runtime":923},"train/K_max":16,"_runtime":923.670556656,"iter":39751,"_step":39751,"test/K16/exact_match_acc":0.99,"iters_done":40000}