{"_runtime":20348,"_step":1070,"train_loss":2.4580776691436768,"test_loss":2.463529348373413,"x":{"_type":"histogram","values":[2,2,2,0,2,6,4,2,2,0,2,2,2,4,4,0,0,0,4,4,6,0,0,4,0,2,4,0,2,0,0,3],"bins":[3,6.90625,10.8125,14.71875,18.625,22.53125,26.4375,30.34375,34.25,38.15625,42.0625,45.96875,49.875,53.78125,57.6875,61.59375,65.5,69.40625,73.3125,77.21875,81.125,85.03125,88.9375,92.84375,96.75,100.65625,104.5625,108.46875,112.375,116.28125,120.1875,124.09375,128]},"_timestamp":1.767674350511613e+09,"_wandb":{"runtime":20348}}