{"iter":39751,"test/K16/pos_abs_err_mean":0,"test/K16/token_acc":1,"train/K_max":16,"test/K16/loss":1.3880431026791484e-07,"train/exact_match_acc":1,"iters_done":40000,"_runtime":562.531768808,"_step":39751,"test/K16/tf_token_acc":1,"_wandb":{"runtime":562},"train/K_min":16,"lr":1.009735322838044e-06,"train/loss":1.646221789997071e-07,"train/token_acc":1,"test/K16/pos_abs_err_sum":0,"test/K16/exact_match_acc":1,"_timestamp":1.7731704334685059e+09,"train/K_mean":16}