{"_timestamp":1.7732589323806267e+09,"test/K16/tf_token_acc":0.999375,"train/K_max":16,"_runtime":349.231597493,"train/exact_match_acc":0.990966796875,"train/K_mean":16,"_step":39751,"test/K16/pos_abs_err_mean":0.000625,"_wandb":{"runtime":349},"test/K16/pos_abs_err_sum":1,"iters_done":40000,"test/K16/exact_match_acc":0.99,"iter":39751,"train/token_acc":0.9994354248046875,"test/K16/loss":0.0026970321778208017,"train/K_min":16,"test/K16/token_acc":0.999375,"train/loss":0.0025258155073970556,"lr":1.009735322838044e-06}