{"_timestamp":1.7732682318348627e+09,"test/K32/exact_match_acc":0.4,"lr":1.009735322838044e-06,"train/K_max":32,"_runtime":777.277774704,"test/K32/pos_abs_err_sum":481,"train/K_mean":32,"_step":39751,"train/loss":0.10806824266910553,"train/K_min":32,"train/token_acc":0.9796905517578125,"_wandb":{"runtime":777},"train/exact_match_acc":0.5009765625,"test/K32/tf_token_acc":0.9765625,"test/K32/pos_abs_err_mean":0.1503125,"iters_done":40000,"iter":39751,"test/K32/loss":0.10886600613594055,"test/K32/token_acc":0.9765625}