{"test/K16/exact_match_acc":1,"test/K16/pos_abs_err_sum":0,"train/K_max":16,"train/K_mean":16,"test/K16/tf_token_acc":1,"train/token_acc":0.999969482421875,"train/exact_match_acc":0.99951171875,"_step":39751,"test/K16/pos_abs_err_mean":0,"iters_done":40000,"lr":1.009735322838044e-06,"test/K16/loss":1.5010461538622621e-05,"_timestamp":1.7732195586726804e+09,"_wandb":{"runtime":445},"test/K16/token_acc":1,"train/K_min":16,"iter":39751,"train/loss":0.0001159526000265032,"_runtime":445.534362071}