{"train/loss":0.0022767551708966494,"iters_done":40000,"train/exact_match_acc":0.977783203125,"test/K32/tf_token_acc":0.9996875,"test/K32/pos_abs_err_sum":1,"test/K32/loss":0.0006312291952781379,"_timestamp":1.773253581763522e+09,"test/K32/token_acc":0.9996875,"train/K_mean":32,"test/K32/exact_match_acc":0.99,"_step":39751,"train/K_min":32,"train/token_acc":0.9993057250976562,"iter":39751,"test/K32/pos_abs_err_mean":0.0003125,"lr":1.009735322838044e-06,"train/K_max":32,"_runtime":723.642339014,"_wandb":{"runtime":723}}