{"test/K32/pos_abs_err_mean":0,"_wandb":{"runtime":1046},"test/K32/tf_token_acc":1,"test/K32/loss":1.5128404129427508e-06,"train/exact_match_acc":0.999755859375,"train/loss":4.4215310481376946e-05,"test/K32/token_acc":1,"iters_done":40000,"_step":39751,"train/K_min":32,"train/K_mean":32,"iter":39751,"test/K32/pos_abs_err_sum":0,"_timestamp":1.7732530652187088e+09,"train/K_max":32,"_runtime":1046.437469878,"lr":1.009735322838044e-06,"test/K32/exact_match_acc":1,"train/token_acc":0.9999923706054688}