{"test/K16/tf_token_acc":0.57375,"iter":39751,"_runtime":282.283347575,"test/K16/token_acc":0.57375,"train/token_acc":0.589599609375,"_step":39751,"_wandb":{"runtime":282},"_timestamp":1.7731641456641474e+09,"train/K_mean":16,"test/K16/loss":1.153465986251831,"train/loss":1.073657512664795,"iters_done":40000,"train/K_min":16,"test/K16/pos_abs_err_mean":0.985,"lr":1.009735322838044e-06,"test/K16/pos_abs_err_sum":1576,"train/K_max":16,"train/exact_match_acc":0,"test/K16/exact_match_acc":0}