{"test/K16/exact_match_acc":0.74,"_runtime":362.43753652,"_wandb":{"runtime":362},"test/K16/pos_abs_err_mean":0.066875,"iters_done":40000,"iter":39751,"test/K16/token_acc":0.9825,"_timestamp":1.7731618675932739e+09,"test/K16/pos_abs_err_sum":107,"train/K_mean":16,"train/exact_match_acc":0.740478515625,"train/K_max":16,"test/K16/loss":0.0626070573925972,"train/token_acc":0.9825592041015625,"test/K16/tf_token_acc":0.9825,"lr":1.009735322838044e-06,"_step":39751,"train/K_min":16,"train/loss":0.06871555745601654}