{"train/token_acc":0.4700775146484375,"test/K32/pos_abs_err_mean":0.9915625,"iters_done":40000,"train/K_min":32,"_step":39751,"test/K32/token_acc":0.46375,"_runtime":419.004485537,"test/K32/pos_abs_err_sum":3173,"iter":39751,"test/K32/loss":1.5059205293655396,"_timestamp":1.773165356157817e+09,"_wandb":{"runtime":419},"train/K_mean":32,"test/K32/exact_match_acc":0,"lr":1.009735322838044e-06,"train/exact_match_acc":0,"train/loss":1.5226942300796509,"train/K_max":32,"test/K32/tf_token_acc":0.46375}