{"train/K_mean":32,"test/K32/pos_abs_err_mean":0.0621875,"test/K32/tf_token_acc":0.97,"iters_done":40000,"train/exact_match_acc":0.234130859375,"_runtime":561.275916461,"train/token_acc":0.968170166015625,"iter":39751,"train/K_max":32,"_step":39751,"test/K32/token_acc":0.97,"train/K_min":32,"_timestamp":1.773253198869358e+09,"test/K32/exact_match_acc":0.26,"_wandb":{"runtime":561},"test/K32/loss":0.04615608602762222,"test/K32/pos_abs_err_sum":199,"lr":1.009735322838044e-06,"train/loss":0.04676567390561104}