{"_step":39751,"test/K16/pos_abs_err_mean":0.16625,"test/K16/exact_match_acc":0.38,"train/exact_match_acc":0.3125,"train/K_mean":16,"train/loss":0.2430799901485443,"_runtime":399.770265926,"_timestamp":1.773261056222081e+09,"test/K16/tf_token_acc":0.9225,"iter":39751,"train/token_acc":0.92523193359375,"test/K16/token_acc":0.9225,"test/K16/pos_abs_err_sum":266,"train/K_min":16,"lr":1.009735322838044e-06,"train/K_max":16,"_wandb":{"runtime":399},"iters_done":40000,"test/K16/loss":0.23042438924312592}