{"test/K16/token_acc":1,"train/loss":0.00024360755924135447,"_runtime":204.622647595,"test/K16/exact_match_acc":1,"train/token_acc":0.9999237060546875,"train/K_mean":16,"_step":39751,"test/K16/pos_abs_err_sum":0,"train/K_max":16,"iter":39751,"lr":1.009735322838044e-06,"train/exact_match_acc":0.998779296875,"iters_done":40000,"_timestamp":1.7732545055484517e+09,"_wandb":{"runtime":204},"test/K16/loss":0.00010138161451322958,"test/K16/tf_token_acc":1,"train/K_min":16,"test/K16/pos_abs_err_mean":0}