{"lr":1.009735322838044e-06,"train/loss":0.0018029656494036317,"train/K_min":32,"_wandb":{"runtime":720},"train/K_mean":32,"test/K32/token_acc":0.999375,"test/K32/exact_match_acc":0.98,"test/K32/pos_abs_err_sum":2,"train/token_acc":0.9995346069335938,"train/K_max":32,"test/K32/pos_abs_err_mean":0.000625,"test/K32/loss":0.0009624420199543238,"iter":39751,"iters_done":40000,"test/K32/tf_token_acc":0.999375,"_step":39751,"_timestamp":1.7732532899744935e+09,"_runtime":720.25767457,"train/exact_match_acc":0.98583984375}