{"test/K16/pos_abs_err_sum":1865,"train/token_acc":0.655487060546875,"iters_done":40000,"iter":39751,"test/K16/tf_token_acc":0.655625,"train/exact_match_acc":0,"test/K16/pos_abs_err_mean":1.165625,"test/K16/token_acc":0.655625,"train/K_mean":16,"_runtime":268.961334386,"test/K16/exact_match_acc":0,"train/K_min":16,"train/loss":1.19051992893219,"test/K16/loss":1.2079027891159058,"train/K_max":16,"_timestamp":1.7731617735213604e+09,"_step":39751,"lr":1.009735322838044e-06,"_wandb":{"runtime":268}}