{"test/K16/exact_match_acc":0.96,"train/loss":0.02082509733736515,"lr":1.009735322838044e-06,"test/K16/pos_abs_err_mean":0.06375,"train/K_min":16,"_wandb":{"runtime":242},"train/exact_match_acc":0.974365234375,"iters_done":40000,"_step":39751,"train/token_acc":0.9983673095703125,"_runtime":242.781774619,"test/K16/pos_abs_err_sum":102,"test/K16/token_acc":0.9975,"train/K_max":16,"train/K_mean":16,"iter":39751,"test/K16/tf_token_acc":0.9975,"test/K16/loss":0.03725523129105568,"_timestamp":1.7732573368781075e+09}