{"iters_done":40000,"_step":39751,"iter":39751,"test/K32/pos_abs_err_mean":0,"train/K_max":32,"test/K32/exact_match_acc":1,"test/K32/tf_token_acc":1,"train/K_mean":32,"train/loss":1.778789737727493e-08,"_runtime":1561.109075979,"test/K32/token_acc":1,"train/token_acc":1,"test/K32/loss":1.5385449358973347e-08,"_wandb":{"runtime":1561},"train/exact_match_acc":1,"_timestamp":1.773235649740931e+09,"train/K_min":32,"test/K32/pos_abs_err_sum":0,"lr":1.009735322838044e-06}