{"_runtime":271.999571593,"train/exact_match_acc":0.77978515625,"test/K16/exact_match_acc":0.82,"train/K_mean":16,"test/K16/pos_abs_err_sum":249,"train/K_max":16,"lr":1.009735322838044e-06,"train/loss":0.08911660313606262,"test/K16/token_acc":0.98875,"_wandb":{"runtime":271},"train/K_min":16,"test/K16/pos_abs_err_mean":0.155625,"_step":39751,"train/token_acc":0.9857330322265625,"_timestamp":1.773162176720487e+09,"test/K16/tf_token_acc":0.98875,"iters_done":40000,"iter":39751,"test/K16/loss":0.07898678630590439}