{"_timestamp":1.7732564226154568e+09,"iter":39751,"test/K32/tf_token_acc":1,"train/K_min":32,"iters_done":40000,"train/K_mean":32,"_wandb":{"runtime":1077},"test/K32/pos_abs_err_sum":0,"test/K32/pos_abs_err_mean":0,"train/loss":0.0008986072498373687,"_runtime":1077.657965587,"train/K_max":32,"lr":1.009735322838044e-06,"test/K32/exact_match_acc":1,"_step":39751,"train/exact_match_acc":0.994140625,"test/K32/token_acc":1,"train/token_acc":0.99981689453125,"test/K32/loss":0.0012874422827735543}