{"test/K16/tf_token_acc":1,"test/K16/pos_abs_err_mean":0,"train/exact_match_acc":0.999267578125,"iter":39751,"iters_done":40000,"_runtime":581.544424602,"test/K16/token_acc":1,"train/loss":0.00034791382495313883,"_step":39751,"train/K_min":16,"test/K16/loss":6.39415520709008e-05,"test/K16/exact_match_acc":1,"_timestamp":1.7732662226783247e+09,"test/K16/pos_abs_err_sum":0,"train/K_mean":16,"train/K_max":16,"train/token_acc":0.9999542236328125,"lr":1.009735322838044e-06,"_wandb":{"runtime":581}}