{"_step":39751,"test/K32/pos_abs_err_mean":0,"test/K32/tf_token_acc":1,"train/loss":0.000495041545946151,"iters_done":40000,"train/exact_match_acc":0.9990234375,"_wandb":{"runtime":1109},"_runtime":1109.800655409,"test/K32/exact_match_acc":1,"_timestamp":1.7732681421740232e+09,"lr":1.009735322838044e-06,"train/K_max":32,"test/K32/pos_abs_err_sum":0,"test/K32/token_acc":1,"iter":39751,"train/token_acc":0.999969482421875,"train/K_min":32,"test/K32/loss":1.6352907550754026e-05,"train/K_mean":32}