{"lr":1.009735322838044e-06,"_wandb":{"runtime":500},"_step":39751,"_timestamp":1.773217605854983e+09,"test/K32/tf_token_acc":1,"train/exact_match_acc":1,"test/K32/pos_abs_err_mean":0,"test/K32/loss":6.029382575434283e-07,"test/K32/exact_match_acc":1,"test/K32/token_acc":1,"train/K_mean":32,"train/loss":4.5677552407141775e-07,"iter":39751,"test/K32/pos_abs_err_sum":0,"train/K_min":32,"_runtime":500.357241342,"iters_done":40000,"train/token_acc":1,"train/K_max":32}