{"train/K_mean":16,"train/K_min":16,"train/exact_match_acc":1,"test/K16/exact_match_acc":1,"lr":1.009735322838044e-06,"iter":39751,"iters_done":40000,"test/K16/tf_token_acc":1,"_step":39751,"_timestamp":1.7731749542350101e+09,"_runtime":798.487914485,"train/loss":1.051070103130769e-05,"test/K16/pos_abs_err_mean":0,"_wandb":{"runtime":798},"test/K16/token_acc":1,"train/token_acc":1,"test/K16/loss":7.907971848908346e-06,"test/K16/pos_abs_err_sum":0,"train/K_max":16}