{"test/K16/loss":0.00020729989046230912,"test/K16/token_acc":1,"iter":39751,"train/token_acc":0.9998779296875,"train/loss":0.0006432269001379609,"_timestamp":1.7731722649655397e+09,"train/K_mean":16,"_runtime":420.246619874,"test/K16/pos_abs_err_sum":0,"test/K16/tf_token_acc":1,"train/K_max":16,"_step":39751,"iters_done":40000,"train/exact_match_acc":0.998046875,"train/K_min":16,"lr":1.009735322838044e-06,"test/K16/exact_match_acc":1,"test/K16/pos_abs_err_mean":0,"_wandb":{"runtime":420}}