{"test/K16/exact_match_acc":0,"train/K_min":16,"test/K16/tf_token_acc":0.78875,"train/token_acc":0.797027587890625,"test/K16/pos_abs_err_mean":2.759375,"_step":39751,"test/K16/loss":0.907593309879303,"_runtime":316.257806567,"train/K_mean":16,"train/exact_match_acc":0,"_wandb":{"runtime":316},"train/loss":0.8737815618515015,"train/K_max":16,"test/K16/pos_abs_err_sum":4415,"iter":39751,"lr":1.009735322838044e-06,"_timestamp":1.7731718579774513e+09,"test/K16/token_acc":0.78875,"iters_done":40000}