{"_step":39751,"train/K_max":32,"test/K32/exact_match_acc":0,"lr":1.009735322838044e-06,"test/K32/pos_abs_err_mean":0.8534375,"iter":39751,"test/K32/loss":1.2301722764968872,"test/K32/tf_token_acc":0.5625,"iters_done":40000,"test/K32/token_acc":0.5625,"test/K32/pos_abs_err_sum":2731,"_runtime":356.656283241,"train/loss":1.242220163345337,"train/exact_match_acc":0,"train/token_acc":0.5609283447265625,"train/K_min":32,"_timestamp":1.7732542132608807e+09,"train/K_mean":32,"_wandb":{"runtime":356}}