{"test/K16/tf_token_acc":1,"test/K16/loss":3.3507496937090764e-06,"iter":39751,"train/token_acc":1,"_wandb":{"runtime":849},"train/K_mean":16,"_timestamp":1.7732372603973818e+09,"test/K16/exact_match_acc":1,"train/exact_match_acc":1,"test/K16/pos_abs_err_mean":0,"train/loss":1.228813016496133e-05,"test/K16/token_acc":1,"train/K_max":16,"_runtime":849.901242916,"test/K16/pos_abs_err_sum":0,"_step":39751,"train/K_min":16,"lr":1.009735322838044e-06,"iters_done":40000}