{"_runtime":688.3956615,"iter":39751,"_step":39751,"train/exact_match_acc":1,"test/K32/pos_abs_err_mean":0,"lr":1.009735322838044e-06,"train/token_acc":1,"train/K_max":32,"_wandb":{"runtime":688},"train/loss":3.5645107345771976e-06,"test/K32/token_acc":1,"test/K32/exact_match_acc":1,"train/K_min":32,"test/K32/tf_token_acc":1,"train/K_mean":32,"iters_done":40000,"test/K32/loss":4.681572249864985e-07,"_timestamp":1.7732149615948474e+09,"test/K32/pos_abs_err_sum":0}