{"train/exact_match_acc":0.999267578125,"train/K_mean":32,"test/K32/token_acc":1,"_wandb":{"runtime":1046},"test/K32/tf_token_acc":1,"train/K_min":32,"test/K32/pos_abs_err_mean":0,"test/K32/pos_abs_err_sum":0,"train/loss":6.493529508588836e-05,"test/K32/loss":2.31220565183321e-05,"train/token_acc":0.9999771118164062,"test/K32/exact_match_acc":1,"iters_done":40000,"_timestamp":1.7732306200804842e+09,"_runtime":1046.069229967,"lr":1.009735322838044e-06,"iter":39751,"train/K_max":32,"_step":39751}