{"train/K_max":16,"train/loss":2.8256908990442753e-07,"lr":1.009735322838044e-06,"iter":39751,"test/K16/exact_match_acc":1,"_timestamp":1.773227841561031e+09,"train/K_mean":16,"test/K16/token_acc":1,"iters_done":40000,"_wandb":{"runtime":827},"test/K16/pos_abs_err_sum":0,"_runtime":827.566481915,"train/token_acc":1,"train/exact_match_acc":1,"_step":39751,"test/K16/tf_token_acc":1,"train/K_min":16,"test/K16/pos_abs_err_mean":0,"test/K16/loss":1.826882396471774e-07}