{"lr":1.009735322838044e-06,"_wandb":{"runtime":399},"test/K16/pos_abs_err_mean":0,"train/exact_match_acc":0.998779296875,"test/K16/tf_token_acc":1,"_step":39751,"test/K16/pos_abs_err_sum":0,"train/K_max":16,"iters_done":40000,"test/K16/exact_match_acc":1,"train/K_min":16,"_runtime":399.588384783,"test/K16/loss":5.1373317546676844e-05,"_timestamp":1.7731702461873329e+09,"train/token_acc":0.9999237060546875,"test/K16/token_acc":1,"train/loss":0.00029852919396944344,"train/K_mean":16,"iter":39751}