{"test/K16/pos_abs_err_sum":0,"_runtime":372.212898751,"lr":1.009735322838044e-06,"test/K16/token_acc":1,"test/K16/exact_match_acc":1,"test/K16/loss":4.366785333331791e-07,"iter":39751,"train/token_acc":1,"train/K_mean":16,"_timestamp":1.7732110834829915e+09,"iters_done":40000,"test/K16/pos_abs_err_mean":0,"train/exact_match_acc":1,"_step":39751,"test/K16/tf_token_acc":1,"train/K_min":16,"_wandb":{"runtime":372},"train/loss":1.6776139091234654e-06,"train/K_max":16}