{"train/token_acc":0.36893463134765625,"_timestamp":1.773168110112826e+09,"_step":39751,"test/K32/token_acc":0.3528125,"train/K_max":32,"train/exact_match_acc":0,"iter":39751,"_wandb":{"runtime":441},"train/K_mean":32,"lr":1.009735322838044e-06,"test/K32/loss":1.9270777702331543,"iters_done":40000,"test/K32/pos_abs_err_sum":6743,"test/K32/exact_match_acc":0,"test/K32/tf_token_acc":0.3528125,"test/K32/pos_abs_err_mean":2.1071875,"_runtime":441.113230941,"train/loss":1.9049304723739624,"train/K_min":32}