{"_runtime":553.882067337,"train/K_max":32,"train/K_min":32,"test/K32/loss":0.11212825030088425,"train/K_mean":32,"iters_done":40000,"test/K32/tf_token_acc":0.9659375,"lr":1.009735322838044e-06,"train/exact_match_acc":0.046142578125,"test/K32/exact_match_acc":0.06,"_wandb":{"runtime":553},"test/K32/pos_abs_err_mean":0.133125,"iter":39751,"train/token_acc":0.966461181640625,"_step":39751,"train/loss":0.10861910134553909,"test/K32/token_acc":0.9659375,"test/K32/pos_abs_err_sum":426,"_timestamp":1.7732655701306736e+09}