{"test/K32/exact_match_acc":0,"test/K32/loss":1.289609432220459,"_timestamp":1.773273101735905e+09,"test/K32/pos_abs_err_mean":2.4696875,"train/K_mean":32,"iter":39751,"iters_done":40000,"test/K32/token_acc":0.5825,"_step":39751,"train/K_max":32,"test/K32/pos_abs_err_sum":7903,"lr":1.009735322838044e-06,"_runtime":1182.905650465,"_wandb":{"runtime":1182},"train/loss":1.2880303859710693,"train/K_min":32,"train/token_acc":0.5768356323242188,"train/exact_match_acc":0,"test/K32/tf_token_acc":0.5825}