{"iters_done":40000,"test/K32/pos_abs_err_mean":0,"lr":1.009735322838044e-06,"train/K_max":32,"_step":39751,"train/loss":0.0017416321206837893,"_timestamp":1.773273250859595e+09,"train/exact_match_acc":0.995361328125,"test/K32/pos_abs_err_sum":0,"train/K_min":32,"train/K_mean":32,"train/token_acc":0.9998550415039062,"_wandb":{"runtime":823},"test/K32/exact_match_acc":1,"_runtime":823.846887369,"test/K32/loss":0.0008044493151828647,"iter":39751,"test/K32/token_acc":1,"test/K32/tf_token_acc":1}