{"iter":39751,"test/K32/exact_match_acc":1,"test/K32/tf_token_acc":1,"lr":1.009735322838044e-06,"test/K32/token_acc":1,"train/K_mean":32,"train/K_max":32,"_step":39751,"train/loss":1.5108889783732593e-06,"test/K32/pos_abs_err_mean":0,"train/token_acc":1,"_runtime":1223.276681879,"test/K32/loss":8.842349075166567e-07,"_wandb":{"runtime":1223},"test/K32/pos_abs_err_sum":0,"train/exact_match_acc":1,"train/K_min":32,"iters_done":40000,"_timestamp":1.7732234945508397e+09}