{"_runtime":431.434435573,"lr":1.009735322838044e-06,"test/K16/tf_token_acc":0.88,"test/K16/pos_abs_err_sum":3079,"_timestamp":1.7731743780053782e+09,"_wandb":{"runtime":431},"_step":39751,"train/K_max":16,"train/exact_match_acc":0,"iters_done":40000,"train/K_mean":16,"train/K_min":16,"test/K16/pos_abs_err_mean":1.924375,"train/loss":0.49567487835884094,"test/K16/loss":0.5683252811431885,"iter":39751,"train/token_acc":0.8855743408203125,"test/K16/exact_match_acc":0,"test/K16/token_acc":0.88}