{"test/K16/pos_abs_err_sum":5870,"_wandb":{"runtime":622},"test/K16/token_acc":0.54125,"_timestamp":1.773174432661761e+09,"test/K16/tf_token_acc":0.54125,"lr":1.009735322838044e-06,"train/K_max":16,"train/K_mean":16,"iter":39751,"_runtime":622.888810264,"test/K16/exact_match_acc":0,"iters_done":40000,"train/token_acc":0.5328216552734375,"train/exact_match_acc":0,"train/K_min":16,"_step":39751,"test/K16/pos_abs_err_mean":3.66875,"train/loss":1.5735810995101929,"test/K16/loss":1.6119688749313354}