{"test/K32/loss":0.003136351006105542,"test/K32/pos_abs_err_mean":0.0109375,"_runtime":761.221494601,"iters_done":40000,"train/K_mean":32,"_timestamp":1.7731712254014702e+09,"_wandb":{"runtime":761},"train/token_acc":0.99951171875,"_step":39751,"test/K32/exact_match_acc":0.97,"test/K32/tf_token_acc":0.9990625,"train/K_min":32,"train/K_max":32,"test/K32/pos_abs_err_sum":35,"lr":1.009735322838044e-06,"test/K32/token_acc":0.9990625,"train/loss":0.0015881211729720235,"iter":39751,"train/exact_match_acc":0.984375}