{"test/K32/pos_abs_err_mean":0,"_wandb":{"runtime":709},"test/K32/tf_token_acc":1,"train/token_acc":0.999847412109375,"lr":1.009735322838044e-06,"_timestamp":1.773221351271557e+09,"train/exact_match_acc":0.995361328125,"_runtime":709.441472974,"_step":39751,"train/K_max":32,"train/K_min":32,"test/K32/loss":0.0007724229944869876,"train/K_mean":32,"test/K32/pos_abs_err_sum":0,"iters_done":40000,"iter":39751,"test/K32/exact_match_acc":1,"train/loss":0.000986555591225624,"test/K32/token_acc":1}