{"_runtime":532.539655845,"train/token_acc":1,"iter":39751,"_wandb":{"runtime":532},"test/K16/pos_abs_err_sum":0,"train/exact_match_acc":1,"_step":39751,"test/K16/tf_token_acc":1,"train/K_min":16,"test/K16/loss":7.414072911160474e-07,"train/K_mean":16,"test/K16/token_acc":1,"train/K_max":16,"test/K16/pos_abs_err_mean":0,"iters_done":40000,"_timestamp":1.7732270878151133e+09,"train/loss":3.1909985409583896e-07,"lr":1.009735322838044e-06,"test/K16/exact_match_acc":1}