{"_wandb":{"runtime":288},"test/K16/token_acc":0.999375,"train/K_mean":16,"train/loss":0.0033121886663138866,"iters_done":40000,"iter":39751,"test/K16/loss":0.003134684870019555,"test/K16/pos_abs_err_sum":1,"_runtime":288.468742144,"lr":1.009735322838044e-06,"test/K16/tf_token_acc":0.999375,"train/K_max":16,"_timestamp":1.773220599547621e+09,"train/exact_match_acc":0.98876953125,"test/K16/pos_abs_err_mean":0.000625,"train/token_acc":0.999298095703125,"train/K_min":16,"test/K16/exact_match_acc":0.99,"_step":39751}