{"test_loss":1.7408651113510132,"x":{"bins":[2,5.9375,9.875,13.8125,17.75,21.6875,25.625,29.5625,33.5,37.4375,41.375,45.3125,49.25,53.1875,57.125,61.0625,65,68.9375,72.875,76.8125,80.75,84.6875,88.625,92.5625,96.5,100.4375,104.375,108.3125,112.25,116.1875,120.125,124.0625,128],"_type":"histogram","values":[2,2,0,4,2,2,0,2,4,0,2,2,2,2,2,0,2,2,4,4,2,2,0,2,2,4,2,0,4,4,0,3]},"_timestamp":1.7675213617525616e+09,"_step":1199,"_wandb":{"runtime":14271},"_runtime":14271,"train_loss":1.7428219318389893}