{"test/K32/loss":0.00012727626017294824,"test/K32/pos_abs_err_sum":0,"iter":39751,"_wandb":{"runtime":499},"_runtime":499.487302144,"_step":39751,"train/K_min":32,"train/exact_match_acc":0.999267578125,"lr":1.009735322838044e-06,"train/token_acc":0.9999771118164062,"test/K32/pos_abs_err_mean":0,"iters_done":40000,"train/K_mean":32,"_timestamp":1.773207477727818e+09,"test/K32/token_acc":1,"test/K32/tf_token_acc":1,"test/K32/exact_match_acc":1,"train/K_max":32,"train/loss":0.0001919825008371845}