{"_wandb":{"runtime":791},"test/K32/tf_token_acc":1,"_timestamp":1.7731730865404792e+09,"_runtime":791.736642285,"train/exact_match_acc":0.990234375,"test/K32/pos_abs_err_sum":0,"iter":39751,"train/loss":0.001852109795436263,"test/K32/loss":0.00034668008447624743,"test/K32/exact_match_acc":1,"train/token_acc":0.99969482421875,"lr":1.009735322838044e-06,"iters_done":40000,"train/K_min":32,"test/K32/token_acc":1,"_step":39751,"train/K_max":32,"test/K32/pos_abs_err_mean":0,"train/K_mean":32}