{"_wandb":{"runtime":647},"lr":1.009735322838044e-06,"test/K32/exact_match_acc":0.78,"train/loss":0.034952595829963684,"test/K32/pos_abs_err_mean":0.115,"iter":39751,"train/K_max":32,"_runtime":647.096605799,"test/K32/pos_abs_err_sum":368,"test/K32/loss":0.04970252886414528,"train/exact_match_acc":0.831298828125,"_timestamp":1.7731672137287204e+09,"test/K32/tf_token_acc":0.993125,"_step":39751,"iters_done":40000,"train/K_mean":32,"train/token_acc":0.9945526123046875,"test/K32/token_acc":0.993125,"train/K_min":32}