{"train/loss":0.005713177379220724,"train/K_mean":16,"train/token_acc":0.9987640380859375,"test/K16/exact_match_acc":0.96,"test/K16/loss":0.015849163755774498,"iter":39751,"test/K16/tf_token_acc":0.9975,"train/exact_match_acc":0.98046875,"test/K16/token_acc":0.9975,"_timestamp":1.7732527444062247e+09,"_wandb":{"runtime":362},"_runtime":362.841750373,"test/K16/pos_abs_err_sum":30,"train/K_min":16,"_step":39751,"train/K_max":16,"lr":1.009735322838044e-06,"test/K16/pos_abs_err_mean":0.01875,"iters_done":40000}