{"_step":39751,"train/K_min":32,"test/K32/pos_abs_err_sum":1376,"test/K32/tf_token_acc":0.870625,"train/K_mean":32,"iter":39751,"test/K32/pos_abs_err_mean":0.43,"_wandb":{"runtime":553},"_timestamp":1.7732631224491186e+09,"test/K32/token_acc":0.870625,"train/exact_match_acc":0,"train/K_max":32,"train/loss":0.384020060300827,"_runtime":553.708522039,"lr":1.009735322838044e-06,"iters_done":40000,"train/token_acc":0.8729705810546875,"test/K32/exact_match_acc":0,"test/K32/loss":0.3846495449542999}