{"test/K16/tf_token_acc":1,"_timestamp":1.773226982860782e+09,"test/K16/token_acc":1,"test/K16/pos_abs_err_sum":0,"test/K16/pos_abs_err_mean":0,"iters_done":40000,"train/exact_match_acc":0.999755859375,"test/K16/loss":3.163315341225825e-05,"test/K16/exact_match_acc":1,"train/loss":0.0003107653756160289,"train/K_max":16,"_runtime":375.599591066,"_step":39751,"iter":39751,"lr":1.009735322838044e-06,"_wandb":{"runtime":375},"train/token_acc":0.9999847412109375,"train/K_mean":16,"train/K_min":16}