{"test/K16/pos_abs_err_mean":0,"_wandb":{"runtime":673},"_runtime":673.618931675,"test/K16/token_acc":1,"test/K16/exact_match_acc":1,"train/K_mean":16,"test/K16/pos_abs_err_sum":0,"train/K_max":16,"test/K16/loss":9.031296031025704e-06,"test/K16/tf_token_acc":1,"lr":1.009735322838044e-06,"_timestamp":1.7732182300698698e+09,"iter":39751,"train/K_min":16,"iters_done":40000,"train/token_acc":1,"train/exact_match_acc":1,"_step":39751,"train/loss":3.972480044467375e-06}