{"train/exact_match_acc":0,"train/loss":1.5344672203063965,"test/K16/tf_token_acc":0.0125,"train/token_acc":0.422882080078125,"lr":1.009735322838044e-06,"_timestamp":1.7730943529017212e+09,"iters_done":40000,"test/K16/token_acc":0.415625,"train/K_mean":16,"_step":39751,"test/K16/exact_match_acc":0,"train/K_max":16,"iter":39751,"test/K16/loss":1.5486822128295898,"_runtime":209.210630398,"_wandb":{"runtime":209},"test/K16/pos_abs_err_sum":2136,"test/K16/pos_abs_err_mean":1.335,"train/K_min":16}