{"test/K32/pos_abs_err_mean":0.3684375,"_wandb":{"runtime":560},"test/K32/loss":0.7421404123306274,"_step":39751,"train/K_mean":32,"iters_done":40000,"test/K32/tf_token_acc":0.8025,"test/K32/exact_match_acc":0,"lr":1.009735322838044e-06,"_runtime":560.808416432,"train/token_acc":0.79693603515625,"train/loss":0.7545136213302612,"test/K32/token_acc":0.8025,"_timestamp":1.7731638336283374e+09,"train/K_max":32,"test/K32/pos_abs_err_sum":1179,"iter":39751,"train/K_min":32,"train/exact_match_acc":0}