{"train/K_mean":32,"test/K32/token_acc":0.654375,"train/K_max":32,"test/K32/tf_token_acc":0.654375,"test/K32/pos_abs_err_sum":2111,"train/K_min":32,"test/K32/pos_abs_err_mean":0.6596875,"test/K32/loss":0.9821004271507263,"lr":1.009735322838044e-06,"_runtime":419.345910899,"_step":39751,"train/exact_match_acc":0,"train/loss":0.9907606840133667,"_wandb":{"runtime":419},"test/K32/exact_match_acc":0,"iters_done":40000,"_timestamp":1.7732565874851158e+09,"iter":39751,"train/token_acc":0.64910888671875}