{"_wandb":{"runtime":431},"train/K_max":16,"test/K16/pos_abs_err_sum":2642,"iter":39751,"test/K16/loss":0.5143441557884216,"lr":1.009735322838044e-06,"test/K16/exact_match_acc":0,"_runtime":431.377781353,"test/K16/tf_token_acc":0.873125,"iters_done":40000,"train/token_acc":0.873687744140625,"_step":39751,"train/loss":0.5258926749229431,"train/K_min":16,"train/exact_match_acc":0.000244140625,"train/K_mean":16,"test/K16/pos_abs_err_mean":1.65125,"test/K16/token_acc":0.873125,"_timestamp":1.773175438062965e+09}