{"iters_done":40000,"train/K_max":16,"train/K_mean":16,"iter":39751,"_wandb":{"runtime":759},"lr":1.009735322838044e-06,"test/K16/pos_abs_err_mean":0,"train/exact_match_acc":1,"test/K16/exact_match_acc":1,"test/K16/token_acc":1,"test/K16/pos_abs_err_sum":0,"_runtime":759.732560393,"test/K16/loss":6.459653434376378e-08,"train/loss":1.0479197953827679e-07,"train/token_acc":1,"test/K16/tf_token_acc":1,"_timestamp":1.7732642083435268e+09,"train/K_min":16,"_step":39751}