{"test/K32/pos_abs_err_mean":0.3684375,"train/K_mean":32,"_wandb":{"runtime":564},"test/K32/token_acc":0.8025,"iters_done":40000,"test/K32/tf_token_acc":0.8025,"train/K_max":32,"_step":39751,"_timestamp":1.7731637857192497e+09,"train/token_acc":0.79693603515625,"lr":1.009735322838044e-06,"test/K32/exact_match_acc":0,"iter":39751,"test/K32/loss":0.7421404123306274,"_runtime":564.607081179,"test/K32/pos_abs_err_sum":1179,"train/exact_match_acc":0,"train/loss":0.7545136213302612,"train/K_min":32}