{"test/K32/pos_abs_err_mean":0,"train/token_acc":1,"test/K32/tf_token_acc":1,"train/loss":1.4633769751526415e-06,"train/exact_match_acc":1,"_runtime":1053.786128113,"test/K32/loss":1.5083700191098615e-06,"_wandb":{"runtime":1053},"iters_done":40000,"lr":1.009735322838044e-06,"test/K32/token_acc":1,"_timestamp":1.7732636265915315e+09,"train/K_max":32,"test/K32/pos_abs_err_sum":0,"_step":39751,"test/K32/exact_match_acc":1,"iter":39751,"train/K_min":32,"train/K_mean":32}