{"train/exact_match_acc":0.998779296875,"test/K32/token_acc":0.9996875,"test/K32/loss":0.000729216611944139,"test/K32/pos_abs_err_mean":0.0015625,"train/K_min":32,"lr":1.009735322838044e-06,"test/K32/pos_abs_err_sum":5,"_step":39751,"train/token_acc":0.9999618530273438,"train/loss":0.0002717773604672402,"train/K_max":32,"_timestamp":1.7732691413199024e+09,"_runtime":791.794722574,"iters_done":40000,"train/K_mean":32,"test/K32/exact_match_acc":0.99,"iter":39751,"_wandb":{"runtime":791},"test/K32/tf_token_acc":0.9996875}