{"train/exact_match_acc":0.988037109375,"iters_done":40000,"test/K16/tf_token_acc":0.999375,"lr":1.009735322838044e-06,"test/K16/token_acc":0.999375,"_runtime":409.693608565,"test/K16/exact_match_acc":0.99,"train/K_mean":16,"test/K16/pos_abs_err_sum":10,"train/loss":0.003784016938880086,"train/K_max":16,"_step":39751,"_wandb":{"runtime":409},"train/K_min":16,"_timestamp":1.7732190527552228e+09,"test/K16/pos_abs_err_mean":0.00625,"test/K16/loss":0.003174228360876441,"train/token_acc":0.9992523193359375,"iter":39751}