{"test/K32/pos_abs_err_mean":0.4759375,"iter":39751,"test/K32/pos_abs_err_sum":1523,"train/loss":0.7306208610534668,"test/K32/exact_match_acc":0,"train/K_max":32,"test/K32/token_acc":0.7403125,"_wandb":{"runtime":414},"train/token_acc":0.7407608032226562,"_timestamp":1.773253017074523e+09,"lr":1.009735322838044e-06,"_runtime":414.961796471,"test/K32/loss":0.7211142182350159,"train/K_mean":32,"test/K32/tf_token_acc":0.7403125,"_step":39751,"train/K_min":32,"iters_done":40000,"train/exact_match_acc":0}