{"_timestamp":1.773263044860478e+09,"test/K16/pos_abs_err_sum":4,"_wandb":{"runtime":923},"train/loss":0.0065668001770973206,"train/K_min":16,"train/exact_match_acc":0.9765625,"_runtime":923.144083598,"train/K_max":16,"test/K16/pos_abs_err_mean":0.0025,"test/K16/exact_match_acc":0.98,"test/K16/tf_token_acc":0.99875,"train/token_acc":0.9984283447265625,"_step":39751,"train/K_mean":16,"lr":1.009735322838044e-06,"iters_done":40000,"test/K16/token_acc":0.99875,"test/K16/loss":0.0031790691427886486,"iter":39751}