{"train/exact_match_acc":0.999755859375,"lr":1.009735322838044e-06,"train/K_max":32,"iters_done":40000,"test/K32/pos_abs_err_sum":0,"train/K_mean":32,"_runtime":1055.201711127,"train/loss":0.00012803215940948576,"train/K_min":32,"_wandb":{"runtime":1055},"test/K32/token_acc":1,"_timestamp":1.7732632157138927e+09,"test/K32/exact_match_acc":1,"test/K32/tf_token_acc":1,"_step":39751,"train/token_acc":0.9999923706054688,"test/K32/pos_abs_err_mean":0,"iter":39751,"test/K32/loss":1.7065107385860756e-05}