{"train/K_min":32,"train/K_max":32,"train/token_acc":0.9999923706054688,"lr":1.009735322838044e-06,"test/K32/pos_abs_err_mean":0,"_step":39751,"train/exact_match_acc":0.999755859375,"train/K_mean":32,"test/K32/pos_abs_err_sum":0,"_wandb":{"runtime":703},"iters_done":40000,"_timestamp":1.7732363805352094e+09,"_runtime":703.897184025,"test/K32/loss":2.8313324946793728e-06,"iter":39751,"test/K32/tf_token_acc":1,"train/loss":1.8158909369958565e-05,"test/K32/exact_match_acc":1,"test/K32/token_acc":1}