{"test/K16/loss":0.0016803459729999304,"test/K16/pos_abs_err_mean":0.003125,"_wandb":{"runtime":421},"train/K_mean":16,"train/loss":0.00039529934292659163,"iters_done":40000,"train/exact_match_acc":0.9990234375,"train/K_min":16,"_step":39751,"test/K16/exact_match_acc":0.99,"_timestamp":1.7732657064853327e+09,"test/K16/tf_token_acc":0.999375,"train/token_acc":0.99993896484375,"test/K16/pos_abs_err_sum":5,"_runtime":421.223898469,"iter":39751,"lr":1.009735322838044e-06,"test/K16/token_acc":0.999375,"train/K_max":16}