{"_runtime":777.901460878,"iters_done":40000,"train/K_min":32,"train/token_acc":0.17201995849609375,"test/K32/pos_abs_err_sum":14511,"test/K32/exact_match_acc":0,"_timestamp":1.7731738836044145e+09,"_wandb":{"runtime":777},"_step":39751,"train/K_max":32,"test/K32/loss":2.6470260620117188,"train/K_mean":32,"lr":1.009735322838044e-06,"test/K32/pos_abs_err_mean":4.5346875,"iter":39751,"test/K32/token_acc":0.17,"train/exact_match_acc":0,"test/K32/tf_token_acc":0.17,"train/loss":2.6668710708618164}