{"iters_done":40000,"train/K_max":32,"iter":39751,"test/K32/pos_abs_err_mean":0.0915625,"train/loss":0.04038571938872337,"test/K32/exact_match_acc":0.76,"train/K_min":32,"_step":39751,"train/token_acc":0.993682861328125,"test/K32/loss":0.03485328331589699,"_runtime":588.866561391,"train/K_mean":32,"_wandb":{"runtime":588},"test/K32/token_acc":0.991875,"test/K32/tf_token_acc":0.991875,"_timestamp":1.7732678702850115e+09,"test/K32/pos_abs_err_sum":293,"lr":1.009735322838044e-06,"train/exact_match_acc":0.81103515625}