{"_wandb":{"runtime":759},"train/loss":1.0479197953827679e-07,"test/K16/pos_abs_err_mean":0,"lr":1.009735322838044e-06,"_timestamp":1.7732642109086306e+09,"iters_done":40000,"test/K16/loss":6.459653434376378e-08,"train/exact_match_acc":1,"_runtime":759.825597668,"test/K16/exact_match_acc":1,"test/K16/pos_abs_err_sum":0,"train/K_max":16,"test/K16/tf_token_acc":1,"train/token_acc":1,"_step":39751,"iter":39751,"train/K_min":16,"train/K_mean":16,"test/K16/token_acc":1}