{"_step":39751,"train/token_acc":0.999755859375,"_timestamp":1.773269469102299e+09,"test/K16/exact_match_acc":1,"lr":1.009735322838044e-06,"test/K16/pos_abs_err_sum":0,"iter":39751,"test/K16/tf_token_acc":1,"train/K_min":16,"iters_done":40000,"train/exact_match_acc":0.99609375,"train/K_max":16,"test/K16/loss":0.0009859261335805058,"_runtime":431.708517389,"train/K_mean":16,"_wandb":{"runtime":431},"test/K16/token_acc":1,"train/loss":0.002299848012626171,"test/K16/pos_abs_err_mean":0}