{"iter":39751,"train/token_acc":0.9989776611328125,"_wandb":{"runtime":347},"train/K_max":16,"train/exact_match_acc":0.983642578125,"_timestamp":1.7731657401092584e+09,"iters_done":40000,"test/K16/pos_abs_err_mean":0.071875,"test/K16/pos_abs_err_sum":115,"_step":39751,"train/K_mean":16,"test/K16/token_acc":0.9975,"train/loss":0.007864504121243954,"test/K16/tf_token_acc":0.9975,"test/K16/loss":0.019009018316864967,"lr":1.009735322838044e-06,"test/K16/exact_match_acc":0.96,"_runtime":347.905880906,"train/K_min":16}