{"test/K16/tf_token_acc":0.7125,"train/exact_match_acc":0.00244140625,"iters_done":40000,"train/K_mean":16,"_step":39751,"test/K16/pos_abs_err_mean":1.869375,"test/K16/exact_match_acc":0,"_wandb":{"runtime":621},"_timestamp":1.7732703918186507e+09,"train/K_max":16,"train/loss":0.9817527532577515,"train/K_min":16,"train/token_acc":0.684600830078125,"_runtime":621.992717393,"test/K16/pos_abs_err_sum":2991,"test/K16/token_acc":0.7125,"test/K16/loss":0.8944018483161926,"lr":1.009735322838044e-06,"iter":39751}