{"test/K16/token_acc":1,"train/exact_match_acc":1,"_wandb":{"runtime":800},"_runtime":800.481006541,"train/K_mean":16,"test/K16/loss":2.7167052394361235e-06,"train/K_min":16,"iter":39751,"_step":39751,"train/token_acc":1,"train/K_max":16,"lr":1.009735322838044e-06,"test/K16/tf_token_acc":1,"_timestamp":1.7732698634482465e+09,"test/K16/pos_abs_err_sum":0,"train/loss":3.009223291883245e-06,"iters_done":40000,"test/K16/pos_abs_err_mean":0,"test/K16/exact_match_acc":1}