{"test/K16/loss":0.0024194184225052595,"train/loss":0.0006651951116509736,"test/K16/pos_abs_err_sum":18,"test/K16/token_acc":0.99875,"train/K_mean":16,"_runtime":401.626637264,"test/K16/pos_abs_err_mean":0.01125,"test/K16/tf_token_acc":0.99875,"train/exact_match_acc":0.997314453125,"iters_done":40000,"lr":1.009735322838044e-06,"_wandb":{"runtime":401},"train/token_acc":0.9998321533203125,"test/K16/exact_match_acc":0.98,"_step":39751,"_timestamp":1.7731695078217616e+09,"train/K_max":16,"train/K_min":16,"iter":39751}