{"test/K32/token_acc":1,"train/K_min":32,"train/token_acc":1,"test/K32/pos_abs_err_sum":0,"_timestamp":1.7732310430440218e+09,"train/K_max":32,"test/K32/tf_token_acc":1,"test/K32/loss":1.5534460828803276e-08,"test/K32/exact_match_acc":1,"iter":39751,"train/exact_match_acc":1,"test/K32/pos_abs_err_mean":0,"_wandb":{"runtime":1558},"iters_done":40000,"train/K_mean":32,"train/loss":1.7111233319155872e-08,"_step":39751,"lr":1.009735322838044e-06,"_runtime":1558.352506633}