{"_timestamp":1.7732683311663964e+09,"test/K32/pos_abs_err_sum":2,"iter":39751,"train/K_max":32,"_step":39751,"train/token_acc":0.99993896484375,"_wandb":{"runtime":792},"train/K_min":32,"train/K_mean":32,"test/K32/tf_token_acc":0.9996875,"lr":1.009735322838044e-06,"test/K32/pos_abs_err_mean":0.000625,"test/K32/loss":0.0011702573392540216,"train/exact_match_acc":0.998046875,"test/K32/token_acc":0.9996875,"train/loss":0.0002844726259354502,"test/K32/exact_match_acc":0.99,"_runtime":792.342463973,"iters_done":40000}