{"iter":39751,"train/loss":0.00011802899825852364,"train/token_acc":0.9999847412109375,"train/exact_match_acc":0.999755859375,"_timestamp":1.773211613897131e+09,"test/K16/exact_match_acc":1,"_wandb":{"runtime":250},"test/K16/loss":9.626523024053313e-06,"train/K_max":16,"test/K16/pos_abs_err_sum":0,"_runtime":250.623713086,"test/K16/pos_abs_err_mean":0,"lr":1.009735322838044e-06,"train/K_min":16,"test/K16/token_acc":1,"test/K16/tf_token_acc":1,"train/K_mean":16,"_step":39751,"iters_done":40000}