{"_timestamp":1.7731697727306223e+09,"test/K16/pos_abs_err_mean":0.615,"train/K_max":16,"train/exact_match_acc":0.26953125,"train/loss":0.2640848159790039,"test/K16/pos_abs_err_sum":984,"train/K_min":16,"train/token_acc":0.943511962890625,"test/K16/token_acc":0.94,"test/K16/tf_token_acc":0.94,"test/K16/exact_match_acc":0.28,"_runtime":292.846126272,"lr":1.009735322838044e-06,"_step":39751,"_wandb":{"runtime":292},"iter":39751,"train/K_mean":16,"test/K16/loss":0.28795939683914185,"iters_done":40000}