{"test/K32/pos_abs_err_mean":0.673125,"train/loss":0.6121079325675964,"test/K32/loss":0.64797043800354,"_step":39751,"test/K32/pos_abs_err_sum":2154,"train/K_mean":32,"iters_done":40000,"train/token_acc":0.7927169799804688,"train/K_min":32,"_runtime":547.882249127,"_wandb":{"runtime":547},"test/K32/exact_match_acc":0,"iter":39751,"test/K32/token_acc":0.7890625,"_timestamp":1.7732601809546063e+09,"train/exact_match_acc":0,"test/K32/tf_token_acc":0.7890625,"lr":1.009735322838044e-06,"train/K_max":32}