{"test/K32/pos_abs_err_sum":8145,"_step":39751,"test/K32/pos_abs_err_mean":2.5453125,"iter":39751,"train/loss":2.3191840648651123,"test/K32/exact_match_acc":0,"train/K_max":32,"train/token_acc":0.23258209228515625,"train/K_mean":32,"test/K32/tf_token_acc":0.2371875,"_wandb":{"runtime":441},"train/exact_match_acc":0,"_runtime":441.140735643,"lr":1.009735322838044e-06,"test/K32/token_acc":0.2371875,"train/K_min":32,"test/K32/loss":2.3141438961029053,"_timestamp":1.7731670652990866e+09,"iters_done":40000}