{"test/K16/token_acc":0.998125,"test/K16/loss":0.006542550399899483,"_wandb":{"runtime":347},"test/K16/tf_token_acc":0.998125,"train/K_mean":16,"_runtime":347.597066477,"train/token_acc":0.999298095703125,"lr":1.009735322838044e-06,"test/K16/pos_abs_err_mean":0.023125,"train/exact_match_acc":0.98876953125,"iters_done":40000,"_step":39751,"_timestamp":1.7732574451602278e+09,"train/K_max":16,"train/loss":0.0026206178590655327,"test/K16/exact_match_acc":0.97,"iter":39751,"train/K_min":16,"test/K16/pos_abs_err_sum":37}