{"_step":39751,"train/token_acc":1,"test/K16/pos_abs_err_sum":0,"test/K16/loss":8.924156645662151e-06,"iter":39751,"_runtime":673.055466549,"_timestamp":1.773219291829824e+09,"train/K_min":16,"train/K_max":16,"train/loss":2.5978726625908166e-05,"test/K16/tf_token_acc":1,"test/K16/pos_abs_err_mean":0,"test/K16/exact_match_acc":1,"train/exact_match_acc":1,"test/K16/token_acc":1,"_wandb":{"runtime":673},"iters_done":40000,"lr":1.009735322838044e-06,"train/K_mean":16}