{"lr":1.009735322838044e-06,"_step":39751,"train/K_mean":16,"test/K16/token_acc":1,"test/K16/exact_match_acc":1,"test/K16/pos_abs_err_mean":0,"test/K16/loss":1.9631534087238833e-06,"train/exact_match_acc":1,"iters_done":40000,"_timestamp":1.7732703217012804e+09,"test/K16/pos_abs_err_sum":0,"iter":39751,"_wandb":{"runtime":799},"train/K_max":16,"train/K_min":16,"train/token_acc":1,"train/loss":3.404496965231374e-06,"_runtime":799.203960223,"test/K16/tf_token_acc":1}