{"train/K_max":32,"test/K32/exact_match_acc":0.92,"_wandb":{"runtime":855},"_step":39751,"train/token_acc":0.9991683959960938,"train/loss":0.002704893471673131,"test/K32/tf_token_acc":0.9975,"_timestamp":1.7731668776014369e+09,"lr":1.009735322838044e-06,"test/K32/pos_abs_err_sum":33,"train/K_min":32,"train/K_mean":32,"iter":39751,"train/exact_match_acc":0.973388671875,"test/K32/pos_abs_err_mean":0.0103125,"iters_done":40000,"test/K32/loss":0.007374110631644726,"_runtime":855.388640957,"test/K32/token_acc":0.9975}