{"lr":1.009735322838044e-06,"train/K_max":32,"train/token_acc":0.7495574951171875,"test/K32/token_acc":0.7446875,"test/K32/pos_abs_err_mean":0.4528125,"iter":39751,"_wandb":{"runtime":525},"test/K32/loss":0.7092387676239014,"test/K32/pos_abs_err_sum":1449,"test/K32/exact_match_acc":0,"_timestamp":1.7732553483353221e+09,"iters_done":40000,"train/K_min":32,"train/K_mean":32,"train/loss":0.7142300605773926,"_runtime":525.359393684,"_step":39751,"test/K32/tf_token_acc":0.7446875,"train/exact_match_acc":0}