{"train/K_min":16,"iters_done":40000,"test/K16/pos_abs_err_sum":1597,"train/K_max":16,"_timestamp":1.7731704084129825e+09,"_wandb":{"runtime":293},"_runtime":293.288625036,"train/exact_match_acc":0.00048828125,"test/K16/tf_token_acc":0.8625,"train/loss":0.5209364295005798,"train/token_acc":0.863189697265625,"lr":1.009735322838044e-06,"test/K16/loss":0.5448005795478821,"train/K_mean":16,"test/K16/pos_abs_err_mean":0.998125,"test/K16/token_acc":0.8625,"iter":39751,"test/K16/exact_match_acc":0,"_step":39751}