{"_timestamp":1.7732106129691963e+09,"test/K16/loss":4.332534808781929e-05,"_step":39751,"train/K_max":16,"test/K16/pos_abs_err_sum":0,"train/token_acc":0.9999847412109375,"train/K_min":16,"test/K16/token_acc":1,"train/K_mean":16,"_runtime":250.879983589,"test/K16/tf_token_acc":1,"train/exact_match_acc":0.999755859375,"test/K16/exact_match_acc":1,"iters_done":40000,"test/K16/pos_abs_err_mean":0,"_wandb":{"runtime":250},"lr":1.009735322838044e-06,"iter":39751,"train/loss":6.0909398598596454e-05}