{"test/K32/loss":2.373314142227173,"iter":39751,"train/exact_match_acc":0,"test/K32/token_acc":0.215,"train/loss":2.3665599822998047,"_step":39751,"train/K_mean":32,"iters_done":40000,"train/K_max":32,"test/K32/tf_token_acc":0.215,"_timestamp":1.7731708134522488e+09,"test/K32/exact_match_acc":0,"lr":1.009735322838044e-06,"test/K32/pos_abs_err_mean":2.794375,"_runtime":555.14700606,"train/token_acc":0.2115325927734375,"_wandb":{"runtime":555},"train/K_min":32,"test/K32/pos_abs_err_sum":8942}