{"lr":1.009735322838044e-06,"_wandb":{"runtime":279},"test/K16/pos_abs_err_mean":0.005,"iter":39751,"test/K16/exact_match_acc":0.94,"iters_done":40000,"train/K_mean":16,"test/K16/pos_abs_err_sum":8,"test/K16/token_acc":0.995625,"train/K_max":16,"_timestamp":1.773254628541514e+09,"train/token_acc":0.9962921142578125,"train/exact_match_acc":0.94384765625,"test/K16/tf_token_acc":0.995625,"train/loss":0.020576685667037964,"_runtime":279.286448486,"test/K16/loss":0.01732642948627472,"_step":39751,"train/K_min":16}