{"test/K16/tf_token_acc":0.880625,"test/K16/pos_abs_err_mean":0.68875,"train/token_acc":0.872802734375,"lr":1.009735322838044e-06,"train/K_max":16,"iters_done":40000,"test/K16/exact_match_acc":0.18,"_wandb":{"runtime":425},"test/K16/token_acc":0.880625,"_runtime":425.422557181,"test/K16/loss":0.4125046133995056,"train/exact_match_acc":0.14453125,"train/loss":0.41927769780158997,"_step":39751,"test/K16/pos_abs_err_sum":1102,"_timestamp":1.773265497983847e+09,"train/K_min":16,"iter":39751,"train/K_mean":16}