{"_wandb":{"runtime":625},"test/K32/loss":0.22169503569602966,"test/K32/tf_token_acc":0.8890625,"train/token_acc":0.8856277465820312,"_timestamp":1.773256790914616e+09,"train/K_min":32,"test/K32/exact_match_acc":0,"train/K_mean":32,"train/exact_match_acc":0.00048828125,"_runtime":625.104446304,"lr":1.009735322838044e-06,"iter":39751,"test/K32/pos_abs_err_mean":0.230625,"iters_done":40000,"train/K_max":32,"test/K32/token_acc":0.8890625,"test/K32/pos_abs_err_sum":738,"train/loss":0.21959178149700165,"_step":39751}