{"test/K16/pos_abs_err_mean":0.0025,"test/K16/loss":0.0007702478906139731,"train/loss":0.0003885878250002861,"train/exact_match_acc":0.99755859375,"test/K16/exact_match_acc":0.99,"test/K16/tf_token_acc":0.999375,"test/K16/pos_abs_err_sum":4,"test/K16/token_acc":0.999375,"_wandb":{"runtime":342},"train/token_acc":0.999847412109375,"iter":39751,"_runtime":342.448987831,"lr":1.009735322838044e-06,"train/K_max":16,"train/K_mean":16,"iters_done":40000,"train/K_min":16,"_step":39751,"_timestamp":1.7732038941541598e+09}