{"_step":39751,"lr":1.009735322838044e-06,"test/K16/exact_match_acc":1,"train/exact_match_acc":1,"test/K16/pos_abs_err_sum":0,"_runtime":409.258826942,"train/K_mean":16,"train/K_max":16,"iters_done":40000,"test/K16/loss":9.015202806494926e-08,"train/K_min":16,"train/token_acc":1,"test/K16/pos_abs_err_mean":0,"test/K16/tf_token_acc":1,"iter":39751,"test/K16/token_acc":1,"_wandb":{"runtime":409},"train/loss":1.0697476682253182e-07,"_timestamp":1.7732115351065106e+09}