{"test/K16/pos_abs_err_mean":0,"test/K16/tf_token_acc":1,"iter":39751,"iters_done":40000,"train/loss":3.474912227829918e-05,"test/K16/pos_abs_err_sum":0,"train/token_acc":0.9999847412109375,"_wandb":{"runtime":475},"test/K16/loss":1.3437717825581785e-05,"train/K_min":16,"_timestamp":1.7731660322623606e+09,"lr":1.009735322838044e-06,"train/exact_match_acc":0.999755859375,"_step":39751,"test/K16/token_acc":1,"train/K_mean":16,"_runtime":475.269960678,"train/K_max":16,"test/K16/exact_match_acc":1}