{"train/K_max":32,"test/K32/exact_match_acc":0,"_wandb":{"runtime":777},"test/K32/token_acc":0.2690625,"train/K_mean":32,"train/K_min":32,"test/K32/pos_abs_err_sum":11735,"test/K32/loss":2.343787908554077,"lr":1.009735322838044e-06,"test/K32/tf_token_acc":0.2690625,"_timestamp":1.7731730720688925e+09,"iter":39751,"_step":39751,"_runtime":777.365695539,"train/exact_match_acc":0,"train/loss":2.3430325984954834,"test/K32/pos_abs_err_mean":3.6671875,"train/token_acc":0.26667022705078125,"iters_done":40000}