{"test/K16/tf_token_acc":0.999375,"_timestamp":1.7732186053112738e+09,"iter":39751,"test/K16/token_acc":0.999375,"train/token_acc":0.9999542236328125,"test/K16/exact_match_acc":0.99,"_wandb":{"runtime":446},"test/K16/loss":0.002491801045835018,"train/K_mean":16,"test/K16/pos_abs_err_mean":0.00125,"test/K16/pos_abs_err_sum":2,"train/K_min":16,"train/exact_match_acc":0.999267578125,"train/K_max":16,"train/loss":0.00017351043061353266,"iters_done":40000,"_runtime":446.11216184,"lr":1.009735322838044e-06,"_step":39751}