{"train/token_acc":0.4567413330078125,"test/K16/pos_abs_err_sum":3157,"train/K_mean":16,"test/K16/tf_token_acc":0.44875,"_wandb":{"runtime":316},"_timestamp":1.7731655875815432e+09,"iters_done":40000,"test/K16/pos_abs_err_mean":1.973125,"_step":39751,"iter":39751,"lr":1.009735322838044e-06,"train/exact_match_acc":0,"train/K_min":16,"test/K16/exact_match_acc":0,"test/K16/loss":1.657658576965332,"train/K_max":16,"train/loss":1.6476725339889526,"_runtime":316.307404417,"test/K16/token_acc":0.44875}