{"test/K32/exact_match_acc":1,"_wandb":{"runtime":1531},"_runtime":1531.411530341,"train/K_max":32,"test/K32/tf_token_acc":1,"train/loss":4.72240753879305e-06,"_timestamp":1.7731768509874234e+09,"test/K32/loss":1.761280032042123e-06,"test/K32/token_acc":1,"_step":39751,"iters_done":40000,"train/exact_match_acc":1,"train/token_acc":1,"train/K_min":32,"test/K32/pos_abs_err_sum":0,"test/K32/pos_abs_err_mean":0,"iter":39751,"train/K_mean":32,"lr":1.009735322838044e-06}