{"_step":39751,"test/K16/tf_token_acc":1,"train/exact_match_acc":0.999755859375,"train/token_acc":0.9999847412109375,"test/K16/token_acc":1,"train/K_mean":16,"train/K_max":16,"test/K16/pos_abs_err_sum":0,"test/K16/loss":0.0001393803977407515,"test/K16/pos_abs_err_mean":0,"train/K_min":16,"lr":1.009735322838044e-06,"test/K16/exact_match_acc":1,"iters_done":40000,"_runtime":410.564832215,"_wandb":{"runtime":410},"_timestamp":1.7732181000285733e+09,"train/loss":0.00015889573842287064,"iter":39751}