{"_runtime":513.682963911,"train/token_acc":0.999969482421875,"lr":1.009735322838044e-06,"test/K16/loss":2.3715197130513843e-06,"iter":39751,"test/K16/pos_abs_err_sum":0,"train/loss":7.477551116608083e-05,"_step":39751,"test/K16/token_acc":1,"test/K16/pos_abs_err_mean":0,"train/exact_match_acc":0.99951171875,"_timestamp":1.7732044568821793e+09,"train/K_max":16,"train/K_min":16,"test/K16/exact_match_acc":1,"train/K_mean":16,"_wandb":{"runtime":513},"test/K16/tf_token_acc":1,"iters_done":40000}