{"train/K_mean":16,"iters_done":40000,"test/K16/token_acc":0.999375,"train/K_max":16,"test/K16/pos_abs_err_mean":0.001875,"_timestamp":1.7732616169176235e+09,"_wandb":{"runtime":293},"test/K16/loss":0.0018011267529800534,"test/K16/pos_abs_err_sum":3,"lr":1.009735322838044e-06,"test/K16/exact_match_acc":0.99,"train/token_acc":0.99981689453125,"train/loss":0.0038780418690294027,"train/K_min":16,"_runtime":293.193524218,"iter":39751,"_step":39751,"test/K16/tf_token_acc":0.999375,"train/exact_match_acc":0.9970703125}