{"test/K32/pos_abs_err_mean":0.00875,"test/K32/pos_abs_err_sum":28,"train/loss":0.005838047247380018,"test/K32/tf_token_acc":0.9978125,"_wandb":{"runtime":857},"lr":1.009735322838044e-06,"test/K32/loss":0.006688347551971674,"train/K_min":32,"train/K_max":32,"iters_done":40000,"_runtime":857.701870976,"_timestamp":1.7731675117879956e+09,"train/token_acc":0.99822998046875,"test/K32/token_acc":0.9978125,"train/exact_match_acc":0.943603515625,"iter":39751,"test/K32/exact_match_acc":0.93,"_step":39751,"train/K_mean":32}