{"test/K32/exact_match_acc":0.99,"_runtime":646.324930831,"train/token_acc":0.9996871948242188,"train/exact_match_acc":0.989990234375,"test/K32/loss":0.0008494349312968552,"train/K_mean":32,"train/K_max":32,"train/K_min":32,"_step":39751,"train/loss":0.001029093866236508,"test/K32/pos_abs_err_mean":0.00125,"iters_done":40000,"test/K32/tf_token_acc":0.9996875,"iter":39751,"test/K32/pos_abs_err_sum":4,"_wandb":{"runtime":646},"_timestamp":1.7732603396744773e+09,"lr":1.009735322838044e-06,"test/K32/token_acc":0.9996875}