{"_step":39751,"train/K_max":32,"test/K32/loss":5.2036531997146085e-05,"train/K_min":32,"test/K32/pos_abs_err_sum":0,"lr":1.009735322838044e-06,"train/exact_match_acc":0.998291015625,"train/K_mean":32,"train/token_acc":0.9999465942382812,"test/K32/token_acc":1,"_wandb":{"runtime":1046},"_timestamp":1.7732351556869404e+09,"train/loss":0.00022637515212409198,"test/K32/pos_abs_err_mean":0,"_runtime":1046.987723323,"iters_done":40000,"test/K32/exact_match_acc":1,"iter":39751,"test/K32/tf_token_acc":1}