{"test/K16/pos_abs_err_sum":0,"test/K16/loss":1.946747215697542e-05,"_step":39751,"train/K_min":16,"_runtime":447.260469206,"_wandb":{"runtime":447},"test/K16/token_acc":1,"test/K16/tf_token_acc":1,"test/K16/exact_match_acc":1,"train/loss":1.6712252545403317e-05,"train/K_max":16,"iters_done":40000,"train/exact_match_acc":1,"_timestamp":1.773220575602857e+09,"lr":1.009735322838044e-06,"train/token_acc":1,"test/K16/pos_abs_err_mean":0,"train/K_mean":16,"iter":39751}