{"_timestamp":1.7731710626992826e+09,"test/K32/loss":1.8718252182006836,"train/loss":1.8503804206848145,"test/K32/exact_match_acc":0,"test/K32/pos_abs_err_mean":1.923125,"iters_done":40000,"train/token_acc":0.341552734375,"_step":39751,"train/K_mean":32,"_runtime":745.745044902,"iter":39751,"lr":1.009735322838044e-06,"train/K_min":32,"test/K32/token_acc":0.3409375,"test/K32/tf_token_acc":0.3409375,"_wandb":{"runtime":745},"train/K_max":32,"test/K32/pos_abs_err_sum":6154,"train/exact_match_acc":0}