{"iters_done":40000,"train/K_min":32,"train/K_mean":32,"test/K32/tf_token_acc":0.6684375,"test/K32/loss":1.0277525186538696,"_wandb":{"runtime":439},"lr":1.009735322838044e-06,"iter":39751,"_timestamp":1.773259950201764e+09,"test/K32/pos_abs_err_mean":1.194375,"train/loss":1.0243301391601562,"train/token_acc":0.6664047241210938,"test/K32/token_acc":0.6684375,"_runtime":439.786309926,"train/K_max":32,"test/K32/pos_abs_err_sum":3822,"test/K32/exact_match_acc":0,"train/exact_match_acc":0,"_step":39751}