{"train/token_acc":1,"lr":1.009735322838044e-06,"test/K32/pos_abs_err_sum":0,"test/K32/pos_abs_err_mean":0,"iter":39751,"test/K32/loss":8.239969702117378e-07,"_runtime":760.235426462,"test/K32/token_acc":1,"test/K32/exact_match_acc":1,"iters_done":40000,"train/loss":8.211954991566017e-07,"test/K32/tf_token_acc":1,"train/exact_match_acc":1,"train/K_max":32,"train/K_mean":32,"_wandb":{"runtime":760},"train/K_min":32,"_timestamp":1.7732655870191526e+09,"_step":39751}