{"train/K_min":16,"train/K_max":16,"iter":39751,"test/K16/pos_abs_err_sum":107,"_step":39751,"train/exact_match_acc":0.740478515625,"_runtime":367.424275721,"test/K16/tf_token_acc":0.004375,"_wandb":{"runtime":367},"iters_done":40000,"train/K_mean":16,"test/K16/pos_abs_err_mean":0.066875,"_timestamp":1.7730944628928633e+09,"train/loss":0.06871555745601654,"test/K16/loss":0.0626070573925972,"lr":1.009735322838044e-06,"test/K16/token_acc":0.9825,"train/token_acc":0.9825592041015625,"test/K16/exact_match_acc":0.74}