{"train/K_mean":32,"test/K32/loss":0.00011191218800377101,"test/K32/tf_token_acc":1,"_step":39751,"test/K32/pos_abs_err_mean":0,"train/K_min":32,"iters_done":40000,"_wandb":{"runtime":710},"train/token_acc":0.9998931884765625,"iter":39751,"_timestamp":1.7732231939743488e+09,"train/exact_match_acc":0.99658203125,"lr":1.009735322838044e-06,"test/K32/token_acc":1,"test/K32/pos_abs_err_sum":0,"train/loss":0.0008637935388833284,"train/K_max":32,"test/K32/exact_match_acc":1,"_runtime":710.391001937}