{"_timestamp":1.7731713293819563e+09,"test/K32/tf_token_acc":1,"train/loss":0.0005704525974579155,"train/token_acc":0.9998703002929688,"test/K32/loss":8.787360275164247e-05,"_step":39751,"_wandb":{"runtime":1053},"train/K_mean":32,"test/K32/exact_match_acc":1,"test/K32/pos_abs_err_mean":0,"train/K_max":32,"iters_done":40000,"test/K32/pos_abs_err_sum":0,"test/K32/token_acc":1,"_runtime":1053.762531209,"train/exact_match_acc":0.995849609375,"lr":1.009735322838044e-06,"train/K_min":32,"iter":39751}