{"train/loss":1.7815364117268473e-07,"train/K_mean":16,"iters_done":40000,"test/K16/token_acc":1,"_runtime":409.229354355,"train/token_acc":1,"test/K16/pos_abs_err_mean":0,"test/K16/pos_abs_err_sum":0,"_step":39751,"train/K_min":16,"_wandb":{"runtime":409},"train/K_max":16,"iter":39751,"train/exact_match_acc":1,"test/K16/loss":1.308321913029431e-07,"test/K16/exact_match_acc":1,"test/K16/tf_token_acc":1,"lr":1.009735322838044e-06,"_timestamp":1.7732125174226449e+09}