{"iter":39751,"test/K32/token_acc":0.993125,"_timestamp":1.7731672526214602e+09,"test/K32/pos_abs_err_sum":368,"train/loss":0.034952595829963684,"train/K_max":32,"train/exact_match_acc":0.831298828125,"train/K_mean":32,"lr":1.009735322838044e-06,"test/K32/pos_abs_err_mean":0.115,"train/token_acc":0.9945526123046875,"test/K32/exact_match_acc":0.78,"iters_done":40000,"_wandb":{"runtime":646},"test/K32/loss":0.04970252886414528,"test/K32/tf_token_acc":0.993125,"_step":39751,"train/K_min":32,"_runtime":646.263270431}