{"iter":39751,"_runtime":1460.678478659,"lr":1.009735322838044e-06,"test/K32/loss":4.3213368883243675e-08,"train/K_min":32,"test/K32/pos_abs_err_mean":0,"iters_done":40000,"_timestamp":1.7732679793666043e+09,"test/K32/pos_abs_err_sum":0,"test/K32/exact_match_acc":1,"train/loss":3.6289757190388627e-06,"train/token_acc":1,"test/K32/tf_token_acc":1,"train/K_mean":32,"_wandb":{"runtime":1460},"train/K_max":32,"_step":39751,"test/K32/token_acc":1,"train/exact_match_acc":1}