{"_wandb":{"runtime":269},"train/exact_match_acc":0.85498046875,"train/K_mean":16,"train/loss":0.05294456705451012,"_timestamp":1.7730946091831589e+09,"test/K16/pos_abs_err_mean":0.15125,"_step":39751,"test/K16/loss":0.07080868631601334,"lr":1.009735322838044e-06,"_runtime":269.745341455,"iters_done":40000,"test/K16/tf_token_acc":0,"train/token_acc":0.9908599853515625,"iter":39751,"train/K_min":16,"test/K16/pos_abs_err_sum":242,"train/K_max":16,"test/K16/token_acc":0.98875,"test/K16/exact_match_acc":0.82}