{"test/K32/pos_abs_err_sum":0,"train/exact_match_acc":0.9990234375,"_runtime":1056.249716826,"test/K32/exact_match_acc":1,"test/K32/tf_token_acc":1,"train/K_min":32,"train/K_max":32,"test/K32/pos_abs_err_mean":0,"test/K32/loss":9.013924864120781e-05,"iters_done":40000,"train/loss":0.0001323604810750112,"lr":1.009735322838044e-06,"train/token_acc":0.999969482421875,"_wandb":{"runtime":1056},"train/K_mean":32,"_step":39751,"_timestamp":1.7731711964031286e+09,"iter":39751,"test/K32/token_acc":1}