{"_step":39751,"train/K_min":32,"train/K_mean":32,"test/K32/loss":3.4758300898829475e-05,"train/exact_match_acc":0.9990234375,"_wandb":{"runtime":1756},"lr":1.009735322838044e-06,"iters_done":40000,"test/K32/pos_abs_err_mean":0,"test/K32/pos_abs_err_sum":0,"train/token_acc":0.999969482421875,"train/loss":0.0003098043380305171,"_runtime":1756.614437714,"test/K32/exact_match_acc":1,"iter":39751,"test/K32/token_acc":1,"_timestamp":1.7732663376916351e+09,"test/K32/tf_token_acc":1,"train/K_max":32}