{"_wandb":{"runtime":249},"train/K_min":16,"test/K16/loss":0.0003012939414475113,"train/exact_match_acc":0.999267578125,"test/K16/pos_abs_err_mean":0,"iters_done":40000,"iter":39751,"test/K16/exact_match_acc":1,"train/K_max":16,"train/token_acc":0.9999542236328125,"test/K16/token_acc":1,"_step":39751,"test/K16/tf_token_acc":1,"train/loss":0.0002404289843980223,"test/K16/pos_abs_err_sum":0,"train/K_mean":16,"lr":1.009735322838044e-06,"_runtime":249.991531429,"_timestamp":1.7732049952588706e+09}