{"test/K32/pos_abs_err_sum":0,"train/token_acc":1,"train/K_min":32,"train/loss":4.72240753879305e-06,"_wandb":{"runtime":1530},"test/K32/loss":1.761280032042123e-06,"_runtime":1530.467343474,"train/K_max":32,"_timestamp":1.7731769161806514e+09,"lr":1.009735322838044e-06,"iters_done":40000,"test/K32/tf_token_acc":1,"test/K32/pos_abs_err_mean":0,"train/K_mean":32,"train/exact_match_acc":1,"test/K32/exact_match_acc":1,"iter":39751,"test/K32/token_acc":1,"_step":39751}