{"test/K32/exact_match_acc":1,"test/K32/loss":0.00016155082266777754,"test/K32/token_acc":1,"_wandb":{"runtime":522},"_timestamp":1.7732224443653321e+09,"train/loss":0.0004011494747828692,"train/K_min":32,"lr":1.009735322838044e-06,"test/K32/tf_token_acc":1,"test/K32/pos_abs_err_sum":0,"test/K32/pos_abs_err_mean":0,"train/K_max":32,"_runtime":522.046755095,"train/token_acc":0.9999008178710938,"_step":39751,"train/K_mean":32,"iters_done":40000,"iter":39751,"train/exact_match_acc":0.996826171875}