{"test/K32/loss":7.375359564321116e-05,"train/K_max":32,"train/K_min":32,"_runtime":398.505024061,"test/K32/pos_abs_err_mean":0,"test/K32/exact_match_acc":1,"test/K32/token_acc":1,"iters_done":40000,"_wandb":{"runtime":398},"train/exact_match_acc":0.999755859375,"train/token_acc":0.9999923706054688,"_step":39751,"test/K32/pos_abs_err_sum":0,"train/loss":2.3398066332447343e-05,"_timestamp":1.7732083356585183e+09,"lr":1.009735322838044e-06,"train/K_mean":32,"test/K32/tf_token_acc":1,"iter":39751}