{"iter":39751,"_step":39751,"test/K32/tf_token_acc":1,"test/K32/loss":0.00010350797674618661,"test/K32/pos_abs_err_mean":0,"train/exact_match_acc":0.999755859375,"_runtime":833.551746104,"train/K_mean":32,"train/K_min":32,"_wandb":{"runtime":833},"train/token_acc":0.9999923706054688,"iters_done":40000,"test/K32/token_acc":1,"test/K32/exact_match_acc":1,"test/K32/pos_abs_err_sum":0,"train/loss":0.00010514054156374186,"_timestamp":1.773255654424969e+09,"lr":1.009735322838044e-06,"train/K_max":32}