{"test/K32/token_acc":1,"test/K32/pos_abs_err_sum":0,"lr":1.009735322838044e-06,"iter":39751,"train/K_min":32,"test/K32/pos_abs_err_mean":0,"test/K32/tf_token_acc":1,"_runtime":398.793760657,"test/K32/exact_match_acc":1,"iters_done":40000,"_step":39751,"train/K_max":32,"train/K_mean":32,"train/loss":4.5008306187810376e-05,"_wandb":{"runtime":398},"_timestamp":1.7732097861409502e+09,"train/token_acc":0.9999923706054688,"test/K32/loss":6.0028210100426804e-06,"train/exact_match_acc":0.999755859375}