{"_wandb":{"runtime":431},"train/token_acc":0.8789520263671875,"train/K_max":16,"iter":39751,"_timestamp":1.7731749649946387e+09,"_runtime":431.56020091,"test/K16/token_acc":0.86625,"test/K16/tf_token_acc":0.86625,"test/K16/exact_match_acc":0,"test/K16/pos_abs_err_mean":1.8025,"iters_done":40000,"train/loss":0.5016522407531738,"_step":39751,"train/K_min":16,"train/K_mean":16,"train/exact_match_acc":0.00146484375,"test/K16/loss":0.5578213334083557,"lr":1.009735322838044e-06,"test/K16/pos_abs_err_sum":2884}