{"train/exact_match_acc":0.990966796875,"_timestamp":1.7731658169575953e+09,"_step":39751,"test/K32/token_acc":0.9996875,"train/K_max":32,"test/K32/exact_match_acc":0.99,"_runtime":834.810204873,"test/K32/pos_abs_err_sum":1,"test/K32/pos_abs_err_mean":0.0003125,"lr":1.009735322838044e-06,"train/K_mean":32,"train/K_min":32,"train/token_acc":0.9997177124023438,"train/loss":0.0006298161461018026,"test/K32/tf_token_acc":0.9996875,"_wandb":{"runtime":834},"iter":39751,"iters_done":40000,"test/K32/loss":0.0026544665452092886}