{"test/K32/pos_abs_err_mean":0,"test/K32/exact_match_acc":1,"train/exact_match_acc":1,"_runtime":1200.612854873,"train/K_mean":32,"test/K32/token_acc":1,"test/K32/pos_abs_err_sum":0,"_step":39751,"train/loss":8.259121386799961e-09,"_wandb":{"runtime":1200},"test/K32/tf_token_acc":1,"lr":1.009735322838044e-06,"test/K32/loss":6.929040008429865e-09,"_timestamp":1.7732136930563805e+09,"train/K_min":32,"train/K_max":32,"iter":39751,"train/token_acc":1,"iters_done":40000}