{"_wandb":{"runtime":418},"iters_done":40000,"test/K32/loss":0.7116004228591919,"_timestamp":1.7732554829076707e+09,"test/K32/tf_token_acc":0.7490625,"test/K32/pos_abs_err_mean":0.4915625,"train/K_min":32,"train/loss":0.7083792090415955,"train/token_acc":0.7462387084960938,"train/K_mean":32,"train/K_max":32,"iter":39751,"test/K32/pos_abs_err_sum":1573,"_runtime":418.302119625,"lr":1.009735322838044e-06,"test/K32/token_acc":0.7490625,"test/K32/exact_match_acc":0,"train/exact_match_acc":0,"_step":39751}