{"test/K16/pos_abs_err_mean":0.00625,"train/token_acc":0.9992523193359375,"_step":39751,"train/K_min":16,"lr":1.009735322838044e-06,"test/K16/token_acc":0.999375,"_wandb":{"runtime":410},"_timestamp":1.7732190512844646e+09,"train/exact_match_acc":0.988037109375,"test/K16/exact_match_acc":0.99,"test/K16/pos_abs_err_sum":10,"train/K_mean":16,"_runtime":410.280476732,"test/K16/tf_token_acc":0.999375,"train/loss":0.003784016938880086,"iters_done":40000,"test/K16/loss":0.003174228360876441,"train/K_max":16,"iter":39751}