{"test/K32/pos_abs_err_sum":3143,"test/K32/loss":1.498044729232788,"train/K_max":32,"_timestamp":1.7731648974284391e+09,"_step":39751,"train/K_min":32,"test/K32/exact_match_acc":0,"test/K32/pos_abs_err_mean":0.9821875,"_wandb":{"runtime":419},"iter":39751,"train/exact_match_acc":0,"_runtime":419.041451969,"iters_done":40000,"train/loss":1.510359525680542,"test/K32/tf_token_acc":0.468125,"lr":1.009735322838044e-06,"train/K_mean":32,"test/K32/token_acc":0.468125,"train/token_acc":0.471466064453125}