{"lr":1.009735322838044e-06,"iters_done":40000,"test/K32/tf_token_acc":1,"_runtime":1009.361724278,"_step":39751,"test/K32/token_acc":1,"train/exact_match_acc":1,"test/K32/pos_abs_err_mean":0,"test/K32/loss":4.575401533202239e-07,"test/K32/pos_abs_err_sum":0,"train/K_mean":32,"test/K32/exact_match_acc":1,"train/K_max":32,"_wandb":{"runtime":1009},"iter":39751,"train/loss":5.672000042977743e-07,"train/K_min":32,"_timestamp":1.7732078706010046e+09,"train/token_acc":1}