{"iters_done":40000,"_wandb":{"runtime":833},"test/K32/tf_token_acc":1,"test/K32/pos_abs_err_sum":0,"train/K_max":32,"lr":1.009735322838044e-06,"train/K_min":32,"test/K32/token_acc":1,"train/token_acc":0.9996109008789062,"iter":39751,"_step":39751,"_timestamp":1.7731653555970716e+09,"test/K32/exact_match_acc":1,"test/K32/pos_abs_err_mean":0,"train/loss":0.0011510074837133288,"train/exact_match_acc":0.987548828125,"_runtime":833.151750101,"test/K32/loss":0.0006224470562301576,"train/K_mean":32}