{"_runtime":850.871854019,"_step":39751,"iter":39751,"train/exact_match_acc":1,"_timestamp":1.7732474014959872e+09,"train/loss":4.976092895958573e-06,"test/K16/token_acc":1,"train/token_acc":1,"iters_done":40000,"train/K_min":16,"_wandb":{"runtime":850},"test/K16/exact_match_acc":1,"train/K_mean":16,"test/K16/pos_abs_err_mean":0,"train/K_max":16,"test/K16/loss":1.8495321683076327e-06,"test/K16/tf_token_acc":1,"test/K16/pos_abs_err_sum":0,"lr":1.009735322838044e-06}