{"iters_done":40000,"iter":39751,"test/K16/tf_token_acc":1,"test/K16/pos_abs_err_sum":0,"train/exact_match_acc":1,"_wandb":{"runtime":533},"train/K_mean":16,"lr":1.009735322838044e-06,"_step":39751,"_timestamp":1.7732282632391691e+09,"train/K_max":16,"train/token_acc":1,"train/loss":7.637572707608342e-08,"_runtime":533.409458471,"test/K16/token_acc":1,"test/K16/exact_match_acc":1,"test/K16/pos_abs_err_mean":0,"test/K16/loss":5.9455633305560696e-08,"train/K_min":16}