{"train/token_acc":0.5536956787109375,"_runtime":745.592002828,"train/loss":1.339957594871521,"test/K32/exact_match_acc":0,"_step":39751,"train/K_max":32,"iter":39751,"_timestamp":1.7731709198191998e+09,"test/K32/pos_abs_err_mean":1.4625,"train/K_mean":32,"test/K32/pos_abs_err_sum":4680,"train/K_min":32,"test/K32/tf_token_acc":0.543125,"test/K32/loss":1.3627610206604004,"lr":1.009735322838044e-06,"test/K32/token_acc":0.543125,"train/exact_match_acc":0,"iters_done":40000,"_wandb":{"runtime":745}}