{"train/K_min":32,"iter":39751,"test/K32/token_acc":1,"test/K32/pos_abs_err_sum":0,"test/K32/tf_token_acc":1,"train/token_acc":0.9997940063476562,"lr":1.009735322838044e-06,"test/K32/exact_match_acc":1,"train/loss":0.000722852477338165,"train/exact_match_acc":0.993408203125,"_wandb":{"runtime":719},"_timestamp":1.7732540780793767e+09,"iters_done":40000,"test/K32/pos_abs_err_mean":0,"train/K_mean":32,"_step":39751,"train/K_max":32,"test/K32/loss":0.0002180378942284733,"_runtime":719.5794591}