{"test/K32/pos_abs_err_mean":0.4678125,"test/K32/pos_abs_err_sum":1497,"test/K32/loss":0.7710085511207581,"train/loss":0.7766408920288086,"train/exact_match_acc":0,"_wandb":{"runtime":561},"test/K32/exact_match_acc":0,"iters_done":40000,"iter":39751,"_step":39751,"_runtime":561.606272247,"test/K32/token_acc":0.7540625,"train/K_mean":32,"_timestamp":1.7731632999452443e+09,"test/K32/tf_token_acc":0.7540625,"lr":1.009735322838044e-06,"train/token_acc":0.7559280395507812,"train/K_max":32,"train/K_min":32}