{"test/K32/token_acc":1,"test/K32/pos_abs_err_sum":0,"_timestamp":1.773214125816726e+09,"test/K32/exact_match_acc":1,"train/token_acc":1,"train/loss":2.750039129750803e-08,"test/K32/loss":2.592802061940347e-08,"_wandb":{"runtime":809},"train/K_min":32,"_step":39751,"test/K32/pos_abs_err_mean":0,"train/K_max":32,"lr":1.009735322838044e-06,"train/exact_match_acc":1,"iters_done":40000,"train/K_mean":32,"test/K32/tf_token_acc":1,"iter":39751,"_runtime":809.890319073}