{"test/K32/pos_abs_err_sum":3002,"test/K32/loss":1.4361916780471802,"lr":1.009735322838044e-06,"iter":39751,"iters_done":40000,"test/K32/exact_match_acc":0,"test/K32/pos_abs_err_mean":0.938125,"train/exact_match_acc":0,"train/K_max":32,"test/K32/tf_token_acc":0.479375,"train/K_mean":32,"_wandb":{"runtime":359},"train/loss":1.4425512552261353,"train/K_min":32,"train/token_acc":0.4907989501953125,"_runtime":359.574908791,"test/K32/token_acc":0.479375,"_timestamp":1.7731637057168298e+09,"_step":39751}