{"_step":39751,"test/K16/exact_match_acc":1,"train/K_max":16,"train/exact_match_acc":0.99951171875,"train/token_acc":0.999969482421875,"test/K16/tf_token_acc":1,"lr":1.009735322838044e-06,"test/K16/loss":9.297579708800185e-06,"train/K_min":16,"iters_done":40000,"iter":39751,"train/K_mean":16,"_timestamp":1.7732543840256414e+09,"train/loss":7.280416321009398e-05,"test/K16/pos_abs_err_sum":0,"test/K16/token_acc":1,"_runtime":437.863334828,"test/K16/pos_abs_err_mean":0,"_wandb":{"runtime":437}}