{"iter":39751,"test/K16/loss":1.8499583005905151,"iters_done":40000,"train/loss":1.8596144914627075,"train/K_min":16,"lr":1.009735322838044e-06,"test/K16/exact_match_acc":0,"train/exact_match_acc":0,"test/K16/token_acc":0.3625,"train/K_mean":16,"_step":39751,"_wandb":{"runtime":316},"test/K16/tf_token_acc":0.3625,"train/K_max":16,"_timestamp":1.7731660961579967e+09,"train/token_acc":0.356048583984375,"test/K16/pos_abs_err_sum":3530,"test/K16/pos_abs_err_mean":2.20625,"_runtime":316.327762639}