{"test/K16/loss":0.0026970321778208017,"lr":1.009735322838044e-06,"test/K16/exact_match_acc":0.99,"iters_done":40000,"test/K16/pos_abs_err_mean":0.000625,"train/loss":0.0025258155073970556,"test/K16/token_acc":0.999375,"_timestamp":1.7732589902316165e+09,"train/token_acc":0.9994354248046875,"_runtime":349.198298692,"train/K_mean":16,"train/exact_match_acc":0.990966796875,"_wandb":{"runtime":349},"test/K16/tf_token_acc":0.999375,"_step":39751,"test/K16/pos_abs_err_sum":1,"iter":39751,"train/K_max":16,"train/K_min":16}