{"test/K32/tf_token_acc":0.9971875,"iter":39751,"train/loss":0.016437407582998276,"_timestamp":1.7731678985903115e+09,"train/token_acc":0.9973526000976562,"test/K32/token_acc":0.9971875,"test/K32/pos_abs_err_sum":153,"train/exact_match_acc":0.916259765625,"_runtime":646.683951148,"_step":39751,"test/K32/pos_abs_err_mean":0.0478125,"train/K_mean":32,"iters_done":40000,"lr":1.009735322838044e-06,"test/K32/exact_match_acc":0.91,"train/K_min":32,"test/K32/loss":0.02062840200960636,"train/K_max":32,"_wandb":{"runtime":646}}