{"test/K32/pos_abs_err_mean":3.3834375,"test/K32/exact_match_acc":0,"iter":39751,"train/K_min":32,"test/K32/pos_abs_err_sum":10827,"train/K_max":32,"_runtime":1183.56697405,"train/K_mean":32,"iters_done":40000,"_wandb":{"runtime":1183},"_timestamp":1.773176268068134e+09,"lr":1.009735322838044e-06,"test/K32/tf_token_acc":0.3521875,"test/K32/token_acc":0.3521875,"test/K32/loss":2.0598485469818115,"train/loss":2.046071767807007,"train/exact_match_acc":0,"train/token_acc":0.35466766357421875,"_step":39751}