{"train/K_mean":16,"test/K16/pos_abs_err_sum":1681,"test/K16/loss":1.0395536422729492,"test/K16/pos_abs_err_mean":1.050625,"train/K_min":16,"_wandb":{"runtime":167},"test/K16/exact_match_acc":0,"test/K16/token_acc":0.68125,"train/exact_match_acc":0,"_runtime":167.242955185,"train/token_acc":0.69366455078125,"train/loss":0.9764887690544128,"train/K_max":16,"_timestamp":1.7730941785052886e+09,"test/K16/tf_token_acc":0.00125,"_step":39751,"lr":1.009735322838044e-06,"iters_done":40000,"iter":39751}