{"_runtime":205.621700725,"train/K_max":16,"train/K_min":16,"test/K16/pos_abs_err_sum":2136,"train/token_acc":0.422882080078125,"test/K16/token_acc":0.415625,"_step":39751,"train/K_mean":16,"iter":39751,"train/loss":1.5344672203063965,"test/K16/pos_abs_err_mean":1.335,"iters_done":40000,"test/K16/loss":1.5486822128295898,"test/K16/exact_match_acc":0,"test/K16/tf_token_acc":0.415625,"train/exact_match_acc":0,"lr":1.009735322838044e-06,"_wandb":{"runtime":205},"_timestamp":1.7731619152357635e+09}