{"train/K_max":32,"test/K32/exact_match_acc":0,"_step":39751,"train/K_min":32,"_timestamp":1.773171190117437e+09,"test/K32/loss":2.129737615585327,"lr":1.009735322838044e-06,"_wandb":{"runtime":556},"train/token_acc":0.2923736572265625,"iters_done":40000,"train/loss":2.134073495864868,"iter":39751,"test/K32/token_acc":0.28625,"train/K_mean":32,"_runtime":556.218779758,"test/K32/pos_abs_err_sum":7907,"test/K32/pos_abs_err_mean":2.4709375,"test/K32/tf_token_acc":0.28625,"train/exact_match_acc":0}