{"iters_done":40000,"test/K16/token_acc":1,"train/exact_match_acc":0.99951171875,"test/K16/pos_abs_err_sum":0,"test/K16/tf_token_acc":1,"iter":39751,"_timestamp":1.7732053794321818e+09,"test/K16/exact_match_acc":1,"lr":1.009735322838044e-06,"_wandb":{"runtime":342},"train/token_acc":0.999969482421875,"train/K_min":16,"train/K_max":16,"train/K_mean":16,"train/loss":0.00017543295689392835,"test/K16/pos_abs_err_mean":0,"test/K16/loss":0.00012608765973709524,"_step":39751,"_runtime":342.947606815}