{"test/K16/pos_abs_err_mean":0.42375,"_timestamp":1.7731645041201284e+09,"_step":39751,"train/token_acc":0.8815765380859375,"test/K16/token_acc":0.881875,"test/K16/pos_abs_err_sum":678,"lr":1.009735322838044e-06,"test/K16/loss":0.4011897146701813,"test/K16/exact_match_acc":0.01,"iter":39751,"train/K_max":16,"train/exact_match_acc":0.004150390625,"train/K_mean":16,"train/K_min":16,"_wandb":{"runtime":204},"train/loss":0.36604398488998413,"_runtime":204.557248559,"test/K16/tf_token_acc":0.881875,"iters_done":40000}