{"iter":39751,"_runtime":432.093734711,"test/K16/token_acc":0.999375,"_wandb":{"runtime":432},"train/K_max":16,"train/loss":0.0031130481511354446,"test/K16/pos_abs_err_mean":0.0325,"test/K16/pos_abs_err_sum":52,"train/exact_match_acc":0.9970703125,"test/K16/loss":0.003845380851998925,"_timestamp":1.773269919460431e+09,"iters_done":40000,"train/token_acc":0.99981689453125,"train/K_min":16,"train/K_mean":16,"lr":1.009735322838044e-06,"test/K16/exact_match_acc":0.99,"test/K16/tf_token_acc":0.999375,"_step":39751}