{"test/K32/exact_match_acc":0.94,"_wandb":{"runtime":586},"test/K32/pos_abs_err_sum":26,"test/K32/token_acc":0.998125,"lr":1.009735322838044e-06,"train/K_max":32,"_timestamp":1.7732689464031575e+09,"test/K32/pos_abs_err_mean":0.008125,"train/K_min":32,"test/K32/loss":0.012406092137098312,"_step":39751,"train/token_acc":0.9986953735351562,"train/loss":0.012473502196371555,"iter":39751,"test/K32/tf_token_acc":0.998125,"train/K_mean":32,"_runtime":586.856893407,"train/exact_match_acc":0.95947265625,"iters_done":40000}