{"test/K16/exact_match_acc":1,"test/K16/token_acc":1,"_step":39751,"test/K16/tf_token_acc":1,"_runtime":581.105073047,"test/K16/pos_abs_err_mean":0,"lr":1.009735322838044e-06,"_timestamp":1.7732661476998985e+09,"iters_done":40000,"_wandb":{"runtime":581},"test/K16/loss":6.39415520709008e-05,"train/K_mean":16,"train/token_acc":0.9999542236328125,"iter":39751,"train/K_max":16,"train/exact_match_acc":0.999267578125,"train/loss":0.00034791382495313883,"train/K_min":16,"test/K16/pos_abs_err_sum":0}