{"_runtime":420.133911315,"train/K_mean":16,"test/K16/loss":0.0016803459729999304,"_wandb":{"runtime":420},"iters_done":40000,"train/loss":0.00039529934292659163,"train/token_acc":0.99993896484375,"test/K16/tf_token_acc":0.999375,"iter":39751,"train/exact_match_acc":0.9990234375,"test/K16/pos_abs_err_sum":5,"lr":1.009735322838044e-06,"test/K16/exact_match_acc":0.99,"train/K_min":16,"train/K_max":16,"_step":39751,"test/K16/pos_abs_err_mean":0.003125,"test/K16/token_acc":0.999375,"_timestamp":1.7732658300181704e+09}