{"iters_done":40000,"_timestamp":1.7732306118610613e+09,"test/K32/pos_abs_err_sum":0,"_step":39751,"test/K32/exact_match_acc":1,"_runtime":1045.54640482,"iter":39751,"test/K32/token_acc":1,"train/K_min":32,"train/K_mean":32,"_wandb":{"runtime":1045},"test/K32/tf_token_acc":1,"test/K32/loss":2.31220565183321e-05,"train/loss":6.493529508588836e-05,"train/token_acc":0.9999771118164062,"lr":1.009735322838044e-06,"test/K32/pos_abs_err_mean":0,"train/K_max":32,"train/exact_match_acc":0.999267578125}