{"test/K32/exact_match_acc":0,"lr":1.009735322838044e-06,"train/exact_match_acc":0,"iter":39751,"train/token_acc":0.4844512939453125,"test/K32/loss":1.4187111854553223,"_wandb":{"runtime":414},"train/K_mean":32,"test/K32/tf_token_acc":0.4834375,"test/K32/token_acc":0.4834375,"train/K_max":32,"test/K32/pos_abs_err_mean":0.89125,"iters_done":40000,"test/K32/pos_abs_err_sum":2852,"_step":39751,"train/loss":1.4157252311706543,"train/K_min":32,"_timestamp":1.7731631129026024e+09,"_runtime":414.872510966}