{"_wandb":{"runtime":310},"test/K16/pos_abs_err_sum":0,"lr":1.009735322838044e-06,"test/K16/token_acc":1,"train/token_acc":0.9997711181640625,"train/K_min":16,"train/K_max":16,"train/exact_match_acc":0.996337890625,"train/loss":0.0005945931770838797,"test/K16/pos_abs_err_mean":0,"iters_done":40000,"_runtime":310.299782584,"iter":39751,"test/K16/loss":1.6568526916671544e-05,"_timestamp":1.7732547512601914e+09,"test/K16/exact_match_acc":1,"test/K16/tf_token_acc":1,"_step":39751,"train/K_mean":16}