{"iters_done":40000,"test/K32/tf_token_acc":0.3215625,"test/K32/pos_abs_err_mean":2.035,"iter":39751,"lr":1.009735322838044e-06,"train/loss":1.9520344734191895,"train/K_mean":32,"_runtime":548.065087412,"_step":39751,"train/exact_match_acc":0,"test/K32/loss":1.9890453815460205,"train/K_min":32,"train/K_max":32,"test/K32/pos_abs_err_sum":6512,"train/token_acc":0.32175445556640625,"_wandb":{"runtime":548},"test/K32/exact_match_acc":0,"test/K32/token_acc":0.3215625,"_timestamp":1.7731676919764214e+09}