{"train/token_acc":0.45439910888671875,"lr":1.009735322838044e-06,"_wandb":{"runtime":415},"test/K32/tf_token_acc":0.455,"_step":39751,"test/K32/pos_abs_err_mean":0.9371875,"iter":39751,"test/K32/token_acc":0.455,"test/K32/pos_abs_err_sum":2999,"_timestamp":1.7731635944520564e+09,"train/K_max":32,"iters_done":40000,"test/K32/loss":1.5092288255691528,"_runtime":415.038196085,"test/K32/exact_match_acc":0,"train/loss":1.5199823379516602,"train/K_min":32,"train/K_mean":32,"train/exact_match_acc":0}