{"test/K16/pos_abs_err_sum":933,"lr":1.009735322838044e-06,"_wandb":{"runtime":163},"train/K_mean":16,"_runtime":163.159053012,"test/K16/tf_token_acc":0.805625,"train/K_max":16,"train/K_min":16,"train/token_acc":0.7985687255859375,"_step":39751,"test/K16/exact_match_acc":0,"test/K16/loss":0.6277702450752258,"test/K16/token_acc":0.805625,"train/exact_match_acc":0.000244140625,"iter":39751,"iters_done":40000,"train/loss":0.6363583207130432,"_timestamp":1.773162111073793e+09,"test/K16/pos_abs_err_mean":0.583125}