{"_wandb":{"runtime":1531},"test/K32/token_acc":1,"_step":39751,"train/loss":2.3784414224792272e-05,"_timestamp":1.7732730492131586e+09,"test/K32/loss":1.0789334737637546e-05,"train/token_acc":1,"train/K_max":32,"test/K32/tf_token_acc":1,"train/K_min":32,"train/K_mean":32,"lr":1.009735322838044e-06,"test/K32/pos_abs_err_mean":0,"iter":39751,"test/K32/pos_abs_err_sum":0,"train/exact_match_acc":1,"test/K32/exact_match_acc":1,"_runtime":1531.303236544,"iters_done":40000}