{"train/K_max":32,"train/token_acc":0.9999008178710938,"train/K_min":32,"_wandb":{"runtime":523},"train/loss":0.0004011494747828692,"test/K32/tf_token_acc":1,"_runtime":523.563435349,"test/K32/token_acc":1,"train/K_mean":32,"train/exact_match_acc":0.996826171875,"_step":39751,"test/K32/loss":0.00016155082266777754,"iters_done":40000,"iter":39751,"_timestamp":1.7732224450939982e+09,"test/K32/exact_match_acc":1,"test/K32/pos_abs_err_mean":0,"test/K32/pos_abs_err_sum":0,"lr":1.009735322838044e-06}