{"train/K_max":32,"iters_done":40000,"train/token_acc":0.9998931884765625,"test/K32/exact_match_acc":1,"test/K32/loss":3.167521208524704e-05,"test/K32/token_acc":1,"train/exact_match_acc":0.99658203125,"test/K32/pos_abs_err_mean":0,"test/K32/pos_abs_err_sum":0,"test/K32/tf_token_acc":1,"_wandb":{"runtime":792},"train/loss":0.0004595411301124841,"_runtime":792.33863022,"train/K_mean":32,"_step":39751,"train/K_min":32,"_timestamp":1.7732674982685206e+09,"lr":1.009735322838044e-06,"iter":39751}