{"train/K_min":32,"train/K_mean":32,"train/token_acc":0.6934661865234375,"test/K32/loss":0.8208534121513367,"_runtime":623.668553497,"test/K32/tf_token_acc":0.6953125,"test/K32/exact_match_acc":0,"train/loss":0.8321166038513184,"lr":1.009735322838044e-06,"test/K32/token_acc":0.6953125,"test/K32/pos_abs_err_mean":0.5803125,"_wandb":{"runtime":623},"train/K_max":32,"train/exact_match_acc":0,"_timestamp":1.7731651941506245e+09,"_step":39751,"iters_done":40000,"iter":39751,"test/K32/pos_abs_err_sum":1857}