{"_timestamp":1.7732231915609496e+09,"train/K_max":32,"test/K32/pos_abs_err_mean":0,"test/K32/exact_match_acc":1,"train/loss":0.0008637935388833284,"train/K_min":32,"_wandb":{"runtime":710},"_runtime":710.133994576,"iter":39751,"_step":39751,"train/exact_match_acc":0.99658203125,"test/K32/loss":0.00011191218800377101,"iters_done":40000,"test/K32/tf_token_acc":1,"train/token_acc":0.9998931884765625,"test/K32/pos_abs_err_sum":0,"lr":1.009735322838044e-06,"train/K_mean":32,"test/K32/token_acc":1}