{"train/exact_match_acc":0.99853515625,"lr":1.009735322838044e-06,"test/K16/loss":0.0006916827987879515,"_wandb":{"runtime":295},"iters_done":40000,"test/K16/pos_abs_err_mean":0,"iter":39751,"test/K16/exact_match_acc":1,"train/token_acc":0.999908447265625,"train/K_min":16,"train/K_max":16,"_step":39751,"train/K_mean":16,"test/K16/pos_abs_err_sum":0,"_runtime":295.326954256,"test/K16/tf_token_acc":1,"test/K16/token_acc":1,"train/loss":0.002546068513765931,"_timestamp":1.773261258471398e+09}