{"lr":1.009735322838044e-06,"test/K32/loss":0.005058355163782835,"_timestamp":1.7732604240874815e+09,"iters_done":40000,"test/K32/pos_abs_err_mean":0.0040625,"test/K32/tf_token_acc":0.9990625,"iter":39751,"train/exact_match_acc":0.95703125,"train/K_max":32,"train/K_min":32,"train/K_mean":32,"test/K32/pos_abs_err_sum":13,"train/token_acc":0.9985885620117188,"_step":39751,"test/K32/token_acc":0.9990625,"_wandb":{"runtime":857},"test/K32/exact_match_acc":0.97,"train/loss":0.007159896660596132,"_runtime":857.483825724}