{"test/K32/pos_abs_err_mean":0,"_wandb":{"runtime":499},"test/K32/pos_abs_err_sum":0,"_runtime":499.37786803,"iters_done":40000,"train/exact_match_acc":0.99951171875,"_step":39751,"train/K_max":32,"train/loss":0.00014320194895844907,"iter":39751,"lr":1.009735322838044e-06,"train/token_acc":0.9999847412109375,"train/K_min":32,"test/K32/tf_token_acc":1,"train/K_mean":32,"test/K32/exact_match_acc":1,"_timestamp":1.7732088640518353e+09,"test/K32/loss":5.525563028641045e-05,"test/K32/token_acc":1}