{"test/K16/tf_token_acc":0.899375,"_timestamp":1.773258577108019e+09,"test/K16/exact_match_acc":0.21,"train/token_acc":0.9159698486328125,"train/K_min":16,"_wandb":{"runtime":316},"lr":1.009735322838044e-06,"train/loss":0.27777573466300964,"test/K16/pos_abs_err_sum":523,"test/K16/token_acc":0.899375,"test/K16/loss":0.3573152422904968,"test/K16/pos_abs_err_mean":0.326875,"iter":39751,"train/exact_match_acc":0.27490234375,"train/K_max":16,"_step":39751,"iters_done":40000,"train/K_mean":16,"_runtime":316.617252916}