{"train/K_max":32,"train/loss":0.0006502329488284886,"test/K32/pos_abs_err_sum":2,"test/K32/token_acc":0.9996875,"_runtime":562.869033619,"_step":39751,"train/exact_match_acc":0.99365234375,"test/K32/tf_token_acc":0.9996875,"test/K32/exact_match_acc":0.99,"_timestamp":1.7732544279707768e+09,"train/K_min":32,"iter":39751,"test/K32/loss":0.0008728165994398296,"_wandb":{"runtime":562},"test/K32/pos_abs_err_mean":0.000625,"train/token_acc":0.9998016357421875,"iters_done":40000,"train/K_mean":32,"lr":1.009735322838044e-06}