{"lr":1.009735322838044e-06,"train/K_max":16,"test/K16/exact_match_acc":1,"train/token_acc":1,"train/loss":4.10499342251569e-06,"_runtime":581.003090224,"test/K16/pos_abs_err_mean":0,"iters_done":40000,"test/K16/pos_abs_err_sum":0,"test/K16/loss":2.61880450125318e-06,"_timestamp":1.7731722825007787e+09,"train/K_mean":16,"_wandb":{"runtime":581},"test/K16/token_acc":1,"test/K16/tf_token_acc":1,"_step":39751,"train/exact_match_acc":1,"train/K_min":16,"iter":39751}