{"iters_done":40000,"_step":39751,"train/loss":1.258284282812383e-05,"_runtime":474.237234765,"test/K16/exact_match_acc":1,"train/K_mean":16,"train/K_min":16,"iter":39751,"test/K16/token_acc":1,"test/K16/pos_abs_err_mean":0,"train/K_max":16,"lr":1.009735322838044e-06,"_wandb":{"runtime":474},"test/K16/pos_abs_err_sum":0,"_timestamp":1.7731657060503528e+09,"train/token_acc":1,"train/exact_match_acc":1,"test/K16/tf_token_acc":1,"test/K16/loss":5.6542457969044335e-06}