{"test/K32/token_acc":0.7490625,"test/K32/loss":0.7116004228591919,"train/K_min":32,"train/K_max":32,"_wandb":{"runtime":418},"train/token_acc":0.7462387084960938,"test/K32/exact_match_acc":0,"_runtime":418.391888328,"lr":1.009735322838044e-06,"train/loss":0.7083792090415955,"test/K32/tf_token_acc":0.7490625,"_timestamp":1.7732554340402803e+09,"test/K32/pos_abs_err_sum":1573,"train/exact_match_acc":0,"train/K_mean":32,"iters_done":40000,"_step":39751,"iter":39751,"test/K32/pos_abs_err_mean":0.4915625}