{"train/K_mean":32,"train/K_max":32,"_step":39751,"iter":39751,"_runtime":2336.208436954,"test/K32/token_acc":1,"iters_done":40000,"train/token_acc":1,"test/K32/tf_token_acc":1,"test/K32/pos_abs_err_sum":0,"train/exact_match_acc":1,"_timestamp":1.7732667264018817e+09,"train/K_min":32,"lr":1.009735322838044e-06,"test/K32/exact_match_acc":1,"_wandb":{"runtime":2336},"test/K32/pos_abs_err_mean":0,"train/loss":3.6191158869769424e-07,"test/K32/loss":1.336634198878528e-07}