{"_step":39751,"test/K16/exact_match_acc":0.99,"train/K_max":16,"iter":39751,"_timestamp":1.773171785031629e+09,"iters_done":40000,"train/K_mean":16,"_wandb":{"runtime":420},"test/K16/loss":0.0013559145154431462,"test/K16/pos_abs_err_mean":0.005625,"_runtime":420.265522216,"train/loss":0.0008373199380002916,"lr":1.009735322838044e-06,"test/K16/tf_token_acc":0.999375,"train/token_acc":0.9998626708984375,"test/K16/token_acc":0.999375,"train/exact_match_acc":0.997802734375,"train/K_min":16,"test/K16/pos_abs_err_sum":9}