{"iter":39751,"train/loss":1.862921635620296e-05,"iters_done":40000,"lr":1.009735322838044e-06,"train/K_min":32,"_runtime":829.671717487,"test/K32/loss":3.441646640567342e-06,"train/K_mean":32,"train/K_max":32,"_step":39751,"_wandb":{"runtime":829},"test/K32/exact_match_acc":1,"test/K32/tf_token_acc":1,"test/K32/pos_abs_err_mean":0,"train/token_acc":0.9999923706054688,"test/K32/token_acc":1,"_timestamp":1.7732222274624503e+09,"test/K32/pos_abs_err_sum":0,"train/exact_match_acc":0.999755859375}