{"train/K_mean":32,"_step":39751,"test/K32/pos_abs_err_sum":0,"iters_done":40000,"_runtime":1046.198367852,"_timestamp":1.7732328525282218e+09,"_wandb":{"runtime":1046},"test/K32/exact_match_acc":1,"test/K32/token_acc":1,"train/exact_match_acc":0.999755859375,"test/K32/pos_abs_err_mean":0,"train/loss":3.790323171415366e-05,"train/K_min":32,"iter":39751,"train/K_max":32,"test/K32/loss":1.3776384548691567e-05,"test/K32/tf_token_acc":1,"train/token_acc":0.9999923706054688,"lr":1.009735322838044e-06}