{"_step":39751,"train/token_acc":0.9993362426757812,"_timestamp":1.7731733290292976e+09,"train/K_min":32,"test/K32/pos_abs_err_mean":0.001875,"train/exact_match_acc":0.978759765625,"train/K_max":32,"_runtime":1090.668876158,"test/K32/pos_abs_err_sum":6,"_wandb":{"runtime":1090},"iter":39751,"test/K32/loss":0.0028462775517255068,"test/K32/exact_match_acc":0.97,"lr":1.009735322838044e-06,"test/K32/tf_token_acc":0.9990625,"test/K32/token_acc":0.9990625,"train/loss":0.0037129439879208803,"train/K_mean":32,"iters_done":40000}