{"test/K16/pos_abs_err_sum":0,"test/K16/loss":6.963402120163664e-05,"_wandb":{"runtime":587},"test/K16/token_acc":1,"iter":39751,"_step":39751,"lr":1.009735322838044e-06,"train/K_min":16,"test/K16/tf_token_acc":1,"train/token_acc":0.9999542236328125,"train/exact_match_acc":0.999267578125,"_timestamp":1.7732640952855337e+09,"train/K_mean":16,"_runtime":587.116075126,"train/K_max":16,"test/K16/exact_match_acc":1,"test/K16/pos_abs_err_mean":0,"iters_done":40000,"train/loss":0.0002573154051788151}