{"lr":1.009735322838044e-06,"train/token_acc":0.9999618530273438,"test/K32/pos_abs_err_mean":0,"train/K_mean":32,"_step":39751,"test/K32/tf_token_acc":1,"test/K32/loss":0.0003153508878313005,"_wandb":{"runtime":710},"_runtime":710.641136179,"train/K_max":32,"_timestamp":1.773224825654062e+09,"test/K32/exact_match_acc":1,"train/K_min":32,"test/K32/pos_abs_err_sum":0,"test/K32/token_acc":1,"train/exact_match_acc":0.998779296875,"train/loss":0.0002168258943129331,"iter":39751,"iters_done":40000}