{"train/K_max":16,"_timestamp":1.7732522314940836e+09,"test/K16/token_acc":0.965,"test/K16/pos_abs_err_sum":192,"train/K_min":16,"train/token_acc":0.9710540771484375,"test/K16/exact_match_acc":0.58,"test/K16/tf_token_acc":0.965,"lr":1.009735322838044e-06,"train/exact_match_acc":0.627197265625,"_runtime":205.847480977,"_wandb":{"runtime":205},"test/K16/pos_abs_err_mean":0.12,"test/K16/loss":0.18742048740386963,"iter":39751,"train/K_mean":16,"iters_done":40000,"train/loss":0.15449169278144836,"_step":39751}