{"train/K_max":32,"train/loss":7.504177119699307e-07,"iters_done":40000,"test/K32/exact_match_acc":1,"test/K32/token_acc":1,"_wandb":{"runtime":759},"_runtime":759.947208182,"_step":39751,"train/K_mean":32,"train/token_acc":1,"_timestamp":1.7732632438709588e+09,"test/K32/pos_abs_err_sum":0,"test/K32/tf_token_acc":1,"train/exact_match_acc":1,"train/K_min":32,"test/K32/loss":7.347762789322587e-07,"test/K32/pos_abs_err_mean":0,"iter":39751,"lr":1.009735322838044e-06}