{"_step":39751,"test/K32/loss":0.016097506508231163,"iters_done":40000,"train/K_mean":32,"_runtime":759.670535944,"train/K_max":32,"train/token_acc":0.991943359375,"test/K32/pos_abs_err_sum":96,"test/K32/exact_match_acc":0.79,"test/K32/token_acc":0.9934375,"test/K32/pos_abs_err_mean":0.03,"test/K32/tf_token_acc":0.9934375,"train/exact_match_acc":0.7421875,"_wandb":{"runtime":759},"lr":1.009735322838044e-06,"_timestamp":1.7732642475357072e+09,"train/loss":0.018022723495960236,"iter":39751,"train/K_min":32}