{"train/K_min":32,"test/K32/pos_abs_err_sum":0,"iters_done":40000,"iter":39751,"test/K32/tf_token_acc":1,"test/K32/loss":5.288273314363323e-06,"_wandb":{"runtime":1054},"train/loss":0.00011277334851911291,"_timestamp":1.7731761523954272e+09,"lr":1.009735322838044e-06,"_runtime":1054.877910315,"test/K32/exact_match_acc":1,"train/K_mean":32,"test/K32/pos_abs_err_mean":0,"test/K32/token_acc":1,"train/K_max":32,"_step":39751,"train/token_acc":0.9999847412109375,"train/exact_match_acc":0.99951171875}