{"test/K16/token_acc":0.3175,"test/K16/pos_abs_err_mean":3.975,"train/K_min":16,"test/K16/pos_abs_err_sum":6360,"test/K16/loss":2.2099692821502686,"train/K_max":16,"_step":39751,"_timestamp":1.773172266793261e+09,"train/K_mean":16,"lr":1.009735322838044e-06,"train/loss":2.1992132663726807,"train/exact_match_acc":0,"iters_done":40000,"test/K16/exact_match_acc":0,"iter":39751,"_runtime":422.762410634,"_wandb":{"runtime":422},"train/token_acc":0.33148193359375,"test/K16/tf_token_acc":0.3175}