{"lr":1.009735322838044e-06,"train/token_acc":0.9245147705078125,"test/K16/loss":0.1839378923177719,"iters_done":40000,"test/K16/exact_match_acc":0.12,"iter":39751,"_step":39751,"test/K16/token_acc":0.92125,"train/K_mean":16,"test/K16/tf_token_acc":0.92125,"_wandb":{"runtime":310},"test/K16/pos_abs_err_sum":614,"_runtime":310.804864353,"train/K_min":16,"train/loss":0.1769968420267105,"_timestamp":1.7732543596135907e+09,"train/exact_match_acc":0.16259765625,"train/K_max":16,"test/K16/pos_abs_err_mean":0.38375}