{"test/K16/loss":0.0005023892153985798,"test/K16/exact_match_acc":1,"test/K16/token_acc":1,"test/K16/pos_abs_err_mean":0,"iters_done":40000,"train/K_mean":16,"train/token_acc":0.999847412109375,"_runtime":293.436131478,"_step":39751,"test/K16/tf_token_acc":1,"test/K16/pos_abs_err_sum":0,"train/exact_match_acc":0.99755859375,"_timestamp":1.7732624190004134e+09,"train/K_min":16,"iter":39751,"_wandb":{"runtime":293},"train/K_max":16,"lr":1.009735322838044e-06,"train/loss":0.0018809845205396414}