{"train/K_mean":32,"_runtime":587.230285493,"_step":39751,"test/K32/token_acc":0.2625,"test/K32/pos_abs_err_sum":16159,"_wandb":{"runtime":587},"train/K_max":32,"test/K32/loss":2.586308002471924,"_timestamp":1.7731737593683023e+09,"train/loss":2.6007556915283203,"train/exact_match_acc":0,"train/token_acc":0.2623443603515625,"test/K32/pos_abs_err_mean":5.0496875,"iter":39751,"test/K32/tf_token_acc":0.2625,"lr":1.009735322838044e-06,"train/K_min":32,"test/K32/exact_match_acc":0,"iters_done":40000}