{"_timestamp":1.7732542958121958e+09,"train/loss":0.010103283450007439,"test/K16/pos_abs_err_mean":0.009375,"test/K16/pos_abs_err_sum":15,"_wandb":{"runtime":281},"test/K16/tf_token_acc":0.9975,"_runtime":281.285255113,"train/token_acc":0.997894287109375,"test/K16/token_acc":0.9975,"train/K_max":16,"test/K16/exact_match_acc":0.96,"train/K_mean":16,"_step":39751,"train/K_min":16,"iter":39751,"iters_done":40000,"lr":1.009735322838044e-06,"test/K16/loss":0.00934595800936222,"train/exact_match_acc":0.969482421875}