{"_wandb":{"runtime":315},"_step":39751,"train/loss":0.009907697327435017,"test/K16/pos_abs_err_mean":0.0075,"train/K_min":16,"test/K16/token_acc":0.99875,"train/K_mean":16,"train/token_acc":0.998443603515625,"train/K_max":16,"_runtime":315.609177958,"iter":39751,"test/K16/exact_match_acc":0.98,"test/K16/loss":0.005762126296758652,"test/K16/pos_abs_err_sum":12,"train/exact_match_acc":0.97509765625,"test/K16/tf_token_acc":0.99875,"iters_done":40000,"lr":1.009735322838044e-06,"_timestamp":1.7732660591259477e+09}