{"_runtime":549.899750722,"test/K16/token_acc":1,"train/K_max":16,"train/exact_match_acc":0.9990234375,"train/K_min":16,"test/K16/tf_token_acc":1,"lr":1.009735322838044e-06,"_timestamp":1.7731744664695122e+09,"test/K16/pos_abs_err_mean":0,"_wandb":{"runtime":549},"test/K16/exact_match_acc":1,"train/token_acc":0.99993896484375,"iters_done":40000,"_step":39751,"iter":39751,"test/K16/loss":1.4182553059072234e-05,"test/K16/pos_abs_err_sum":0,"train/K_mean":16,"train/loss":0.0002139605931006372}