{"_runtime":1057.723712779,"train/token_acc":0.999969482421875,"iter":39751,"test/K32/tf_token_acc":1,"test/K32/pos_abs_err_mean":0,"_step":39751,"train/K_max":32,"train/K_min":32,"train/K_mean":32,"test/K32/exact_match_acc":1,"iters_done":40000,"train/exact_match_acc":0.9990234375,"test/K32/loss":1.5306062778108753e-05,"lr":1.009735322838044e-06,"train/loss":0.00013013670104555786,"test/K32/pos_abs_err_sum":0,"test/K32/token_acc":1,"_timestamp":1.7731765312329133e+09,"_wandb":{"runtime":1057}}