{"train/exact_match_acc":1,"iters_done":40000,"test/K32/exact_match_acc":1,"test/K32/pos_abs_err_sum":0,"lr":1.009735322838044e-06,"_runtime":1530.701932277,"train/K_max":32,"test/K32/token_acc":1,"train/K_mean":32,"train/token_acc":1,"test/K32/loss":1.3649463426190778e-06,"iter":39751,"train/K_min":32,"_wandb":{"runtime":1530},"train/loss":1.706294460745994e-05,"test/K32/tf_token_acc":1,"test/K32/pos_abs_err_mean":0,"_timestamp":1.7731766083021798e+09,"_step":39751}