{"train/exact_match_acc":0,"train/K_max":16,"train/loss":1.5344672203063965,"lr":1.009735322838044e-06,"test/K16/loss":1.5486822128295898,"test/K16/token_acc":0.415625,"_runtime":205.864185461,"train/token_acc":0.422882080078125,"_step":39751,"_timestamp":1.7731619906985872e+09,"iter":39751,"iters_done":40000,"_wandb":{"runtime":205},"test/K16/exact_match_acc":0,"test/K16/pos_abs_err_sum":2136,"train/K_mean":16,"test/K16/tf_token_acc":0.415625,"train/K_min":16,"test/K16/pos_abs_err_mean":1.335}