{"test/K32/tf_token_acc":1,"iters_done":40000,"test/K32/pos_abs_err_mean":0,"train/K_max":32,"_step":39751,"test/K32/token_acc":1,"train/K_min":32,"train/loss":4.60903174825944e-06,"train/exact_match_acc":1,"_wandb":{"runtime":1759},"_runtime":1759.018025835,"test/K32/pos_abs_err_sum":0,"train/K_mean":32,"_timestamp":1.7732733091233094e+09,"lr":1.009735322838044e-06,"train/token_acc":1,"iter":39751,"test/K32/loss":1.6856938600540161e-06,"test/K32/exact_match_acc":1}