{"train/K_min":16,"test/K16/exact_match_acc":0.11,"train/K_mean":16,"train/K_max":16,"test/K16/pos_abs_err_mean":0.6825,"iters_done":40000,"test/K16/pos_abs_err_sum":1092,"_step":39751,"lr":1.009735322838044e-06,"_runtime":424.039365074,"test/K16/loss":0.4593490958213806,"iter":39751,"train/loss":0.5078436732292175,"_timestamp":1.7732665430224063e+09,"_wandb":{"runtime":424},"test/K16/token_acc":0.85875,"train/exact_match_acc":0.09130859375,"train/token_acc":0.8464202880859375,"test/K16/tf_token_acc":0.85875}