{"train/loss":0.04375799000263214,"iters_done":40000,"train/token_acc":0.98779296875,"train/K_max":16,"test/K16/pos_abs_err_mean":0.06375,"test/K16/loss":0.05533803999423981,"iter":39751,"_step":39751,"_timestamp":1.7732410511954367e+09,"test/K16/tf_token_acc":0.985,"_runtime":588.634827303,"lr":1.009735322838044e-06,"test/K16/exact_match_acc":0.79,"test/K16/token_acc":0.985,"train/K_min":16,"test/K16/pos_abs_err_sum":102,"_wandb":{"runtime":588},"train/K_mean":16,"train/exact_match_acc":0.832763671875}