{"test/K32/loss":0.010162235237658024,"_runtime":1084.860341048,"test/K32/exact_match_acc":0.94,"iter":39751,"iters_done":40000,"test/K32/tf_token_acc":0.998125,"train/K_mean":32,"train/token_acc":0.9976272583007812,"_step":39751,"_timestamp":1.7731734386231678e+09,"test/K32/token_acc":0.998125,"lr":1.009735322838044e-06,"train/K_min":32,"test/K32/pos_abs_err_sum":93,"_wandb":{"runtime":1084},"train/exact_match_acc":0.92431640625,"train/loss":0.008447141386568546,"test/K32/pos_abs_err_mean":0.0290625,"train/K_max":32}