{"_timestamp":1.7732594859906814e+09,"test/K32/exact_match_acc":0,"train/K_mean":32,"_runtime":441.927837805,"_step":39751,"test/K32/loss":1.0277525186538696,"train/K_max":32,"lr":1.009735322838044e-06,"test/K32/tf_token_acc":0.6684375,"_wandb":{"runtime":441},"iter":39751,"test/K32/token_acc":0.6684375,"train/K_min":32,"train/exact_match_acc":0,"test/K32/pos_abs_err_sum":3822,"train/token_acc":0.6664047241210938,"train/loss":1.0243301391601562,"iters_done":40000,"test/K32/pos_abs_err_mean":1.194375}