{"_timestamp":1.7732310201699598e+09,"test/K32/tf_token_acc":1,"_wandb":{"runtime":1560},"train/K_min":32,"_runtime":1560.515627462,"train/K_max":32,"iters_done":40000,"test/K32/token_acc":1,"test/K32/exact_match_acc":1,"lr":1.009735322838044e-06,"train/loss":1.7111233319155872e-08,"train/token_acc":1,"test/K32/loss":1.5534460828803276e-08,"_step":39751,"iter":39751,"train/exact_match_acc":1,"train/K_mean":32,"test/K32/pos_abs_err_mean":0,"test/K32/pos_abs_err_sum":0}