{"iters_done":40000,"test/K16/exact_match_acc":0.99,"test/K16/pos_abs_err_sum":1,"lr":1.009735322838044e-06,"iter":39751,"train/exact_match_acc":0.991943359375,"_runtime":289.459011654,"test/K16/tf_token_acc":0.999375,"train/K_max":16,"train/K_mean":16,"test/K16/pos_abs_err_mean":0.000625,"test/K16/loss":0.003436290891841054,"test/K16/token_acc":0.999375,"train/loss":0.0031975291203707457,"_wandb":{"runtime":289},"train/token_acc":0.9994964599609375,"train/K_min":16,"_step":39751,"_timestamp":1.7732196333074522e+09}