{"_timestamp":1.7732294501527765e+09,"test/K16/tf_token_acc":1,"lr":1.009735322838044e-06,"test/K16/exact_match_acc":1,"test/K16/pos_abs_err_mean":0,"_step":39751,"iter":39751,"train/loss":8.136339602060616e-08,"_runtime":532.746001425,"test/K16/token_acc":1,"train/K_mean":16,"train/token_acc":1,"train/K_min":16,"train/K_max":16,"iters_done":40000,"_wandb":{"runtime":532},"test/K16/pos_abs_err_sum":0,"test/K16/loss":6.780028627417778e-08,"train/exact_match_acc":1}