{"test/K32/loss":3.170523632434197e-05,"test/K32/exact_match_acc":1,"train/loss":0.0002444569254294038,"test/K32/pos_abs_err_mean":0,"test/K32/token_acc":1,"lr":1.009735322838044e-06,"train/K_min":32,"test/K32/tf_token_acc":1,"_timestamp":1.7732690015641046e+09,"train/K_max":32,"_runtime":1088.408333608,"train/exact_match_acc":0.99853515625,"test/K32/pos_abs_err_sum":0,"train/token_acc":0.9999542236328125,"iter":39751,"iters_done":40000,"_step":39751,"train/K_mean":32,"_wandb":{"runtime":1088}}