{"test/K16/tf_token_acc":0.899375,"test/K16/loss":0.3573152422904968,"_step":39751,"test/K16/exact_match_acc":0.21,"lr":1.009735322838044e-06,"train/K_min":16,"_wandb":{"runtime":317},"_runtime":317.780307252,"train/K_max":16,"train/K_mean":16,"test/K16/pos_abs_err_mean":0.326875,"train/exact_match_acc":0.27490234375,"test/K16/pos_abs_err_sum":523,"iters_done":40000,"train/loss":0.27777573466300964,"_timestamp":1.7732585799967144e+09,"iter":39751,"train/token_acc":0.9159698486328125,"test/K16/token_acc":0.899375}