{"test/K32/tf_token_acc":0.791875,"_wandb":{"runtime":561},"test/K32/pos_abs_err_sum":1395,"train/exact_match_acc":0,"train/K_max":32,"train/K_mean":32,"train/loss":0.7388306856155396,"train/K_min":32,"_runtime":561.474685189,"_timestamp":1.7731641852404325e+09,"iters_done":40000,"test/K32/token_acc":0.791875,"test/K32/pos_abs_err_mean":0.4359375,"iter":39751,"test/K32/loss":0.744594395160675,"lr":1.009735322838044e-06,"_step":39751,"train/token_acc":0.7748260498046875,"test/K32/exact_match_acc":0}