{"test/K16/pos_abs_err_mean":0,"_step":39751,"train/loss":0.008429460227489471,"_timestamp":1.7731644442589664e+09,"train/K_min":16,"train/exact_match_acc":0.978515625,"train/K_mean":16,"iters_done":40000,"test/K16/token_acc":1,"iter":39751,"_wandb":{"runtime":310},"train/K_max":16,"train/token_acc":0.9986572265625,"lr":1.009735322838044e-06,"test/K16/loss":0.0018385027069598436,"_runtime":310.687008165,"test/K16/exact_match_acc":1,"test/K16/pos_abs_err_sum":0,"test/K16/tf_token_acc":1}