{"train/K_max":32,"train/K_min":32,"lr":1.009735322838044e-06,"_step":39751,"test/K32/pos_abs_err_sum":1376,"iters_done":40000,"_timestamp":1.7732630592983055e+09,"test/K32/loss":0.3846495449542999,"test/K32/pos_abs_err_mean":0.43,"train/exact_match_acc":0,"_wandb":{"runtime":555},"iter":39751,"_runtime":555.44690775,"test/K32/tf_token_acc":0.870625,"train/token_acc":0.8729705810546875,"test/K32/exact_match_acc":0,"train/loss":0.384020060300827,"test/K32/token_acc":0.870625,"train/K_mean":32}