{"train/token_acc":0.5551223754882812,"_wandb":{"runtime":525},"iters_done":40000,"train/exact_match_acc":0,"train/K_max":32,"_step":39751,"lr":1.009735322838044e-06,"test/K32/tf_token_acc":0.5584375,"test/K32/pos_abs_err_mean":0.776875,"train/loss":1.2487739324569702,"train/K_mean":32,"test/K32/pos_abs_err_sum":2486,"test/K32/exact_match_acc":0,"_timestamp":1.7731650813503268e+09,"_runtime":525.638223477,"test/K32/loss":1.2461360692977905,"iter":39751,"test/K32/token_acc":0.5584375,"train/K_min":32}