{"lr":1.009735322838044e-06,"_runtime":856.665580109,"train/K_max":32,"test/K32/loss":0.007528446149080992,"train/exact_match_acc":0.94384765625,"iter":39751,"_timestamp":1.7731670995081367e+09,"_wandb":{"runtime":856},"train/K_min":32,"test/K32/token_acc":0.998125,"train/loss":0.006989108864217997,"test/K32/pos_abs_err_mean":0.0109375,"test/K32/tf_token_acc":0.998125,"train/token_acc":0.99822998046875,"iters_done":40000,"test/K32/pos_abs_err_sum":35,"test/K32/exact_match_acc":0.94,"_step":39751,"train/K_mean":32}