{"test/K32/exact_match_acc":1,"train/K_max":32,"train/token_acc":1,"_runtime":1202.105972837,"train/K_min":32,"test/K32/tf_token_acc":1,"test/K32/pos_abs_err_mean":0,"test/K32/token_acc":1,"test/K32/pos_abs_err_sum":0,"_timestamp":1.7732153644780781e+09,"test/K32/loss":8.717178978656648e-09,"_step":39751,"iters_done":40000,"_wandb":{"runtime":1202},"train/loss":9.737959771882743e-09,"iter":39751,"train/K_mean":32,"lr":1.009735322838044e-06,"train/exact_match_acc":1}