{"train/token_acc":0.9992828369140625,"test/K16/tf_token_acc":0.999375,"_runtime":475.723475052,"train/loss":0.0024248394183814526,"_wandb":{"runtime":475},"train/exact_match_acc":0.988525390625,"test/K16/token_acc":0.999375,"iters_done":40000,"test/K16/loss":0.0017034300835803151,"train/K_mean":16,"_timestamp":1.7732569930292215e+09,"lr":1.009735322838044e-06,"test/K16/exact_match_acc":0.99,"test/K16/pos_abs_err_mean":0.000625,"iter":39751,"train/K_max":16,"train/K_min":16,"test/K16/pos_abs_err_sum":1,"_step":39751}