{"iter":39751,"_step":39751,"test/K32/tf_token_acc":1,"test/K32/pos_abs_err_sum":0,"train/K_max":32,"test/K32/loss":6.0028210100426804e-06,"test/K32/pos_abs_err_mean":0,"train/exact_match_acc":0.999755859375,"lr":1.009735322838044e-06,"_wandb":{"runtime":397},"_timestamp":1.7732097849848323e+09,"train/K_min":32,"train/token_acc":0.9999923706054688,"train/loss":4.5008306187810376e-05,"test/K32/exact_match_acc":1,"_runtime":397.803385708,"iters_done":40000,"test/K32/token_acc":1,"train/K_mean":32}