{"_runtime":672.919439917,"test/K16/tf_token_acc":1,"iters_done":40000,"_wandb":{"runtime":672},"test/K16/token_acc":1,"train/K_max":16,"train/K_mean":16,"train/token_acc":1,"test/K16/exact_match_acc":1,"test/K16/loss":9.031296031025704e-06,"train/K_min":16,"_timestamp":1.7732182308050034e+09,"test/K16/pos_abs_err_mean":0,"test/K16/pos_abs_err_sum":0,"lr":1.009735322838044e-06,"train/loss":3.972480044467375e-06,"_step":39751,"iter":39751,"train/exact_match_acc":1}