{"train/loss":1.5226942300796509,"test/K32/pos_abs_err_sum":3173,"train/token_acc":0.4700775146484375,"iter":39751,"test/K32/exact_match_acc":0,"train/K_max":32,"train/K_min":32,"test/K32/pos_abs_err_mean":0.9915625,"test/K32/loss":1.5059205293655396,"_step":39751,"lr":1.009735322838044e-06,"_runtime":419.099291498,"test/K32/token_acc":0.46375,"train/K_mean":32,"_timestamp":1.7731650610733507e+09,"test/K32/tf_token_acc":0.46375,"_wandb":{"runtime":419},"train/exact_match_acc":0,"iters_done":40000}