{"test/K16/token_acc":1,"iters_done":40000,"test/K16/pos_abs_err_mean":0,"_wandb":{"runtime":1223},"train/K_min":16,"test/K16/loss":3.114342561616468e-08,"_step":39751,"_timestamp":1.7732613916577456e+09,"test/K16/exact_match_acc":1,"test/K16/tf_token_acc":1,"test/K16/pos_abs_err_sum":0,"lr":1.009735322838044e-06,"train/token_acc":1,"iter":39751,"train/K_mean":16,"train/K_max":16,"train/exact_match_acc":1,"train/loss":5.1619281293824315e-08,"_runtime":1223.103436762}