{"test/K16/tf_token_acc":1,"_step":39751,"_timestamp":1.7732195590713859e+09,"test/K16/exact_match_acc":1,"iters_done":40000,"test/K16/token_acc":1,"iter":39751,"train/K_min":16,"train/token_acc":0.999969482421875,"lr":1.009735322838044e-06,"train/K_mean":16,"_wandb":{"runtime":446},"test/K16/loss":1.5010461538622621e-05,"train/loss":0.0001159526000265032,"train/exact_match_acc":0.99951171875,"test/K16/pos_abs_err_mean":0,"train/K_max":16,"test/K16/pos_abs_err_sum":0,"_runtime":446.060560543}