{"train/loss":0.0019584321416914463,"train/token_acc":0.999755859375,"train/exact_match_acc":0.99609375,"test/K16/loss":0.0037371618673205376,"_timestamp":1.7732185710195124e+09,"iters_done":40000,"train/K_mean":16,"train/K_max":16,"_step":39751,"_runtime":289.469554205,"test/K16/tf_token_acc":0.99875,"train/K_min":16,"test/K16/pos_abs_err_mean":0.003125,"lr":1.009735322838044e-06,"test/K16/pos_abs_err_sum":5,"test/K16/token_acc":0.99875,"test/K16/exact_match_acc":0.98,"iter":39751,"_wandb":{"runtime":289}}