{"train/K_max":16,"_timestamp":1.7731700232797036e+09,"iter":39751,"test/K16/token_acc":0.488125,"test/K16/tf_token_acc":0.488125,"train/K_mean":16,"lr":1.009735322838044e-06,"test/K16/exact_match_acc":0,"iters_done":40000,"train/K_min":16,"_wandb":{"runtime":401},"test/K16/pos_abs_err_mean":1.776875,"_runtime":401.133279796,"test/K16/loss":1.5410680770874023,"_step":39751,"train/loss":1.452392578125,"train/token_acc":0.5040435791015625,"train/exact_match_acc":0,"test/K16/pos_abs_err_sum":2843}