{"test/K16/pos_abs_err_sum":102,"train/K_min":16,"test/K16/pos_abs_err_mean":0.06375,"lr":1.009735322838044e-06,"test/K16/exact_match_acc":0.79,"_step":39751,"train/K_mean":16,"train/K_max":16,"iter":39751,"train/exact_match_acc":0.832763671875,"_runtime":588.603719488,"iters_done":40000,"test/K16/tf_token_acc":0.985,"train/token_acc":0.98779296875,"_wandb":{"runtime":588},"_timestamp":1.7732410552423506e+09,"test/K16/loss":0.05533803999423981,"train/loss":0.04375799000263214,"test/K16/token_acc":0.985}