{"test/K32/pos_abs_err_sum":0,"train/K_min":32,"test/K32/exact_match_acc":1,"lr":1.009735322838044e-06,"test/K32/pos_abs_err_mean":0,"test/K32/tf_token_acc":1,"train/K_mean":32,"_runtime":1047.208616047,"train/loss":3.790323171415366e-05,"test/K32/loss":1.3776384548691567e-05,"test/K32/token_acc":1,"train/token_acc":0.9999923706054688,"_timestamp":1.7732328701265762e+09,"iters_done":40000,"iter":39751,"train/K_max":32,"train/exact_match_acc":0.999755859375,"_step":39751,"_wandb":{"runtime":1047}}