{"test/K32/tf_token_acc":0.51875,"lr":1.009735322838044e-06,"train/K_mean":32,"test/K32/pos_abs_err_mean":1.394375,"iter":39751,"_step":39751,"test/K32/pos_abs_err_sum":4462,"test/K32/exact_match_acc":0,"train/exact_match_acc":0,"train/K_max":32,"test/K32/loss":1.4012950658798218,"train/loss":1.3790792226791382,"iters_done":40000,"_runtime":547.810331835,"train/K_min":32,"_timestamp":1.7732608457954605e+09,"test/K32/token_acc":0.51875,"_wandb":{"runtime":547},"train/token_acc":0.5213470458984375}