{"_runtime":357.278948446,"test/K32/exact_match_acc":0,"_wandb":{"runtime":357},"train/exact_match_acc":0,"train/K_min":32,"train/token_acc":0.7842941284179688,"test/K32/tf_token_acc":0.7865625,"train/K_mean":32,"lr":1.009735322838044e-06,"test/K32/loss":0.581935703754425,"_timestamp":1.7732532181039236e+09,"test/K32/pos_abs_err_mean":0.413125,"train/K_max":32,"_step":39751,"train/loss":0.5905173420906067,"test/K32/token_acc":0.7865625,"iters_done":40000,"iter":39751,"test/K32/pos_abs_err_sum":1322}