{"train/loss":0.00017351043061353266,"_timestamp":1.7732186049445767e+09,"test/K16/token_acc":0.999375,"train/K_mean":16,"train/exact_match_acc":0.999267578125,"iter":39751,"_step":39751,"test/K16/exact_match_acc":0.99,"test/K16/pos_abs_err_sum":2,"train/K_max":16,"test/K16/loss":0.002491801045835018,"test/K16/tf_token_acc":0.999375,"_wandb":{"runtime":445},"_runtime":445.899736398,"train/K_min":16,"lr":1.009735322838044e-06,"test/K16/pos_abs_err_mean":0.00125,"train/token_acc":0.9999542236328125,"iters_done":40000}