{"train/token_acc":0.548553466796875,"lr":1.009735322838044e-06,"iters_done":40000,"train/K_mean":32,"iter":39751,"test/K32/pos_abs_err_sum":4869,"train/loss":1.3486299514770508,"train/K_min":32,"test/K32/exact_match_acc":0,"train/exact_match_acc":0,"test/K32/pos_abs_err_mean":1.5215625,"test/K32/loss":1.3709951639175415,"test/K32/tf_token_acc":0.530625,"_timestamp":1.773260918828797e+09,"_runtime":441.850198676,"train/K_max":32,"_wandb":{"runtime":441},"_step":39751,"test/K32/token_acc":0.530625}