{"_runtime":554.606521194,"train/K_mean":32,"lr":1.009735322838044e-06,"test/K32/tf_token_acc":0.45,"train/token_acc":0.45737457275390625,"test/K32/loss":1.6485754251480103,"train/exact_match_acc":0,"test/K32/pos_abs_err_sum":6073,"train/loss":1.638288140296936,"test/K32/exact_match_acc":0,"test/K32/token_acc":0.45,"_wandb":{"runtime":554},"_step":39751,"iters_done":40000,"test/K32/pos_abs_err_mean":1.8978125,"train/K_min":32,"_timestamp":1.7731717862423034e+09,"train/K_max":32,"iter":39751}