{"train/K_max":32,"test/K32/exact_match_acc":1,"_step":39751,"_runtime":806.948272454,"test/K32/pos_abs_err_mean":0,"train/loss":1.7872480384539813e-08,"train/K_mean":32,"test/K32/pos_abs_err_sum":0,"train/token_acc":1,"iter":39751,"test/K32/loss":1.6763806343078613e-08,"iters_done":40000,"train/exact_match_acc":1,"_wandb":{"runtime":806},"lr":1.009735322838044e-06,"train/K_min":32,"test/K32/token_acc":1,"_timestamp":1.7732158760518513e+09,"test/K32/tf_token_acc":1}