{"iters_done":40000,"_wandb":{"runtime":205},"test/K16/exact_match_acc":0,"lr":1.009735322838044e-06,"_runtime":205.041865636,"test/K16/tf_token_acc":0.0125,"_timestamp":1.7730944123899825e+09,"test/K16/pos_abs_err_sum":2136,"_step":39751,"train/K_max":16,"train/K_mean":16,"train/K_min":16,"train/loss":1.5344672203063965,"test/K16/token_acc":0.415625,"test/K16/loss":1.5486822128295898,"iter":39751,"test/K16/pos_abs_err_mean":1.335,"train/token_acc":0.422882080078125,"train/exact_match_acc":0}