{"_timestamp":1.773231666232742e+09,"_wandb":{"runtime":1012},"test/K32/tf_token_acc":1,"train/K_min":32,"test/K32/pos_abs_err_mean":0,"iter":39751,"test/K32/token_acc":1,"train/K_mean":32,"iters_done":40000,"train/loss":3.5098310036119074e-08,"test/K32/pos_abs_err_sum":0,"test/K32/loss":3.5278500121194156e-08,"_runtime":1012.851412614,"lr":1.009735322838044e-06,"test/K32/exact_match_acc":1,"train/K_max":32,"train/token_acc":1,"_step":39751,"train/exact_match_acc":1}