{"_wandb":{"runtime":624},"train/token_acc":0.9120025634765625,"train/exact_match_acc":0.00830078125,"train/K_mean":32,"_step":39751,"_runtime":624.732011815,"iter":39751,"test/K32/exact_match_acc":0,"_timestamp":1.7732560663607311e+09,"iters_done":40000,"test/K32/loss":0.15282677114009857,"lr":1.009735322838044e-06,"train/K_max":32,"test/K32/token_acc":0.911875,"train/K_min":32,"test/K32/tf_token_acc":0.911875,"train/loss":0.15411877632141113,"test/K32/pos_abs_err_sum":552,"test/K32/pos_abs_err_mean":0.1725}