{"iters_done":40000,"lr":1.009735322838044e-06,"train/K_max":16,"_wandb":{"runtime":398},"iter":39751,"train/K_mean":16,"train/exact_match_acc":0.996826171875,"test/K16/exact_match_acc":1,"train/K_min":16,"test/K16/loss":9.839832637226209e-05,"train/loss":0.000939060584641993,"_timestamp":1.7731700407978013e+09,"test/K16/pos_abs_err_sum":0,"_step":39751,"_runtime":398.857254337,"test/K16/pos_abs_err_mean":0,"train/token_acc":0.9998016357421875,"test/K16/tf_token_acc":1,"test/K16/token_acc":1}