{"iter":39751,"test/K32/pos_abs_err_mean":0.0028125,"train/K_min":32,"lr":1.009735322838044e-06,"test/K32/token_acc":0.9996875,"train/K_max":32,"test/K32/exact_match_acc":0.99,"train/K_mean":32,"iters_done":40000,"train/exact_match_acc":0.98974609375,"_wandb":{"runtime":792},"_runtime":792.068834081,"train/loss":0.0016676010563969612,"train/token_acc":0.9996719360351562,"test/K32/pos_abs_err_sum":9,"test/K32/loss":0.0010058850748464465,"_step":39751,"_timestamp":1.7731739091265075e+09,"test/K32/tf_token_acc":0.9996875}