{"test/K32/loss":1.3627610206604004,"iter":39751,"lr":1.009735322838044e-06,"_timestamp":1.773170905813847e+09,"_runtime":747.548297669,"_step":39751,"train/loss":1.339957594871521,"train/K_max":32,"_wandb":{"runtime":747},"train/K_min":32,"test/K32/token_acc":0.543125,"train/token_acc":0.5536956787109375,"train/exact_match_acc":0,"train/K_mean":32,"test/K32/pos_abs_err_sum":4680,"test/K32/tf_token_acc":0.543125,"test/K32/pos_abs_err_mean":1.4625,"iters_done":40000,"test/K32/exact_match_acc":0}