{"train/K_min":32,"iters_done":40000,"_wandb":{"runtime":587},"test/K32/loss":0.04331815615296364,"lr":1.009735322838044e-06,"train/token_acc":0.9970550537109375,"test/K32/token_acc":0.9984375,"_timestamp":1.7732683245632653e+09,"train/loss":0.020872261375188828,"test/K32/exact_match_acc":0.95,"_runtime":587.142140574,"train/K_max":32,"test/K32/pos_abs_err_sum":126,"test/K32/tf_token_acc":0.9984375,"train/exact_match_acc":0.908935546875,"iter":39751,"test/K32/pos_abs_err_mean":0.039375,"train/K_mean":32,"_step":39751}