{"_step":39751,"train/token_acc":0.9999923706054688,"_wandb":{"runtime":398},"test/K32/exact_match_acc":1,"iter":39751,"test/K32/token_acc":1,"test/K32/tf_token_acc":1,"_runtime":398.483177382,"train/loss":2.3398066332447343e-05,"train/exact_match_acc":0.999755859375,"train/K_min":32,"train/K_mean":32,"iters_done":40000,"train/K_max":32,"_timestamp":1.7732083335938728e+09,"test/K32/pos_abs_err_mean":0,"test/K32/loss":7.375359564321116e-05,"test/K32/pos_abs_err_sum":0,"lr":1.009735322838044e-06}