{"train/K_min":16,"train/exact_match_acc":0.3125,"test/K16/token_acc":0.9225,"train/token_acc":0.92523193359375,"lr":1.009735322838044e-06,"test/K16/loss":0.23042438924312592,"test/K16/pos_abs_err_sum":266,"test/K16/tf_token_acc":0.9225,"_step":39751,"_timestamp":1.7732610575732238e+09,"_wandb":{"runtime":400},"iter":39751,"test/K16/exact_match_acc":0.38,"train/K_mean":16,"train/loss":0.2430799901485443,"iters_done":40000,"test/K16/pos_abs_err_mean":0.16625,"train/K_max":16,"_runtime":400.95519007}