{"test/K16/pos_abs_err_sum":0,"_timestamp":1.7732615466127903e+09,"iter":39751,"lr":1.009735322838044e-06,"train/K_mean":16,"test/K16/exact_match_acc":1,"test/K16/token_acc":1,"iters_done":40000,"train/loss":9.044058970175683e-06,"train/exact_match_acc":1,"test/K16/tf_token_acc":1,"train/K_min":16,"_wandb":{"runtime":397},"_runtime":397.4019602,"train/token_acc":1,"_step":39751,"test/K16/loss":3.39098278345773e-06,"test/K16/pos_abs_err_mean":0,"train/K_max":16}