{"train/loss":0.0015950707020238042,"test/K32/pos_abs_err_mean":0,"test/K32/loss":0.00025110531714744866,"lr":1.009735322838044e-06,"train/K_mean":32,"train/exact_match_acc":0.9912109375,"iter":39751,"test/K32/exact_match_acc":1,"test/K32/token_acc":1,"test/K32/tf_token_acc":1,"train/K_min":32,"train/token_acc":0.999725341796875,"_timestamp":1.7732527560173142e+09,"_wandb":{"runtime":735},"_runtime":735.780037193,"train/K_max":32,"_step":39751,"test/K32/pos_abs_err_sum":0,"iters_done":40000}