{"test/K32/loss":1.3064723014831543,"lr":1.009735322838044e-06,"test/K32/pos_abs_err_mean":0.8421875,"test/K32/pos_abs_err_sum":2695,"iter":39751,"test/K32/token_acc":0.5353125,"_runtime":356.031087504,"test/K32/exact_match_acc":0,"train/K_min":32,"_timestamp":1.7731631437445238e+09,"iters_done":40000,"train/token_acc":0.5322265625,"train/loss":1.3166754245758057,"_wandb":{"runtime":356},"train/exact_match_acc":0,"_step":39751,"train/K_max":32,"test/K32/tf_token_acc":0.5353125,"train/K_mean":32}