{"train/exact_match_acc":0.948486328125,"lr":1.009735322838044e-06,"test/K16/token_acc":0.99625,"test/K16/exact_match_acc":0.94,"_step":39751,"train/loss":0.013966978527605534,"test/K16/tf_token_acc":0.99625,"train/K_mean":16,"_wandb":{"runtime":310},"train/K_min":16,"iter":39751,"train/token_acc":0.9967803955078125,"test/K16/pos_abs_err_mean":0.04125,"_timestamp":1.773164198667147e+09,"_runtime":310.621806904,"iters_done":40000,"train/K_max":16,"test/K16/loss":0.023802900686860085,"test/K16/pos_abs_err_sum":66}