{"_timestamp":1.773167097745308e+09,"iters_done":40000,"test/K32/loss":2.01371693611145,"iter":39751,"train/K_mean":32,"_wandb":{"runtime":548},"train/loss":2.028625965118408,"_step":39751,"train/K_max":32,"train/exact_match_acc":0,"test/K32/tf_token_acc":0.27125,"train/K_min":32,"train/token_acc":0.2711181640625,"test/K32/token_acc":0.27125,"test/K32/exact_match_acc":0,"lr":1.009735322838044e-06,"_runtime":548.188626644,"test/K32/pos_abs_err_sum":6476,"test/K32/pos_abs_err_mean":2.02375}