{"train/loss":1.814950883272104e-05,"iters_done":40000,"train/K_min":32,"train/K_max":32,"test/K32/pos_abs_err_mean":0,"test/K32/exact_match_acc":1,"_wandb":{"runtime":830},"test/K32/tf_token_acc":1,"_step":39751,"test/K32/loss":3.9452688724850304e-06,"train/token_acc":0.9999923706054688,"train/K_mean":32,"test/K32/token_acc":1,"iter":39751,"_runtime":830.839205949,"lr":1.009735322838044e-06,"_timestamp":1.7732240719119465e+09,"train/exact_match_acc":0.999755859375,"test/K32/pos_abs_err_sum":0}