{"iters_done":40000,"test/K32/pos_abs_err_sum":9769,"test/K32/loss":1.5167161226272583,"train/K_min":32,"test/K32/token_acc":0.565625,"_timestamp":1.7731769700874856e+09,"train/K_max":32,"lr":1.009735322838044e-06,"_runtime":825.98590176,"iter":39751,"_step":39751,"test/K32/tf_token_acc":0.565625,"test/K32/pos_abs_err_mean":3.0528125,"_wandb":{"runtime":825},"test/K32/exact_match_acc":0,"train/exact_match_acc":0,"train/token_acc":0.568817138671875,"train/K_mean":32,"train/loss":1.5193588733673096}