{"test/K32/tf_token_acc":1,"train/token_acc":1,"train/exact_match_acc":1,"train/loss":3.5645107345771976e-06,"train/K_mean":32,"iters_done":40000,"test/K32/token_acc":1,"test/K32/exact_match_acc":1,"train/K_max":32,"test/K32/pos_abs_err_mean":0,"iter":39751,"train/K_min":32,"_runtime":687.193208461,"_timestamp":1.7732150175087473e+09,"_step":39751,"_wandb":{"runtime":687},"lr":1.009735322838044e-06,"test/K32/pos_abs_err_sum":0,"test/K32/loss":4.681572249864985e-07}