{"test/K16/token_acc":0.99875,"test/K16/tf_token_acc":0.99875,"iters_done":40000,"train/token_acc":0.999755859375,"train/exact_match_acc":0.99609375,"iter":39751,"_runtime":289.628343829,"test/K16/exact_match_acc":0.98,"test/K16/pos_abs_err_mean":0.003125,"train/K_min":16,"_timestamp":1.773218571054089e+09,"train/K_mean":16,"lr":1.009735322838044e-06,"train/K_max":16,"_wandb":{"runtime":289},"_step":39751,"train/loss":0.0019584321416914463,"test/K16/pos_abs_err_sum":5,"test/K16/loss":0.0037371618673205376}