{"_wandb":{"runtime":548},"_runtime":548.373593791,"test/K32/loss":2.01371693611145,"test/K32/pos_abs_err_mean":2.02375,"lr":1.009735322838044e-06,"test/K32/tf_token_acc":0.27125,"train/token_acc":0.2711181640625,"train/K_max":32,"iter":39751,"test/K32/token_acc":0.27125,"_step":39751,"train/exact_match_acc":0,"train/loss":2.028625965118408,"test/K32/pos_abs_err_sum":6476,"test/K32/exact_match_acc":0,"train/K_min":32,"train/K_mean":32,"_timestamp":1.773167113632962e+09,"iters_done":40000}