{"iter":39751,"_timestamp":1.7731774842298348e+09,"_runtime":1182.89122424,"test/K32/token_acc":0.483125,"iters_done":40000,"_step":39751,"train/K_max":32,"train/exact_match_acc":0,"lr":1.009735322838044e-06,"test/K32/loss":1.6717276573181152,"test/K32/pos_abs_err_mean":2.62625,"train/K_min":32,"test/K32/pos_abs_err_sum":8404,"train/loss":1.657254934310913,"test/K32/exact_match_acc":0,"test/K32/tf_token_acc":0.483125,"train/K_mean":32,"train/token_acc":0.4889984130859375,"_wandb":{"runtime":1182}}