{"iters_done":40000,"train/K_max":32,"test/K32/pos_abs_err_sum":5,"train/token_acc":0.9999237060546875,"_wandb":{"runtime":855},"train/loss":0.00023081157996784896,"test/K32/tf_token_acc":0.999375,"test/K32/token_acc":0.999375,"train/exact_match_acc":0.99755859375,"train/K_min":32,"test/K32/exact_match_acc":0.98,"train/K_mean":32,"test/K32/loss":0.0014198067365214229,"iter":39751,"_runtime":855.880262839,"_timestamp":1.773259615814805e+09,"lr":1.009735322838044e-06,"_step":39751,"test/K32/pos_abs_err_mean":0.0015625}