{"test/K32/token_acc":0.565625,"test/K32/exact_match_acc":0,"_step":39751,"iter":39751,"test/K32/loss":1.5167161226272583,"iters_done":40000,"lr":1.009735322838044e-06,"train/K_max":32,"_timestamp":1.7731763157145712e+09,"train/exact_match_acc":0,"_runtime":822.892674208,"train/loss":1.5193588733673096,"test/K32/tf_token_acc":0.565625,"train/K_min":32,"test/K32/pos_abs_err_mean":3.0528125,"train/token_acc":0.568817138671875,"train/K_mean":32,"test/K32/pos_abs_err_sum":9769,"_wandb":{"runtime":822}}