{"test/K16/pos_abs_err_sum":2,"_step":39751,"_timestamp":1.7732288829151022e+09,"_wandb":{"runtime":565},"train/K_max":16,"train/exact_match_acc":0.994384765625,"test/K16/loss":0.001332098268903792,"_runtime":565.576295456,"train/token_acc":0.9996490478515625,"lr":1.009735322838044e-06,"test/K16/token_acc":0.999375,"iters_done":40000,"train/K_mean":16,"iter":39751,"train/K_min":16,"test/K16/exact_match_acc":0.99,"test/K16/tf_token_acc":0.999375,"train/loss":0.0017818196211010218,"test/K16/pos_abs_err_mean":0.00125}