{"train/token_acc":0.52935791015625,"test/K32/exact_match_acc":0,"test/K32/loss":1.334000825881958,"lr":1.009735322838044e-06,"_timestamp":1.773164943997828e+09,"train/K_min":32,"train/K_max":32,"train/loss":1.340219497680664,"test/K32/tf_token_acc":0.518125,"iters_done":40000,"test/K32/pos_abs_err_mean":0.850625,"_step":39751,"train/K_mean":32,"_runtime":526.422054292,"train/exact_match_acc":0,"test/K32/token_acc":0.518125,"test/K32/pos_abs_err_sum":2722,"iter":39751,"_wandb":{"runtime":526}}