{"_wandb":{"runtime":365},"train/K_min":16,"train/token_acc":0.9910888671875,"iters_done":40000,"test/K16/exact_match_acc":0.84,"test/K16/pos_abs_err_mean":0.075625,"train/K_max":16,"test/K16/loss":0.03676135092973709,"train/K_mean":16,"lr":1.009735322838044e-06,"train/exact_match_acc":0.85888671875,"iter":39751,"_runtime":365.522317248,"train/loss":0.03114466182887554,"_step":39751,"test/K16/token_acc":0.99,"test/K16/pos_abs_err_sum":121,"test/K16/tf_token_acc":0.00125,"_timestamp":1.7730943647477565e+09}