{"test/K16/tf_token_acc":0.85875,"_step":39751,"lr":1.009735322838044e-06,"train/K_mean":16,"test/K16/exact_match_acc":0.11,"_runtime":422.810223446,"iters_done":40000,"_timestamp":1.773266314142356e+09,"test/K16/token_acc":0.85875,"train/K_min":16,"_wandb":{"runtime":422},"test/K16/pos_abs_err_mean":0.6825,"train/token_acc":0.8464202880859375,"train/K_max":16,"test/K16/loss":0.4593490958213806,"train/loss":0.5078436732292175,"iter":39751,"test/K16/pos_abs_err_sum":1092,"train/exact_match_acc":0.09130859375}