{"_timestamp":1.7732691647772627e+09,"test/K16/tf_token_acc":1,"lr":1.009735322838044e-06,"iter":39751,"train/K_max":16,"train/K_min":16,"train/token_acc":1,"test/K16/token_acc":1,"test/K16/pos_abs_err_sum":0,"_wandb":{"runtime":798},"train/K_mean":16,"iters_done":40000,"_runtime":798.950381319,"test/K16/loss":1.9224733023293084e-06,"_step":39751,"train/exact_match_acc":1,"test/K16/exact_match_acc":1,"test/K16/pos_abs_err_mean":0,"train/loss":2.6412617444293573e-06}