{"test/K16/tf_token_acc":0.999375,"test/K16/token_acc":0.999375,"test/K16/loss":0.00185210641939193,"_step":39751,"lr":1.009735322838044e-06,"_timestamp":1.773220086300399e+09,"test/K16/pos_abs_err_mean":0.000625,"train/K_max":16,"iters_done":40000,"_wandb":{"runtime":410},"train/token_acc":0.9995880126953125,"test/K16/exact_match_acc":0.99,"_runtime":410.929348673,"train/K_min":16,"train/exact_match_acc":0.993408203125,"iter":39751,"train/loss":0.002036108635365963,"train/K_mean":16,"test/K16/pos_abs_err_sum":1}