{"_wandb":{"runtime":1200},"train/K_min":32,"test/K32/pos_abs_err_mean":0,"iters_done":40000,"train/token_acc":1,"_runtime":1200.21176187,"test/K32/pos_abs_err_sum":0,"train/loss":1.1737029126379639e-08,"test/K32/tf_token_acc":1,"train/exact_match_acc":1,"train/K_max":32,"iter":39751,"lr":1.009735322838044e-06,"_timestamp":1.7732171052022083e+09,"test/K32/token_acc":1,"test/K32/loss":1.7061829282738472e-08,"test/K32/exact_match_acc":1,"train/K_mean":32,"_step":39751}