{"lr":1.009735322838044e-06,"test/K16/pos_abs_err_mean":0,"_step":39751,"test/K16/token_acc":1,"test/K16/loss":0.0016055756714195013,"train/exact_match_acc":0.9970703125,"_wandb":{"runtime":923},"_timestamp":1.7732611573645978e+09,"train/token_acc":0.99981689453125,"test/K16/exact_match_acc":1,"train/K_min":16,"test/K16/tf_token_acc":1,"train/loss":0.001198000623844564,"iter":39751,"_runtime":923.930706648,"test/K16/pos_abs_err_sum":0,"train/K_mean":16,"iters_done":40000,"train/K_max":16}