{"test/K16/exact_match_acc":1,"_wandb":{"runtime":342},"lr":1.009735322838044e-06,"test/K16/token_acc":1,"_runtime":342.690390932,"train/token_acc":0.9998016357421875,"test/K16/tf_token_acc":1,"_timestamp":1.773204647318895e+09,"_step":39751,"train/K_min":16,"train/exact_match_acc":0.996826171875,"test/K16/pos_abs_err_mean":0,"test/K16/loss":0.0005338604678399861,"train/K_mean":16,"train/loss":0.0004946553963236511,"iter":39751,"iters_done":40000,"test/K16/pos_abs_err_sum":0,"train/K_max":16}