{"train/token_acc":1,"train/K_mean":32,"iter":39751,"_step":39751,"test/K32/pos_abs_err_mean":0,"test/K32/pos_abs_err_sum":0,"test/K32/loss":3.8444994743258576e-08,"lr":1.009735322838044e-06,"train/K_min":32,"_wandb":{"runtime":1012},"_runtime":1012.337996193,"train/exact_match_acc":1,"train/loss":4.406319931149483e-08,"iters_done":40000,"_timestamp":1.773236368003881e+09,"test/K32/exact_match_acc":1,"train/K_max":32,"test/K32/tf_token_acc":1,"test/K32/token_acc":1}