{"lr":1.009735322838044e-06,"iter":39751,"test/K32/tf_token_acc":0.9978125,"train/K_max":32,"test/K32/pos_abs_err_sum":28,"iters_done":40000,"test/K32/pos_abs_err_mean":0.00875,"_timestamp":1.773167979479605e+09,"train/K_min":32,"_wandb":{"runtime":856},"_runtime":856.333283116,"train/token_acc":0.99822998046875,"test/K32/loss":0.006688347551971674,"train/exact_match_acc":0.943603515625,"test/K32/exact_match_acc":0.93,"_step":39751,"train/loss":0.005838047247380018,"train/K_mean":32,"test/K32/token_acc":0.9978125}