{"test/K32/tf_token_acc":1,"train/K_max":32,"_wandb":{"runtime":1054},"_timestamp":1.7732645710012696e+09,"iter":39751,"train/loss":8.20052155177109e-05,"train/token_acc":1,"test/K32/pos_abs_err_sum":0,"_runtime":1054.563461422,"train/exact_match_acc":1,"_step":39751,"train/K_mean":32,"test/K32/loss":2.8622596801142208e-05,"test/K32/token_acc":1,"iters_done":40000,"train/K_min":32,"test/K32/exact_match_acc":1,"lr":1.009735322838044e-06,"test/K32/pos_abs_err_mean":0}