{"test/K16/tf_token_acc":1,"train/K_mean":16,"iter":39751,"train/K_min":16,"test/K16/exact_match_acc":1,"train/K_max":16,"test/K16/pos_abs_err_sum":0,"test/K16/token_acc":1,"test/K16/pos_abs_err_mean":0,"iters_done":40000,"train/loss":5.755592792411335e-05,"_runtime":437.406451051,"_wandb":{"runtime":437},"test/K16/loss":8.005350537132472e-06,"train/token_acc":0.9999847412109375,"train/exact_match_acc":0.999755859375,"lr":1.009735322838044e-06,"_step":39751,"_timestamp":1.773164538783699e+09}