{"test/K32/loss":0.00010350797674618661,"lr":1.009735322838044e-06,"test/K32/pos_abs_err_mean":0,"test/K32/pos_abs_err_sum":0,"_step":39751,"iters_done":40000,"iter":39751,"_runtime":831.476415931,"train/token_acc":0.9999923706054688,"_wandb":{"runtime":831},"test/K32/exact_match_acc":1,"test/K32/token_acc":1,"train/loss":0.00010514054156374186,"train/K_max":32,"train/K_mean":32,"train/exact_match_acc":0.999755859375,"_timestamp":1.7732556520759697e+09,"test/K32/tf_token_acc":1,"train/K_min":32}