{"train/token_acc":0.766082763671875,"test/K16/pos_abs_err_mean":3.125625,"iters_done":40000,"train/K_min":16,"_runtime":315.776303799,"test/K16/loss":0.9880558848381042,"iter":39751,"test/K16/pos_abs_err_sum":5001,"train/K_max":16,"test/K16/exact_match_acc":0,"lr":1.009735322838044e-06,"test/K16/tf_token_acc":0.76375,"_wandb":{"runtime":315},"train/exact_match_acc":0,"train/K_mean":16,"test/K16/token_acc":0.76375,"train/loss":0.9890729784965515,"_step":39751,"_timestamp":1.773172172810165e+09}