{"lr":1.009735322838044e-06,"train/K_max":32,"train/exact_match_acc":0.975830078125,"test/K32/tf_token_acc":0.9990625,"_timestamp":1.7731709834927657e+09,"_step":39751,"_wandb":{"runtime":760},"train/K_min":32,"train/K_mean":32,"train/token_acc":0.999237060546875,"_runtime":760.968682263,"iters_done":40000,"test/K32/exact_match_acc":0.97,"test/K32/pos_abs_err_sum":38,"iter":39751,"train/loss":0.0023467354476451874,"test/K32/pos_abs_err_mean":0.011875,"test/K32/token_acc":0.9990625,"test/K32/loss":0.002926354994997382}