{"lr":1.009735322838044e-06,"_step":39751,"test/K32/loss":1.4470089673995972,"train/exact_match_acc":0,"train/K_min":32,"test/K32/token_acc":0.4784375,"train/loss":1.443040132522583,"train/K_max":32,"_timestamp":1.7731638013958392e+09,"_runtime":417.086800718,"test/K32/exact_match_acc":0,"_wandb":{"runtime":417},"train/K_mean":32,"iter":39751,"iters_done":40000,"test/K32/tf_token_acc":0.4784375,"train/token_acc":0.4824981689453125,"test/K32/pos_abs_err_sum":2950,"test/K32/pos_abs_err_mean":0.921875}