{"train/K_min":32,"test/K32/loss":0.0010058850748464465,"_step":39751,"_wandb":{"runtime":791},"test/K32/tf_token_acc":0.9996875,"lr":1.009735322838044e-06,"_runtime":791.79212471,"train/token_acc":0.9996719360351562,"test/K32/pos_abs_err_mean":0.0028125,"train/loss":0.0016676010563969612,"train/K_mean":32,"test/K32/exact_match_acc":0.99,"iter":39751,"_timestamp":1.773173908789734e+09,"test/K32/token_acc":0.9996875,"test/K32/pos_abs_err_sum":9,"train/exact_match_acc":0.98974609375,"iters_done":40000,"train/K_max":32}