{"train/K_mean":32,"test/K32/pos_abs_err_mean":0,"test/K32/pos_abs_err_sum":0,"iter":39751,"test/K32/exact_match_acc":1,"test/K32/token_acc":1,"lr":1.009735322838044e-06,"train/loss":2.684637365746312e-05,"train/token_acc":0.9999923706054688,"_step":39751,"_timestamp":1.7732575605349567e+09,"test/K32/tf_token_acc":1,"_runtime":1046.446272773,"iters_done":40000,"train/exact_match_acc":0.999755859375,"test/K32/loss":1.6104057749544154e-06,"train/K_min":32,"train/K_max":32,"_wandb":{"runtime":1046}}