{"test/K32/exact_match_acc":1,"_step":39751,"train/K_max":32,"test/K32/tf_token_acc":1,"test/K32/token_acc":1,"train/loss":1.4633769751526415e-06,"test/K32/pos_abs_err_mean":0,"iter":39751,"_wandb":{"runtime":1057},"train/exact_match_acc":1,"test/K32/pos_abs_err_sum":0,"_runtime":1057.070203917,"_timestamp":1.773264528038437e+09,"train/K_min":32,"lr":1.009735322838044e-06,"train/token_acc":1,"train/K_mean":32,"iters_done":40000,"test/K32/loss":1.5083700191098615e-06}