{"_step":39751,"train/loss":0.007182762026786804,"test/K16/exact_match_acc":0.99,"lr":1.009735322838044e-06,"_timestamp":1.773164536707871e+09,"train/K_min":16,"test/K16/token_acc":0.999375,"train/token_acc":0.998504638671875,"test/K16/tf_token_acc":0.999375,"train/exact_match_acc":0.97607421875,"train/K_mean":16,"test/K16/loss":0.007912587374448776,"iter":39751,"iters_done":40000,"_runtime":310.458939715,"test/K16/pos_abs_err_sum":15,"test/K16/pos_abs_err_mean":0.009375,"train/K_max":16,"_wandb":{"runtime":310}}