{"iters_done":40000,"train/exact_match_acc":0.9970703125,"lr":1.009735322838044e-06,"test/K16/pos_abs_err_sum":2,"_runtime":186.988913992,"test/K16/loss":0.0013235056539997458,"iter":39751,"train/K_mean":16,"test/K16/pos_abs_err_mean":0.00125,"_timestamp":1.7732039686216776e+09,"train/token_acc":0.99981689453125,"train/loss":0.0009357765084132552,"_wandb":{"runtime":186},"train/K_min":16,"test/K16/tf_token_acc":0.999375,"test/K16/exact_match_acc":0.99,"train/K_max":16,"test/K16/token_acc":0.999375,"_step":39751}