{"train/K_max":16,"train/token_acc":0.9999847412109375,"_wandb":{"runtime":397},"test/K16/tf_token_acc":1,"test/K16/pos_abs_err_sum":0,"iters_done":40000,"test/K16/exact_match_acc":1,"test/K16/loss":3.040134970433428e-06,"iter":39751,"test/K16/pos_abs_err_mean":0,"_timestamp":1.7732625175798492e+09,"_runtime":397.322755105,"test/K16/token_acc":1,"lr":1.009735322838044e-06,"train/K_mean":16,"train/K_min":16,"train/exact_match_acc":0.999755859375,"_step":39751,"train/loss":3.5286157071823254e-05}