{"test/K32/exact_match_acc":0,"train/K_min":32,"test/K32/loss":1.6813830137252808,"train/K_max":32,"lr":1.009735322838044e-06,"_step":39751,"_timestamp":1.773267480747631e+09,"_runtime":778.61213938,"train/K_mean":32,"iters_done":40000,"test/K32/tf_token_acc":0.4825,"train/loss":1.6845753192901611,"train/token_acc":0.4735870361328125,"test/K32/token_acc":0.4825,"iter":39751,"test/K32/pos_abs_err_mean":2.820625,"train/exact_match_acc":0,"_wandb":{"runtime":778},"test/K32/pos_abs_err_sum":9026}