{"train/token_acc":0.9994354248046875,"train/loss":0.003281497396528721,"_step":39751,"test/K16/pos_abs_err_sum":1,"test/K16/exact_match_acc":0.99,"iter":39751,"test/K16/pos_abs_err_mean":0.000625,"train/exact_match_acc":0.990966796875,"_runtime":399.614102318,"test/K16/token_acc":0.999375,"train/K_max":16,"lr":1.009735322838044e-06,"test/K16/tf_token_acc":0.999375,"iters_done":40000,"_timestamp":1.7732500135493083e+09,"train/K_mean":16,"test/K16/loss":0.0010974626056849957,"train/K_min":16,"_wandb":{"runtime":399}}