{"_runtime":808.572505251,"test/K32/token_acc":1,"iters_done":40000,"train/exact_match_acc":1,"test/K32/tf_token_acc":1,"iter":39751,"train/K_min":32,"train/K_mean":32,"_timestamp":1.7732141146806893e+09,"test/K32/pos_abs_err_sum":0,"lr":1.009735322838044e-06,"_step":39751,"_wandb":{"runtime":808},"train/token_acc":1,"train/loss":2.750039129750803e-08,"test/K32/pos_abs_err_mean":0,"test/K32/loss":2.592802061940347e-08,"train/K_max":32,"test/K32/exact_match_acc":1}