{"_step":39751,"test/K32/loss":2.4138338565826416,"train/loss":2.437225341796875,"test/K32/tf_token_acc":0.2215625,"train/K_min":32,"_runtime":1183.957673741,"test/K32/pos_abs_err_mean":4.29875,"iter":39751,"test/K32/pos_abs_err_sum":13756,"train/K_mean":32,"test/K32/token_acc":0.2215625,"test/K32/exact_match_acc":0,"iters_done":40000,"train/exact_match_acc":0,"lr":1.009735322838044e-06,"train/K_max":32,"_wandb":{"runtime":1183},"train/token_acc":0.229522705078125,"_timestamp":1.7732723723626995e+09}