{"_timestamp":1.7732620136035824e+09,"train/loss":0.00020095166109967977,"train/K_max":16,"_runtime":583.629892461,"_step":39751,"test/K16/tf_token_acc":1,"iter":39751,"train/K_min":16,"iters_done":40000,"train/K_mean":16,"test/K16/pos_abs_err_sum":0,"test/K16/token_acc":1,"test/K16/pos_abs_err_mean":0,"train/exact_match_acc":0.99951171875,"test/K16/exact_match_acc":1,"test/K16/loss":8.00412890384905e-05,"train/token_acc":0.999969482421875,"lr":1.009735322838044e-06,"_wandb":{"runtime":583}}