{"_timestamp":1.7732699343440797e+09,"test/K16/pos_abs_err_sum":52,"_runtime":431.820583267,"test/K16/tf_token_acc":0.999375,"train/K_min":16,"_step":39751,"iters_done":40000,"_wandb":{"runtime":431},"train/loss":0.0031130481511354446,"test/K16/pos_abs_err_mean":0.0325,"test/K16/exact_match_acc":0.99,"train/K_max":16,"train/token_acc":0.99981689453125,"lr":1.009735322838044e-06,"train/exact_match_acc":0.9970703125,"test/K16/token_acc":0.999375,"iter":39751,"train/K_mean":16,"test/K16/loss":0.003845380851998925}