{"lr":1.009735322838044e-06,"train/exact_match_acc":0.962646484375,"train/loss":0.014705914072692394,"_wandb":{"runtime":162},"test/K16/pos_abs_err_mean":0.0175,"test/K16/loss":0.04036366939544678,"train/K_min":16,"test/K16/pos_abs_err_sum":28,"test/K16/tf_token_acc":0.9975,"test/K16/token_acc":0.9975,"_timestamp":1.7732522403846574e+09,"_runtime":162.951840774,"iters_done":40000,"train/K_mean":16,"test/K16/exact_match_acc":0.96,"iter":39751,"_step":39751,"train/token_acc":0.997650146484375,"train/K_max":16}