{"test/K32/exact_match_acc":0,"train/K_min":32,"test/K32/token_acc":0.215,"_runtime":555.332206181,"_timestamp":1.7731708065554302e+09,"test/K32/tf_token_acc":0.215,"train/token_acc":0.2115325927734375,"train/K_mean":32,"iter":39751,"_wandb":{"runtime":555},"_step":39751,"test/K32/pos_abs_err_mean":2.794375,"test/K32/pos_abs_err_sum":8942,"train/loss":2.3665599822998047,"lr":1.009735322838044e-06,"iters_done":40000,"train/K_max":32,"train/exact_match_acc":0,"test/K32/loss":2.373314142227173}