{"test/K16/loss":0.0009066087077371776,"train/token_acc":0.9986724853515625,"test/K16/token_acc":1,"test/K16/tf_token_acc":1,"test/K16/exact_match_acc":1,"_wandb":{"runtime":347},"iter":39751,"iters_done":40000,"train/K_max":16,"train/loss":0.008154782466590405,"test/K16/pos_abs_err_mean":0,"train/exact_match_acc":0.978759765625,"_runtime":347.342090969,"test/K16/pos_abs_err_sum":0,"train/K_min":16,"train/K_mean":16,"_step":39751,"lr":1.009735322838044e-06,"_timestamp":1.7731661964398715e+09}