{"test/K32/token_acc":0.8771875,"iter":39751,"train/K_max":32,"test/K32/loss":0.44097718596458435,"train/token_acc":0.8741607666015625,"test/K32/pos_abs_err_sum":1500,"_wandb":{"runtime":550},"test/K32/pos_abs_err_mean":0.46875,"train/loss":0.4285169839859009,"train/exact_match_acc":0,"_timestamp":1.773259331453733e+09,"iters_done":40000,"train/K_mean":32,"test/K32/tf_token_acc":0.8771875,"_runtime":550.471257165,"lr":1.009735322838044e-06,"_step":39751,"test/K32/exact_match_acc":0,"train/K_min":32}