{"train/K_mean":16,"_runtime":163.162711487,"test/K16/exact_match_acc":0.41,"test/K16/pos_abs_err_mean":0.095,"test/K16/token_acc":0.9525,"train/loss":0.2198214828968048,"iter":39751,"train/K_max":16,"test/K16/pos_abs_err_sum":152,"_step":39751,"_timestamp":1.7730945045388997e+09,"train/token_acc":0.9449462890625,"train/exact_match_acc":0.384033203125,"test/K16/loss":0.18989776074886322,"iters_done":40000,"lr":1.009735322838044e-06,"test/K16/tf_token_acc":0.0025,"_wandb":{"runtime":163},"train/K_min":16}