{"lr":1.009735322838044e-06,"test/K16/tf_token_acc":1,"iters_done":40000,"_wandb":{"runtime":556},"test/K16/loss":4.2717902033473365e-06,"_timestamp":1.7732501651664143e+09,"train/loss":7.832828487153165e-06,"test/K16/exact_match_acc":1,"train/K_min":16,"test/K16/pos_abs_err_mean":0,"test/K16/token_acc":1,"iter":39751,"train/exact_match_acc":1,"_step":39751,"train/K_max":16,"_runtime":556.693212538,"train/K_mean":16,"train/token_acc":1,"test/K16/pos_abs_err_sum":0}