{"train/exact_match_acc":1,"test/K16/loss":1.7061829282738472e-07,"iters_done":40000,"test/K16/tf_token_acc":1,"_step":39751,"_timestamp":1.7731701076585798e+09,"_wandb":{"runtime":559},"train/loss":3.97503754356876e-07,"lr":1.009735322838044e-06,"iter":39751,"train/K_min":16,"_runtime":559.062178185,"train/K_max":16,"test/K16/token_acc":1,"test/K16/pos_abs_err_sum":0,"test/K16/pos_abs_err_mean":0,"train/K_mean":16,"train/token_acc":1,"test/K16/exact_match_acc":1}