{"train/exact_match_acc":0.94384765625,"iter":39751,"test/K16/token_acc":0.995625,"_wandb":{"runtime":280},"train/K_max":16,"test/K16/exact_match_acc":0.94,"lr":1.009735322838044e-06,"train/K_min":16,"test/K16/pos_abs_err_mean":0.005,"train/K_mean":16,"test/K16/loss":0.01732642948627472,"_timestamp":1.7732546280383732e+09,"_runtime":280.130963249,"test/K16/tf_token_acc":0.995625,"_step":39751,"test/K16/pos_abs_err_sum":8,"train/loss":0.020576685667037964,"train/token_acc":0.9962921142578125,"iters_done":40000}