{"train/exact_match_acc":1,"test/K16/pos_abs_err_sum":0,"iter":39751,"_step":39751,"_timestamp":1.7731662397653885e+09,"iters_done":40000,"train/loss":7.557362550869584e-06,"test/K16/token_acc":1,"test/K16/exact_match_acc":1,"_runtime":474.215404766,"train/K_min":16,"lr":1.009735322838044e-06,"train/token_acc":1,"test/K16/tf_token_acc":1,"train/K_max":16,"test/K16/loss":5.1283836910442915e-06,"_wandb":{"runtime":474},"test/K16/pos_abs_err_mean":0,"train/K_mean":16}