{"test/K32/pos_abs_err_sum":0,"_timestamp":1.7732734186007435e+09,"test/K32/loss":8.735060532671923e-07,"test/K32/pos_abs_err_mean":0,"train/loss":9.353421773994341e-05,"test/K32/token_acc":1,"train/exact_match_acc":0.999755859375,"_runtime":1055.802494027,"test/K32/tf_token_acc":1,"test/K32/exact_match_acc":1,"train/token_acc":0.9999923706054688,"lr":1.009735322838044e-06,"iters_done":40000,"train/K_min":32,"_step":39751,"_wandb":{"runtime":1055},"train/K_max":32,"iter":39751,"train/K_mean":32}