{"test/K16/pos_abs_err_mean":0,"lr":1.009735322838044e-06,"_wandb":{"runtime":420},"train/token_acc":0.9999542236328125,"train/K_min":16,"train/exact_match_acc":0.999267578125,"iters_done":40000,"test/K16/token_acc":1,"_timestamp":1.7732661295543234e+09,"train/loss":0.00036741315852850676,"test/K16/exact_match_acc":1,"test/K16/tf_token_acc":1,"iter":39751,"train/K_mean":16,"_step":39751,"test/K16/loss":7.561780512332916e-05,"train/K_max":16,"test/K16/pos_abs_err_sum":0,"_runtime":420.248399887}