{"_step":39751,"lr":1.009735322838044e-06,"_runtime":400.177144193,"test/K16/tf_token_acc":0.96625,"test/K16/pos_abs_err_mean":0.06125,"test/K16/loss":0.10600469261407852,"_wandb":{"runtime":400},"train/exact_match_acc":0.608642578125,"train/token_acc":0.965179443359375,"train/K_mean":16,"train/K_min":16,"iter":39751,"test/K16/pos_abs_err_sum":98,"_timestamp":1.7732615519610767e+09,"test/K16/exact_match_acc":0.61,"test/K16/token_acc":0.96625,"iters_done":40000,"train/loss":0.11949098110198975,"train/K_max":16}