{"iters_done":40000,"_step":39751,"test/K16/token_acc":1,"test/K16/exact_match_acc":1,"train/K_max":16,"test/K16/tf_token_acc":1,"test/K16/loss":0.0006916827987879515,"train/K_mean":16,"_timestamp":1.7732612532161782e+09,"test/K16/pos_abs_err_mean":0,"iter":39751,"_wandb":{"runtime":293},"lr":1.009735322838044e-06,"train/loss":0.002546068513765931,"_runtime":293.562982329,"train/exact_match_acc":0.99853515625,"test/K16/pos_abs_err_sum":0,"train/token_acc":0.999908447265625,"train/K_min":16}