{"iter":39751,"train/token_acc":1,"test/K32/pos_abs_err_sum":0,"train/K_min":32,"_timestamp":1.7732341151586292e+09,"train/exact_match_acc":1,"test/K32/tf_token_acc":1,"iters_done":40000,"test/K32/exact_match_acc":1,"test/K32/token_acc":1,"_runtime":704.850221819,"test/K32/loss":1.3789572221867274e-05,"_step":39751,"lr":1.009735322838044e-06,"test/K32/pos_abs_err_mean":0,"train/loss":1.3303365449246485e-05,"train/K_max":32,"_wandb":{"runtime":704},"train/K_mean":32}