{"train/token_acc":1,"test/K32/pos_abs_err_mean":0,"train/K_min":32,"_timestamp":1.773233259370919e+09,"train/exact_match_acc":1,"iter":39751,"test/K32/loss":1.352280420974239e-08,"test/K32/tf_token_acc":1,"_step":39751,"train/K_max":32,"_wandb":{"runtime":1559},"train/loss":1.7075763025786728e-08,"train/K_mean":32,"iters_done":40000,"test/K32/pos_abs_err_sum":0,"_runtime":1559.487711955,"test/K32/token_acc":1,"lr":1.009735322838044e-06,"test/K32/exact_match_acc":1}