{"_runtime":850.4520688,"iters_done":40000,"train/exact_match_acc":1,"train/K_max":16,"test/K16/exact_match_acc":1,"test/K16/token_acc":1,"train/K_min":16,"train/token_acc":1,"test/K16/pos_abs_err_sum":0,"test/K16/tf_token_acc":1,"iter":39751,"_wandb":{"runtime":850},"_step":39751,"train/K_mean":16,"test/K16/loss":3.3507496937090764e-06,"train/loss":1.228813016496133e-05,"test/K16/pos_abs_err_mean":0,"lr":1.009735322838044e-06,"_timestamp":1.7732372606442869e+09}