{"_step":39751,"train/loss":0.004749363288283348,"iter":39751,"iters_done":40000,"lr":1.009735322838044e-06,"test/K16/loss":0.008741156198084354,"_runtime":398.302332856,"test/K16/pos_abs_err_sum":56,"test/K16/pos_abs_err_mean":0.035,"train/K_min":16,"train/K_max":16,"train/token_acc":0.9991455078125,"train/exact_match_acc":0.986328125,"_timestamp":1.7732379254000225e+09,"test/K16/tf_token_acc":0.9975,"train/K_mean":16,"test/K16/exact_match_acc":0.96,"test/K16/token_acc":0.9975,"_wandb":{"runtime":398}}