{"iter":39751,"_timestamp":1.7732625186303504e+09,"train/K_max":16,"iters_done":40000,"train/K_mean":16,"test/K16/loss":0.3724341094493866,"test/K16/pos_abs_err_sum":584,"train/exact_match_acc":0.163818359375,"train/token_acc":0.8818206787109375,"train/loss":0.35690852999687195,"test/K16/token_acc":0.875,"test/K16/exact_match_acc":0.15,"_runtime":401.076557575,"_step":39751,"test/K16/pos_abs_err_mean":0.365,"train/K_min":16,"test/K16/tf_token_acc":0.875,"lr":1.009735322838044e-06,"_wandb":{"runtime":401}}