{"train/K_mean":16,"_timestamp":1.773252506673506e+09,"_wandb":{"runtime":365},"test/K16/pos_abs_err_mean":0.01,"test/K16/token_acc":0.998125,"iters_done":40000,"train/exact_match_acc":0.937255859375,"test/K16/pos_abs_err_sum":16,"test/K16/loss":0.007263971492648125,"test/K16/exact_match_acc":0.97,"lr":1.009735322838044e-06,"iter":39751,"train/K_min":16,"_runtime":365.529126192,"train/loss":0.017860986292362213,"_step":39751,"train/token_acc":0.9960479736328125,"test/K16/tf_token_acc":0.998125,"train/K_max":16}