{"_timestamp":1.7732530188721182e+09,"iter":39751,"iters_done":40000,"test/K32/exact_match_acc":0,"train/token_acc":0.7407608032226562,"_wandb":{"runtime":415},"test/K32/token_acc":0.7403125,"train/loss":0.7306208610534668,"train/K_mean":32,"lr":1.009735322838044e-06,"train/K_max":32,"test/K32/pos_abs_err_mean":0.4759375,"_runtime":415.437624508,"test/K32/loss":0.7211142182350159,"test/K32/tf_token_acc":0.7403125,"_step":39751,"train/K_min":32,"train/exact_match_acc":0,"test/K32/pos_abs_err_sum":1523}