{"test/K32/exact_match_acc":0,"train/token_acc":0.20904541015625,"test/K32/tf_token_acc":0.2125,"train/K_max":32,"test/K32/loss":2.5171353816986084,"_step":39751,"lr":1.009735322838044e-06,"train/exact_match_acc":0,"train/loss":2.5327749252319336,"_timestamp":1.7731732508415132e+09,"iters_done":40000,"test/K32/pos_abs_err_mean":4.143125,"_wandb":{"runtime":777},"test/K32/token_acc":0.2125,"train/K_mean":32,"iter":39751,"_runtime":777.649815642,"train/K_min":32,"test/K32/pos_abs_err_sum":13258}