{"lr":1.009735322838044e-06,"test/K16/pos_abs_err_mean":0.224375,"test/K16/tf_token_acc":0.9175,"test/K16/exact_match_acc":0.29,"_runtime":315.956372169,"iters_done":40000,"train/token_acc":0.9290313720703125,"test/K16/token_acc":0.9175,"train/K_min":16,"_step":39751,"train/K_mean":16,"_timestamp":1.7732586911808736e+09,"test/K16/pos_abs_err_sum":359,"train/K_max":16,"test/K16/loss":0.25065895915031433,"iter":39751,"train/loss":0.2371675670146942,"_wandb":{"runtime":315},"train/exact_match_acc":0.33349609375}