{"test/K32/pos_abs_err_mean":0.039375,"train/token_acc":0.9970550537109375,"train/K_min":32,"train/K_mean":32,"_wandb":{"runtime":586},"iters_done":40000,"test/K32/tf_token_acc":0.9984375,"train/loss":0.020872261375188828,"_timestamp":1.7732683100956664e+09,"test/K32/token_acc":0.9984375,"test/K32/exact_match_acc":0.95,"lr":1.009735322838044e-06,"train/exact_match_acc":0.908935546875,"iter":39751,"_step":39751,"test/K32/loss":0.04331815615296364,"_runtime":586.845717003,"test/K32/pos_abs_err_sum":126,"train/K_max":32}