{"train/K_mean":32,"train/K_min":32,"train/token_acc":0.999969482421875,"test/K32/pos_abs_err_sum":0,"_timestamp":1.7731765331948423e+09,"train/loss":0.00013013670104555786,"train/K_max":32,"test/K32/loss":1.5306062778108753e-05,"_runtime":1055.884954975,"test/K32/pos_abs_err_mean":0,"lr":1.009735322838044e-06,"train/exact_match_acc":0.9990234375,"iters_done":40000,"test/K32/exact_match_acc":1,"_wandb":{"runtime":1055},"_step":39751,"test/K32/token_acc":1,"test/K32/tf_token_acc":1,"iter":39751}