{"_wandb":{"runtime":252},"lr":1.009735322838044e-06,"test/K16/pos_abs_err_sum":3231,"test/K16/loss":1.8470762968063354,"train/token_acc":0.319305419921875,"test/K16/tf_token_acc":0.33,"test/K16/token_acc":0.33,"train/K_min":16,"test/K16/exact_match_acc":0,"train/loss":1.8377941846847534,"_timestamp":1.7732018496586218e+09,"train/exact_match_acc":0,"train/K_mean":16,"test/K16/pos_abs_err_mean":2.019375,"_step":39751,"_runtime":252.715265084,"iter":39751,"iters_done":40000,"train/K_max":16}