{"test/K16/tf_token_acc":1,"test/K16/pos_abs_err_sum":0,"_step":39751,"iter":39751,"train/K_min":16,"train/K_max":16,"iters_done":40000,"lr":1.009735322838044e-06,"test/K16/loss":1.9885002984665334e-05,"_wandb":{"runtime":557},"_timestamp":1.7732612166068826e+09,"train/token_acc":1,"test/K16/token_acc":1,"test/K16/exact_match_acc":1,"_runtime":557.968137055,"train/exact_match_acc":1,"test/K16/pos_abs_err_mean":0,"train/loss":1.8313206965103745e-05,"train/K_mean":16}