{"train/K_mean":32,"_wandb":{"runtime":720},"_step":39751,"train/K_max":32,"train/K_min":32,"iter":39751,"test/K32/token_acc":0.998125,"test/K32/loss":0.011236666701734066,"lr":1.009735322838044e-06,"iters_done":40000,"train/token_acc":0.9981231689453125,"train/exact_match_acc":0.941162109375,"_runtime":720.660882539,"test/K32/exact_match_acc":0.94,"test/K32/tf_token_acc":0.998125,"train/loss":0.0077230543829500675,"test/K32/pos_abs_err_mean":0.003125,"test/K32/pos_abs_err_sum":10,"_timestamp":1.7731640610246198e+09}