{"test/K32/tf_token_acc":1,"test/K32/exact_match_acc":1,"test/K32/token_acc":1,"_timestamp":1.7732257032137938e+09,"train/exact_match_acc":0.99951171875,"test/K32/loss":3.834404196823016e-06,"train/K_max":32,"lr":1.009735322838044e-06,"_step":39751,"train/K_mean":32,"iter":39751,"train/token_acc":0.9999847412109375,"iters_done":40000,"_wandb":{"runtime":829},"test/K32/pos_abs_err_mean":0,"train/loss":4.8526679165661335e-05,"train/K_min":32,"test/K32/pos_abs_err_sum":0,"_runtime":829.386265712}