{"train/K_max":32,"test/K32/loss":2.462640441081021e-05,"lr":1.009735322838044e-06,"test/K32/token_acc":1,"train/loss":0.00015177417662926018,"_wandb":{"runtime":1757},"test/K32/exact_match_acc":1,"test/K32/pos_abs_err_mean":0,"_runtime":1757.820685358,"test/K32/pos_abs_err_sum":0,"test/K32/tf_token_acc":1,"train/K_min":32,"iters_done":40000,"_timestamp":1.7732698313865979e+09,"train/exact_match_acc":0.99951171875,"train/token_acc":0.9999847412109375,"iter":39751,"_step":39751,"train/K_mean":32}