{"train/token_acc":1,"train/exact_match_acc":1,"train/K_mean":32,"test/K32/loss":3.974884776880572e-08,"_runtime":2337.663797957,"test/K32/token_acc":1,"test/K32/tf_token_acc":1,"train/K_max":32,"lr":1.009735322838044e-06,"iter":39751,"_wandb":{"runtime":2337},"_timestamp":1.7732737168351245e+09,"train/loss":2.518036126275547e-07,"train/K_min":32,"test/K32/exact_match_acc":1,"test/K32/pos_abs_err_sum":0,"_step":39751,"iters_done":40000,"test/K32/pos_abs_err_mean":0}