{"train/K_max":16,"iters_done":40000,"train/exact_match_acc":0.00146484375,"test/K16/loss":0.5578213334083557,"_wandb":{"runtime":431},"test/K16/tf_token_acc":0.86625,"_step":39751,"lr":1.009735322838044e-06,"train/token_acc":0.8789520263671875,"iter":39751,"train/K_min":16,"_timestamp":1.7731749482761946e+09,"train/K_mean":16,"test/K16/token_acc":0.86625,"test/K16/exact_match_acc":0,"test/K16/pos_abs_err_sum":2884,"_runtime":431.236721223,"test/K16/pos_abs_err_mean":1.8025,"train/loss":0.5016522407531738}