{"train/loss":6.615339225390926e-05,"test/K16/token_acc":1,"_wandb":{"runtime":513},"test/K16/pos_abs_err_sum":0,"train/exact_match_acc":0.999755859375,"test/K16/loss":1.3329163266462274e-05,"_step":39751,"train/K_mean":16,"iter":39751,"test/K16/tf_token_acc":1,"train/K_min":16,"test/K16/exact_match_acc":1,"lr":1.009735322838044e-06,"iters_done":40000,"_runtime":513.130164385,"train/K_max":16,"train/token_acc":0.9999847412109375,"_timestamp":1.7732052569915223e+09,"test/K16/pos_abs_err_mean":0}