{"train/K_max":16,"test/K16/token_acc":1,"train/K_mean":16,"test/K16/loss":0.000485931639559567,"_timestamp":1.773258787099578e+09,"test/K16/exact_match_acc":1,"test/K16/tf_token_acc":1,"train/K_min":16,"_step":39751,"_runtime":475.715788891,"train/token_acc":0.999237060546875,"_wandb":{"runtime":475},"train/loss":0.0027905984316021204,"test/K16/pos_abs_err_sum":0,"iters_done":40000,"train/exact_match_acc":0.98779296875,"test/K16/pos_abs_err_mean":0,"iter":39751,"lr":1.009735322838044e-06}