{"_wandb":{"runtime":1056},"test/K32/loss":1.0141618986381218e-05,"train/token_acc":0.9999847412109375,"train/K_mean":32,"iters_done":40000,"train/K_max":32,"test/K32/pos_abs_err_sum":0,"test/K32/exact_match_acc":1,"lr":1.009735322838044e-06,"iter":39751,"_timestamp":1.7731774144080951e+09,"test/K32/token_acc":1,"test/K32/tf_token_acc":1,"test/K32/pos_abs_err_mean":0,"train/K_min":32,"_step":39751,"train/loss":9.868828055914491e-05,"train/exact_match_acc":0.99951171875,"_runtime":1056.295753871}