{"train/loss":0.0003762033302336931,"iters_done":40000,"_wandb":{"runtime":1076},"_step":39751,"_timestamp":1.7732542992093854e+09,"_runtime":1076.952626247,"test/K32/pos_abs_err_mean":0,"train/K_mean":32,"train/K_min":32,"test/K32/pos_abs_err_sum":0,"train/token_acc":0.9999160766601562,"test/K32/exact_match_acc":1,"test/K32/tf_token_acc":1,"test/K32/token_acc":1,"iter":39751,"train/K_max":32,"lr":1.009735322838044e-06,"train/exact_match_acc":0.997314453125,"test/K32/loss":0.00024423663853667676}