{"train/token_acc":1,"_step":39751,"train/loss":7.951530278660357e-08,"test/K16/pos_abs_err_sum":0,"_wandb":{"runtime":827},"test/K16/loss":7.160007697848414e-08,"iter":39751,"test/K16/token_acc":1,"_timestamp":1.7732291137195764e+09,"train/K_min":16,"_runtime":827.175441749,"test/K16/pos_abs_err_mean":0,"lr":1.009735322838044e-06,"train/K_max":16,"train/exact_match_acc":1,"train/K_mean":16,"iters_done":40000,"test/K16/exact_match_acc":1,"test/K16/tf_token_acc":1}