{"_wandb":{"runtime":1055},"test/K32/tf_token_acc":1,"train/K_mean":32,"train/K_max":32,"iter":39751,"test/K32/exact_match_acc":1,"lr":1.009735322838044e-06,"_timestamp":1.7732632075120375e+09,"train/token_acc":0.9999923706054688,"train/K_min":32,"train/loss":0.00012803215940948576,"test/K32/pos_abs_err_mean":0,"_runtime":1055.451917663,"_step":39751,"test/K32/token_acc":1,"iters_done":40000,"train/exact_match_acc":0.999755859375,"test/K32/loss":1.7065107385860756e-05,"test/K32/pos_abs_err_sum":0}