{"test/K32/token_acc":0.275,"iters_done":40000,"test/K32/pos_abs_err_sum":6829,"train/K_max":32,"train/exact_match_acc":0,"_wandb":{"runtime":547},"test/K32/tf_token_acc":0.275,"iter":39751,"test/K32/loss":2.027003526687622,"lr":1.009735322838044e-06,"train/loss":2.029709815979004,"_timestamp":1.773166600037249e+09,"_runtime":547.568648587,"train/K_mean":32,"train/K_min":32,"test/K32/exact_match_acc":0,"_step":39751,"test/K32/pos_abs_err_mean":2.1340625,"train/token_acc":0.28615570068359375}