{"_step":39751,"train/exact_match_acc":0,"train/token_acc":0.4907989501953125,"test/K32/pos_abs_err_mean":0.938125,"test/K32/exact_match_acc":0,"iters_done":40000,"test/K32/tf_token_acc":0.479375,"_wandb":{"runtime":356},"train/K_min":32,"train/loss":1.4425512552261353,"iter":39751,"test/K32/pos_abs_err_sum":3002,"train/K_mean":32,"lr":1.009735322838044e-06,"test/K32/token_acc":0.479375,"train/K_max":32,"_timestamp":1.7731636934219337e+09,"_runtime":356.178965569,"test/K32/loss":1.4361916780471802}