{"_timestamp":1.7731646091820147e+09,"test/K16/pos_abs_err_mean":0.004375,"train/loss":0.0023282773327082396,"train/K_min":16,"test/K16/tf_token_acc":0.99875,"test/K16/exact_match_acc":0.98,"_wandb":{"runtime":438},"_step":39751,"test/K16/token_acc":0.99875,"train/token_acc":0.999237060546875,"iters_done":40000,"_runtime":438.93036907,"lr":1.009735322838044e-06,"test/K16/pos_abs_err_sum":7,"iter":39751,"train/exact_match_acc":0.98779296875,"test/K16/loss":0.004435625392943621,"train/K_max":16,"train/K_mean":16}