{"_timestamp":1.7732200879175513e+09,"train/K_max":16,"train/token_acc":0.9995880126953125,"_wandb":{"runtime":411},"lr":1.009735322838044e-06,"test/K16/pos_abs_err_mean":0.000625,"_runtime":411.492752247,"test/K16/pos_abs_err_sum":1,"train/K_min":16,"test/K16/token_acc":0.999375,"iters_done":40000,"test/K16/tf_token_acc":0.999375,"train/loss":0.002036108635365963,"train/K_mean":16,"_step":39751,"train/exact_match_acc":0.993408203125,"iter":39751,"test/K16/loss":0.00185210641939193,"test/K16/exact_match_acc":0.99}