{"test/K16/exact_match_acc":0,"_timestamp":1.773166226895061e+09,"test/K16/pos_abs_err_sum":1721,"test/K16/tf_token_acc":0.825625,"train/loss":0.6862084269523621,"lr":1.009735322838044e-06,"iter":39751,"train/K_max":16,"train/K_mean":16,"_runtime":242.404585412,"train/exact_match_acc":0.000732421875,"_step":39751,"_wandb":{"runtime":242},"iters_done":40000,"test/K16/loss":0.6699025630950928,"train/token_acc":0.8213043212890625,"train/K_min":16,"test/K16/token_acc":0.825625,"test/K16/pos_abs_err_mean":1.075625}