{"test/K16/pos_abs_err_mean":0.00125,"train/K_min":16,"iters_done":40000,"_wandb":{"runtime":565},"_runtime":565.413283173,"train/K_mean":16,"lr":1.009735322838044e-06,"test/K16/loss":0.001332098268903792,"_timestamp":1.7732288621312852e+09,"iter":39751,"train/loss":0.0017818196211010218,"test/K16/pos_abs_err_sum":2,"test/K16/tf_token_acc":0.999375,"_step":39751,"train/exact_match_acc":0.994384765625,"train/token_acc":0.9996490478515625,"train/K_max":16,"test/K16/token_acc":0.999375,"test/K16/exact_match_acc":0.99}