{"iter":39751,"train/loss":2.0025181584060192e-05,"_wandb":{"runtime":1531},"test/K32/pos_abs_err_sum":0,"test/K32/exact_match_acc":1,"test/K32/tf_token_acc":1,"train/K_mean":32,"_timestamp":1.773177724363153e+09,"_runtime":1531.53703756,"train/exact_match_acc":0.999755859375,"iters_done":40000,"test/K32/token_acc":1,"lr":1.009735322838044e-06,"_step":39751,"test/K32/loss":3.819204721366987e-06,"train/K_max":32,"train/K_min":32,"train/token_acc":0.9999923706054688,"test/K32/pos_abs_err_mean":0}