{"_wandb":{"runtime":372},"test/K16/exact_match_acc":1,"train/K_max":16,"iters_done":40000,"lr":1.009735322838044e-06,"_runtime":372.689550201,"test/K16/pos_abs_err_sum":0,"iter":39751,"train/loss":5.136625986779109e-07,"test/K16/token_acc":1,"test/K16/tf_token_acc":1,"_timestamp":1.7732102033308992e+09,"test/K16/pos_abs_err_mean":0,"train/exact_match_acc":1,"train/token_acc":1,"_step":39751,"train/K_min":16,"test/K16/loss":1.4989077499194536e-06,"train/K_mean":16}