{"lr":1.009735322838044e-06,"test/K16/pos_abs_err_mean":0,"iter":39751,"test/K16/exact_match_acc":1,"test/K16/loss":8.00412890384905e-05,"train/K_mean":16,"train/loss":0.00020095166109967977,"train/exact_match_acc":0.99951171875,"train/token_acc":0.999969482421875,"iters_done":40000,"test/K16/tf_token_acc":1,"train/K_max":16,"test/K16/token_acc":1,"train/K_min":16,"test/K16/pos_abs_err_sum":0,"_runtime":582.963404097,"_timestamp":1.7732620735752957e+09,"_wandb":{"runtime":582},"_step":39751}