{"test/K32/loss":2.8313324946793728e-06,"_wandb":{"runtime":704},"_runtime":704.253921365,"train/token_acc":0.9999923706054688,"test/K32/exact_match_acc":1,"lr":1.009735322838044e-06,"train/K_max":32,"train/K_mean":32,"_timestamp":1.7732363947994263e+09,"iter":39751,"test/K32/pos_abs_err_sum":0,"test/K32/pos_abs_err_mean":0,"train/exact_match_acc":0.999755859375,"train/K_min":32,"test/K32/tf_token_acc":1,"iters_done":40000,"train/loss":1.8158909369958565e-05,"test/K32/token_acc":1,"_step":39751}