{"_wandb":{"runtime":401},"iters_done":40000,"test/K16/exact_match_acc":1,"train/loss":0.000939060584641993,"test/K16/loss":9.839832637226209e-05,"_step":39751,"train/token_acc":0.9998016357421875,"iter":39751,"train/K_min":16,"_runtime":401.557628558,"lr":1.009735322838044e-06,"train/K_max":16,"test/K16/token_acc":1,"train/exact_match_acc":0.996826171875,"test/K16/pos_abs_err_mean":0,"train/K_mean":16,"test/K16/tf_token_acc":1,"test/K16/pos_abs_err_sum":0,"_timestamp":1.7731701237017827e+09}