{"train/exact_match_acc":0.99462890625,"test/K32/tf_token_acc":0.9996875,"test/K32/exact_match_acc":0.99,"_step":39751,"_runtime":858.187734423,"iters_done":40000,"train/K_mean":32,"train/K_max":32,"train/K_min":32,"train/token_acc":0.9998321533203125,"test/K32/token_acc":0.9996875,"lr":1.009735322838044e-06,"_wandb":{"runtime":858},"train/loss":0.0005950960330665112,"test/K32/pos_abs_err_sum":5,"test/K32/loss":0.0006281916867010295,"iter":39751,"test/K32/pos_abs_err_mean":0.0015625,"_timestamp":1.7732606062345562e+09}