{"test/K32/tf_token_acc":1,"test/K32/loss":4.355646524345502e-06,"lr":1.009735322838044e-06,"iter":39751,"train/K_min":32,"_wandb":{"runtime":704},"_step":39751,"test/K32/exact_match_acc":1,"test/K32/pos_abs_err_sum":0,"train/K_max":32,"test/K32/token_acc":1,"test/K32/pos_abs_err_mean":0,"train/loss":8.043467460083775e-06,"iters_done":40000,"train/exact_match_acc":1,"train/K_mean":32,"_runtime":704.076957594,"train/token_acc":1,"_timestamp":1.7732317722585137e+09}