{"_step":39751,"train/K_max":16,"test/K16/loss":0.0001393803977407515,"iters_done":40000,"train/K_min":16,"_runtime":409.809847293,"test/K16/exact_match_acc":1,"iter":39751,"train/K_mean":16,"train/loss":0.00015889573842287064,"test/K16/pos_abs_err_sum":0,"test/K16/token_acc":1,"test/K16/pos_abs_err_mean":0,"train/token_acc":0.9999847412109375,"_wandb":{"runtime":409},"test/K16/tf_token_acc":1,"lr":1.009735322838044e-06,"train/exact_match_acc":0.999755859375,"_timestamp":1.7732181120367513e+09}