{"_wandb":{"runtime":1592},"train/token_acc":0.9999923706054688,"train/loss":5.943585347267799e-05,"iters_done":40000,"train/K_min":32,"train/exact_match_acc":0.999755859375,"train/K_mean":32,"iter":39751,"test/K32/exact_match_acc":1,"lr":1.009735322838044e-06,"_timestamp":1.7732516840077362e+09,"test/K32/tf_token_acc":1,"test/K32/pos_abs_err_mean":0,"test/K32/loss":3.009103238582611e-06,"_step":39751,"test/K32/token_acc":1,"_runtime":1592.462134705,"train/K_max":32,"test/K32/pos_abs_err_sum":0}