{"train/K_mean":16,"iters_done":40000,"_wandb":{"runtime":255},"lr":1.009735322838044e-06,"iter":39751,"train/exact_match_acc":0.999755859375,"_step":39751,"train/loss":2.969305387523491e-05,"test/K16/token_acc":1,"test/K16/pos_abs_err_mean":0,"test/K16/pos_abs_err_sum":0,"train/token_acc":0.9999847412109375,"train/K_min":16,"_timestamp":1.7732125416357117e+09,"train/K_max":16,"test/K16/loss":1.4659613043477293e-05,"test/K16/exact_match_acc":1,"_runtime":255.849281297,"test/K16/tf_token_acc":1}