{"test/K32/loss":0.0008184355683624744,"test/K32/token_acc":0.9996875,"test/K32/pos_abs_err_sum":4,"test/K32/pos_abs_err_mean":0.00125,"iters_done":40000,"_step":39751,"_timestamp":1.7732683607031524e+09,"lr":1.009735322838044e-06,"iter":39751,"train/exact_match_acc":0.999267578125,"train/K_min":32,"_runtime":1086.27363983,"test/K32/exact_match_acc":0.99,"train/K_mean":32,"train/token_acc":0.9999771118164062,"_wandb":{"runtime":1086},"train/loss":7.072582957334816e-05,"train/K_max":32,"test/K32/tf_token_acc":0.9996875}