{"_wandb":{"runtime":1590},"train/K_min":32,"train/exact_match_acc":1,"lr":1.009735322838044e-06,"train/K_mean":32,"test/K32/pos_abs_err_sum":0,"test/K32/pos_abs_err_mean":0,"_step":39751,"train/loss":5.564852472161874e-07,"test/K32/tf_token_acc":1,"train/token_acc":1,"_timestamp":1.773254445177753e+09,"test/K32/exact_match_acc":1,"iters_done":40000,"iter":39751,"test/K32/token_acc":1,"_runtime":1590.687722999,"train/K_max":32,"test/K32/loss":3.693997996379039e-07}