{"train/K_max":32,"train/token_acc":0.6794509887695312,"iter":39751,"test/K32/pos_abs_err_mean":0.6271875,"_wandb":{"runtime":418},"test/K32/loss":0.9078208208084106,"test/K32/pos_abs_err_sum":2007,"test/K32/tf_token_acc":0.6725,"_timestamp":1.7732565860786657e+09,"iters_done":40000,"train/K_mean":32,"train/exact_match_acc":0,"lr":1.009735322838044e-06,"_runtime":418.165441999,"train/K_min":32,"_step":39751,"test/K32/token_acc":0.6725,"test/K32/exact_match_acc":0,"train/loss":0.9006378650665283}