{"test/K16/tf_token_acc":1,"test/K16/token_acc":1,"train/K_max":16,"train/K_mean":16,"test/K16/pos_abs_err_mean":0,"lr":1.009735322838044e-06,"_runtime":798.329481797,"_step":39751,"train/K_min":16,"_wandb":{"runtime":798},"train/loss":3.009223291883245e-06,"iters_done":40000,"train/token_acc":1,"iter":39751,"test/K16/loss":2.7167052394361235e-06,"test/K16/pos_abs_err_sum":0,"train/exact_match_acc":1,"test/K16/exact_match_acc":1,"_timestamp":1.7732698464976435e+09}