{"test/K16/pos_abs_err_mean":0.869375,"train/K_max":16,"test/K16/exact_match_acc":0,"_runtime":292.66050527,"iters_done":40000,"_wandb":{"runtime":292},"train/loss":0.4479353725910187,"train/token_acc":0.8851470947265625,"test/K16/token_acc":0.89125,"lr":1.009735322838044e-06,"train/K_mean":16,"_timestamp":1.7731700558792772e+09,"iter":39751,"test/K16/pos_abs_err_sum":1391,"train/exact_match_acc":0.000732421875,"test/K16/tf_token_acc":0.89125,"_step":39751,"train/K_min":16,"test/K16/loss":0.4558769166469574}