{"train/K_mean":16,"test/K16/loss":2.2147596610011533e-06,"_runtime":854.468091634,"test/K16/exact_match_acc":1,"test/K16/token_acc":1,"test/K16/pos_abs_err_mean":0,"train/exact_match_acc":1,"test/K16/tf_token_acc":1,"train/loss":3.0928804335417226e-06,"iter":39751,"train/K_min":16,"lr":1.009735322838044e-06,"train/K_max":16,"iters_done":40000,"_wandb":{"runtime":854},"test/K16/pos_abs_err_sum":0,"_timestamp":1.77323901063453e+09,"_step":39751,"train/token_acc":1}