{"train/loss":1.638288140296936,"train/K_mean":32,"_wandb":{"runtime":555},"test/K32/loss":1.6485754251480103,"test/K32/pos_abs_err_mean":1.8978125,"_runtime":555.831730922,"_step":39751,"iter":39751,"train/exact_match_acc":0,"test/K32/pos_abs_err_sum":6073,"train/K_min":32,"test/K32/token_acc":0.45,"train/K_max":32,"train/token_acc":0.45737457275390625,"lr":1.009735322838044e-06,"_timestamp":1.773171784804828e+09,"test/K32/exact_match_acc":0,"iters_done":40000,"test/K32/tf_token_acc":0.45}