{"test/K16/token_acc":0.99,"iter":39751,"_timestamp":1.7730942237359898e+09,"lr":1.009735322838044e-06,"train/loss":0.03114466182887554,"train/exact_match_acc":0.85888671875,"test/K16/pos_abs_err_sum":121,"train/K_min":16,"train/K_mean":16,"train/K_max":16,"_step":39751,"train/token_acc":0.9910888671875,"_wandb":{"runtime":367},"test/K16/exact_match_acc":0.84,"test/K16/loss":0.03676135092973709,"iters_done":40000,"_runtime":367.203699743,"test/K16/tf_token_acc":0.00125,"test/K16/pos_abs_err_mean":0.075625}