{"train/K_mean":32,"train/K_min":32,"train/K_max":32,"test/K32/token_acc":0.603125,"_timestamp":1.7733014315288174e+09,"test/K32/loss":1.0478695631027222,"train/exact_match_acc":0,"train/loss":1.0528618097305298,"test/K32/tf_token_acc":0.603125,"test/K32/pos_abs_err_mean":0.7175,"iter":39751,"iters_done":40000,"_runtime":48891.645271077,"test/K32/exact_match_acc":0,"train/token_acc":0.6131057739257812,"test/K32/pos_abs_err_sum":2296,"_wandb":{"runtime":48891},"lr":1.009735322838044e-06,"_step":39751}