{"train/loss":1.506348729133606,"train/K_mean":32,"train/K_min":32,"_wandb":{"runtime":355},"iters_done":40000,"_runtime":355.882454972,"test/K32/exact_match_acc":0,"test/K32/token_acc":0.473125,"test/K32/tf_token_acc":0.473125,"train/exact_match_acc":0,"_step":39751,"iter":39751,"train/token_acc":0.47148895263671875,"test/K32/loss":1.5198827981948853,"test/K32/pos_abs_err_mean":0.99625,"test/K32/pos_abs_err_sum":3188,"lr":1.009735322838044e-06,"_timestamp":1.773164087610214e+09,"train/K_max":32}