{"test/K16/loss":2.2001962661743164,"_timestamp":1.77317503552579e+09,"_step":39751,"test/K16/pos_abs_err_mean":7.823125,"train/K_max":16,"test/K16/tf_token_acc":0.3875,"train/exact_match_acc":0,"train/token_acc":0.3953094482421875,"test/K16/pos_abs_err_sum":12517,"_runtime":621.587799004,"train/K_mean":16,"_wandb":{"runtime":621},"train/loss":2.2021658420562744,"iter":39751,"train/K_min":16,"test/K16/exact_match_acc":0,"test/K16/token_acc":0.3875,"iters_done":40000,"lr":1.009735322838044e-06}