{"test/K32/token_acc":0.9996875,"train/exact_match_acc":0.989990234375,"test/K32/tf_token_acc":0.9996875,"test/K32/exact_match_acc":0.99,"test/K32/pos_abs_err_sum":4,"iters_done":40000,"lr":1.009735322838044e-06,"train/token_acc":0.9996871948242188,"train/K_min":32,"train/loss":0.001029093866236508,"_wandb":{"runtime":645},"_runtime":645.732247699,"test/K32/loss":0.0008494349312968552,"_step":39751,"test/K32/pos_abs_err_mean":0.00125,"train/K_max":32,"_timestamp":1.773260336870779e+09,"train/K_mean":32,"iter":39751}