{"train/token_acc":0.675750732421875,"test/K16/tf_token_acc":0.678125,"_wandb":{"runtime":621},"train/K_mean":16,"test/K16/exact_match_acc":0,"_runtime":621.062710265,"iters_done":40000,"test/K16/pos_abs_err_sum":3569,"train/exact_match_acc":0.00244140625,"test/K16/token_acc":0.678125,"lr":1.009735322838044e-06,"_step":39751,"test/K16/pos_abs_err_mean":2.230625,"iter":39751,"train/K_max":16,"_timestamp":1.7732697319443521e+09,"train/loss":1.0091681480407715,"train/K_min":16,"test/K16/loss":1.017240047454834}