{"train/K_min":16,"_step":39751,"_runtime":205.745980869,"test/K16/tf_token_acc":0.938125,"test/K16/loss":0.2782418727874756,"train/K_mean":16,"test/K16/pos_abs_err_mean":0.224375,"iter":39751,"train/token_acc":0.937652587890625,"train/exact_match_acc":0.37353515625,"iters_done":40000,"lr":1.009735322838044e-06,"_wandb":{"runtime":205},"test/K16/pos_abs_err_sum":359,"test/K16/token_acc":0.938125,"test/K16/exact_match_acc":0.39,"train/K_max":16,"train/loss":0.25012871623039246,"_timestamp":1.7732525905165787e+09}