{"_timestamp":1.7732132630905664e+09,"train/K_max":32,"test/K32/tf_token_acc":1,"_step":39751,"_runtime":688.1555511,"test/K32/token_acc":1,"test/K32/pos_abs_err_mean":0,"test/K32/loss":4.778057132170943e-07,"train/token_acc":1,"iters_done":40000,"train/exact_match_acc":1,"_wandb":{"runtime":688},"lr":1.009735322838044e-06,"test/K32/exact_match_acc":1,"train/K_min":32,"train/loss":1.3225862858234905e-06,"train/K_mean":32,"test/K32/pos_abs_err_sum":0,"iter":39751}