{"test/K16/exact_match_acc":0.9,"test/K16/token_acc":0.99375,"lr":1.009735322838044e-06,"train/K_max":16,"_timestamp":1.7732527033928692e+09,"test/K16/loss":0.01770024187862873,"train/K_mean":16,"_step":39751,"_runtime":270.403487151,"train/exact_match_acc":0.9443359375,"train/K_min":16,"train/token_acc":0.9964752197265625,"test/K16/tf_token_acc":0.99375,"iters_done":40000,"test/K16/pos_abs_err_mean":0.0375,"_wandb":{"runtime":270},"train/loss":0.011851092800498009,"test/K16/pos_abs_err_sum":60,"iter":39751}