{"test/K32/exact_match_acc":1,"_step":39751,"test/K32/loss":0.0006043013418093324,"train/loss":0.00294866762124002,"iter":39751,"test/K32/pos_abs_err_mean":0,"_timestamp":1.773271252910542e+09,"_runtime":823.078500774,"train/K_mean":32,"lr":1.009735322838044e-06,"iters_done":40000,"train/token_acc":0.9997940063476562,"_wandb":{"runtime":823},"train/K_max":32,"test/K32/token_acc":1,"train/exact_match_acc":0.993408203125,"test/K32/tf_token_acc":1,"train/K_min":32,"test/K32/pos_abs_err_sum":0}