{"train/K_min":32,"_step":39751,"test/K32/pos_abs_err_mean":0.4678125,"test/K32/exact_match_acc":0,"test/K32/loss":0.7710085511207581,"train/K_mean":32,"train/token_acc":0.7559280395507812,"test/K32/token_acc":0.7540625,"test/K32/pos_abs_err_sum":1497,"iter":39751,"train/exact_match_acc":0,"_timestamp":1.7731633009711626e+09,"train/loss":0.7766408920288086,"test/K32/tf_token_acc":0.7540625,"iters_done":40000,"_runtime":560.411218386,"_wandb":{"runtime":560},"train/K_max":32,"lr":1.009735322838044e-06}