{"test/K16/pos_abs_err_sum":2172,"test/K16/tf_token_acc":0.531875,"train/exact_match_acc":0,"train/K_mean":16,"iter":39751,"train/token_acc":0.5243988037109375,"_timestamp":1.773162545336445e+09,"iters_done":40000,"lr":1.009735322838044e-06,"_runtime":209.403522174,"_wandb":{"runtime":209},"train/loss":1.3644782304763794,"_step":39751,"train/K_max":16,"test/K16/pos_abs_err_mean":1.3575,"train/K_min":16,"test/K16/token_acc":0.531875,"test/K16/loss":1.4201996326446533,"test/K16/exact_match_acc":0}