{"_step":39751,"iter":39751,"train/exact_match_acc":0.008056640625,"test/K16/pos_abs_err_sum":1503,"test/K16/exact_match_acc":0,"_timestamp":1.77325743109797e+09,"train/loss":0.8131961822509766,"train/K_min":16,"test/K16/token_acc":0.73375,"test/K16/tf_token_acc":0.73375,"test/K16/pos_abs_err_mean":0.939375,"train/K_mean":16,"_wandb":{"runtime":319},"train/K_max":16,"test/K16/loss":0.8328185081481934,"lr":1.009735322838044e-06,"iters_done":40000,"_runtime":319.02211148,"train/token_acc":0.72662353515625}