{"train/K_max":16,"test/K16/token_acc":1,"test/K16/pos_abs_err_sum":0,"test/K16/loss":1.4752149724017727e-08,"test/K16/tf_token_acc":1,"test/K16/exact_match_acc":1,"_timestamp":1.7732122096641805e+09,"lr":1.009735322838044e-06,"iter":39751,"train/K_mean":16,"iters_done":40000,"train/loss":2.068918547593057e-08,"train/exact_match_acc":1,"train/token_acc":1,"_runtime":638.551116229,"test/K16/pos_abs_err_mean":0,"_step":39751,"_wandb":{"runtime":638},"train/K_min":16}