{"train/token_acc":1,"train/K_min":32,"test/K32/tf_token_acc":1,"train/K_max":32,"test/K32/pos_abs_err_sum":0,"test/K32/pos_abs_err_mean":0,"_wandb":{"runtime":1012},"lr":1.009735322838044e-06,"iters_done":40000,"test/K32/exact_match_acc":1,"_runtime":1012.867572167,"_step":39751,"train/loss":4.5739398046862334e-08,"_timestamp":1.773233939693454e+09,"train/K_mean":32,"test/K32/loss":4.094093952744515e-08,"train/exact_match_acc":1,"iter":39751,"test/K32/token_acc":1}