{"_wandb":{"runtime":1053},"test/K32/pos_abs_err_mean":0,"train/K_mean":32,"test/K32/loss":2.8622596801142208e-05,"_step":39751,"_timestamp":1.773264585526897e+09,"_runtime":1053.819821288,"train/token_acc":1,"test/K32/exact_match_acc":1,"train/exact_match_acc":1,"test/K32/token_acc":1,"train/K_max":32,"lr":1.009735322838044e-06,"test/K32/pos_abs_err_sum":0,"train/K_min":32,"iters_done":40000,"test/K32/tf_token_acc":1,"iter":39751,"train/loss":8.20052155177109e-05}