{"train/loss":0.9764887690544128,"test/K16/token_acc":0.68125,"_timestamp":1.7731616741241853e+09,"iter":39751,"train/K_min":16,"test/K16/tf_token_acc":0.68125,"train/token_acc":0.69366455078125,"test/K16/loss":1.0395536422729492,"train/K_max":16,"_step":39751,"train/K_mean":16,"test/K16/exact_match_acc":0,"lr":1.009735322838044e-06,"test/K16/pos_abs_err_sum":1681,"test/K16/pos_abs_err_mean":1.050625,"_wandb":{"runtime":163},"iters_done":40000,"train/exact_match_acc":0,"_runtime":163.250532226}