{"test/K32/pos_abs_err_sum":0,"iter":39751,"train/K_max":32,"train/loss":5.943585347267799e-05,"train/K_min":32,"train/exact_match_acc":0.999755859375,"lr":1.009735322838044e-06,"test/K32/tf_token_acc":1,"test/K32/pos_abs_err_mean":0,"_wandb":{"runtime":1590},"train/token_acc":0.9999923706054688,"test/K32/token_acc":1,"test/K32/loss":3.009103238582611e-06,"test/K32/exact_match_acc":1,"train/K_mean":32,"_step":39751,"_timestamp":1.7732516635421374e+09,"iters_done":40000,"_runtime":1590.365044286}