{"train/K_mean":32,"iters_done":40000,"train/K_max":32,"iter":39751,"_runtime":1054.556577527,"test/K32/tf_token_acc":0.9996875,"test/K32/exact_match_acc":0.99,"test/K32/pos_abs_err_mean":0.00125,"_timestamp":1.7731720612431164e+09,"train/token_acc":0.99969482421875,"test/K32/token_acc":0.9996875,"_wandb":{"runtime":1054},"lr":1.009735322838044e-06,"test/K32/loss":0.0005238099256530404,"_step":39751,"test/K32/pos_abs_err_sum":4,"train/K_min":32,"train/loss":0.0009229480638168752,"train/exact_match_acc":0.990234375}