{"test/K16/token_acc":0.4175,"_step":39751,"iter":39751,"_timestamp":1.7731694429567764e+09,"train/token_acc":0.4396209716796875,"iters_done":40000,"test/K16/pos_abs_err_sum":3220,"lr":1.009735322838044e-06,"train/K_min":16,"test/K16/pos_abs_err_mean":2.0125,"_runtime":403.06927628,"_wandb":{"runtime":403},"train/exact_match_acc":0,"train/loss":1.6048648357391357,"train/K_mean":16,"test/K16/loss":1.6695383787155151,"test/K16/tf_token_acc":0.4175,"train/K_max":16,"test/K16/exact_match_acc":0}