{"test/K32/token_acc":0.1690625,"_runtime":586.306467532,"iters_done":40000,"train/K_min":32,"train/loss":2.8927159309387207,"iter":39751,"train/exact_match_acc":0,"_wandb":{"runtime":586},"train/K_mean":32,"test/K32/pos_abs_err_sum":17608,"test/K32/pos_abs_err_mean":5.5025,"train/K_max":32,"test/K32/loss":2.892714262008667,"lr":1.009735322838044e-06,"test/K32/tf_token_acc":0.1690625,"_timestamp":1.773173121292644e+09,"train/token_acc":0.17527008056640625,"_step":39751,"test/K32/exact_match_acc":0}