{"iters_done":40000,"train/K_min":16,"train/exact_match_acc":0.982666015625,"test/K16/exact_match_acc":0.98,"test/K16/pos_abs_err_mean":0.00375,"_wandb":{"runtime":367},"train/K_mean":16,"test/K16/token_acc":0.99875,"_step":39751,"_timestamp":1.7731626994448564e+09,"train/K_max":16,"iter":39751,"test/K16/pos_abs_err_sum":6,"test/K16/tf_token_acc":0.99875,"lr":1.009735322838044e-06,"train/loss":0.004140742588788271,"_runtime":367.802787356,"train/token_acc":0.9989166259765625,"test/K16/loss":0.00619931798428297}