{"test/K32/tf_token_acc":1,"train/exact_match_acc":1,"lr":1.009735322838044e-06,"test/K32/exact_match_acc":1,"train/K_mean":32,"test/K32/loss":5.4053963083333656e-08,"iter":39751,"train/token_acc":1,"test/K32/pos_abs_err_sum":0,"test/K32/token_acc":1,"_timestamp":1.7732702463519905e+09,"_step":39751,"train/K_min":32,"iters_done":40000,"test/K32/pos_abs_err_mean":0,"train/K_max":32,"_wandb":{"runtime":2335},"train/loss":5.863148544449359e-08,"_runtime":2335.581284873}