{"train/K_min":16,"_wandb":{"runtime":272},"_step":39751,"iters_done":40000,"test/K16/pos_abs_err_mean":0.15125,"test/K16/token_acc":0.98875,"lr":1.009735322838044e-06,"_timestamp":1.7731626628016274e+09,"train/K_mean":16,"_runtime":272.327566938,"train/loss":0.05294456705451012,"test/K16/exact_match_acc":0.82,"test/K16/pos_abs_err_sum":242,"test/K16/loss":0.07080868631601334,"iter":39751,"train/exact_match_acc":0.85498046875,"train/token_acc":0.9908599853515625,"train/K_max":16,"test/K16/tf_token_acc":0.98875}