{"train/exact_match_acc":0.9990234375,"train/loss":0.00026142195565626025,"test/K16/token_acc":1,"train/token_acc":0.99993896484375,"_wandb":{"runtime":581},"test/K16/pos_abs_err_mean":0,"_runtime":581.939467857,"_timestamp":1.7732664713267531e+09,"lr":1.009735322838044e-06,"train/K_max":16,"train/K_mean":16,"iter":39751,"test/K16/exact_match_acc":1,"_step":39751,"train/K_min":16,"test/K16/loss":4.759751391247846e-05,"iters_done":40000,"test/K16/pos_abs_err_sum":0,"test/K16/tf_token_acc":1}