{"test/K16/pos_abs_err_sum":0,"_wandb":{"runtime":532},"iters_done":40000,"test/K16/loss":5.9455633305560696e-08,"_step":39751,"iter":39751,"_runtime":532.509091231,"test/K16/token_acc":1,"test/K16/tf_token_acc":1,"train/K_max":16,"train/loss":7.637572707608342e-08,"train/token_acc":1,"_timestamp":1.773228246946288e+09,"test/K16/exact_match_acc":1,"train/K_min":16,"train/exact_match_acc":1,"test/K16/pos_abs_err_mean":0,"lr":1.009735322838044e-06,"train/K_mean":16}