{"test/K16/token_acc":0.9175,"test/K16/tf_token_acc":0.9175,"_step":39751,"test/K16/pos_abs_err_sum":586,"train/K_max":16,"train/token_acc":0.918701171875,"iters_done":40000,"train/K_min":16,"train/exact_match_acc":0.03515625,"iter":39751,"lr":1.009735322838044e-06,"train/K_mean":16,"_timestamp":1.7731641196601918e+09,"_wandb":{"runtime":204},"test/K16/pos_abs_err_mean":0.36625,"test/K16/exact_match_acc":0.03,"train/loss":0.3017350137233734,"test/K16/loss":0.3332170248031616,"_runtime":204.743202733}