{"_wandb":{"runtime":590},"train/K_max":32,"_step":39751,"train/exact_match_acc":0,"test/K32/pos_abs_err_sum":17608,"iter":39751,"_timestamp":1.7731731052568276e+09,"train/token_acc":0.17527008056640625,"test/K32/exact_match_acc":0,"test/K32/loss":2.892714262008667,"train/K_min":32,"test/K32/tf_token_acc":0.1690625,"_runtime":590.469340226,"train/K_mean":32,"test/K32/token_acc":0.1690625,"lr":1.009735322838044e-06,"test/K32/pos_abs_err_mean":5.5025,"iters_done":40000,"train/loss":2.8927159309387207}