{"train/K_max":32,"train/exact_match_acc":1,"_runtime":687.547500115,"test/K32/pos_abs_err_sum":0,"test/K32/exact_match_acc":1,"test/K32/tf_token_acc":1,"iters_done":40000,"_step":39751,"test/K32/pos_abs_err_mean":0,"train/K_mean":32,"_wandb":{"runtime":687},"train/token_acc":1,"lr":1.009735322838044e-06,"iter":39751,"train/K_min":32,"test/K32/token_acc":1,"train/loss":1.3225862858234905e-06,"test/K32/loss":4.778057132170943e-07,"_timestamp":1.7732132440413554e+09}