{"iter":39751,"train/K_max":32,"iters_done":40000,"test/K32/pos_abs_err_sum":2731,"train/K_min":32,"_step":39751,"test/K32/pos_abs_err_mean":0.8534375,"test/K32/loss":1.2301722764968872,"lr":1.009735322838044e-06,"train/loss":1.242220163345337,"train/K_mean":32,"_wandb":{"runtime":356},"test/K32/token_acc":0.5625,"train/exact_match_acc":0,"train/token_acc":0.5609283447265625,"_runtime":356.254368066,"test/K32/tf_token_acc":0.5625,"_timestamp":1.773254211771883e+09,"test/K32/exact_match_acc":0}