{"train/K_min":16,"train/token_acc":0.9997711181640625,"test/K16/pos_abs_err_sum":0,"test/K16/pos_abs_err_mean":0,"_timestamp":1.7732587365507216e+09,"_step":39751,"iter":39751,"test/K16/tf_token_acc":1,"train/exact_match_acc":0.996337890625,"test/K16/loss":0.00016036868328228593,"lr":1.009735322838044e-06,"iters_done":40000,"_runtime":474.687092397,"_wandb":{"runtime":474},"test/K16/exact_match_acc":1,"test/K16/token_acc":1,"train/K_max":16,"train/K_mean":16,"train/loss":0.0010134719777852297}