{"iters_done":40000,"_timestamp":1.7731665746395004e+09,"train/K_min":32,"iter":39751,"test/K32/token_acc":0.2115625,"train/K_mean":32,"_runtime":440.785682563,"test/K32/tf_token_acc":0.2115625,"_step":39751,"train/K_max":32,"_wandb":{"runtime":440},"test/K32/pos_abs_err_mean":2.66,"test/K32/pos_abs_err_sum":8512,"test/K32/loss":2.3672571182250977,"lr":1.009735322838044e-06,"train/token_acc":0.21637725830078125,"train/exact_match_acc":0,"train/loss":2.3709802627563477,"test/K32/exact_match_acc":0}