{"_wandb":{"runtime":405},"train/K_min":16,"test/K16/loss":1.3936010599136353,"train/token_acc":0.4906768798828125,"test/K16/pos_abs_err_mean":1.918125,"_step":39751,"_runtime":405.093124561,"test/K16/tf_token_acc":0.494375,"train/K_max":16,"test/K16/token_acc":0.494375,"train/loss":1.459503173828125,"_timestamp":1.7731702771073384e+09,"train/K_mean":16,"iters_done":40000,"train/exact_match_acc":0,"test/K16/pos_abs_err_sum":3069,"iter":39751,"test/K16/exact_match_acc":0,"lr":1.009735322838044e-06}