{"train/loss":0.5905173420906067,"test/K32/exact_match_acc":0,"iters_done":40000,"test/K32/pos_abs_err_sum":1322,"train/exact_match_acc":0,"lr":1.009735322838044e-06,"train/K_max":32,"test/K32/token_acc":0.7865625,"_timestamp":1.7732532149600587e+09,"train/K_min":32,"test/K32/pos_abs_err_mean":0.413125,"_runtime":355.905559013,"test/K32/tf_token_acc":0.7865625,"iter":39751,"test/K32/loss":0.581935703754425,"_wandb":{"runtime":355},"train/token_acc":0.7842941284179688,"_step":39751,"train/K_mean":32}