{"_step":39751,"train/K_max":16,"iters_done":40000,"test/K16/tf_token_acc":1,"iter":39751,"train/K_min":16,"train/exact_match_acc":1,"train/K_mean":16,"test/K16/exact_match_acc":1,"_wandb":{"runtime":551},"lr":1.009735322838044e-06,"test/K16/pos_abs_err_mean":0,"train/token_acc":1,"train/loss":1.6302637959597632e-05,"_runtime":551.322054066,"test/K16/token_acc":1,"_timestamp":1.7731754607521e+09,"test/K16/pos_abs_err_sum":0,"test/K16/loss":8.95544872037135e-06}