{"test/K16/token_acc":0.805625,"train/K_min":16,"_runtime":166.921584226,"lr":1.009735322838044e-06,"test/K16/tf_token_acc":0.000625,"test/K16/pos_abs_err_mean":0.583125,"iters_done":40000,"iter":39751,"_step":39751,"train/K_max":16,"train/token_acc":0.7985687255859375,"test/K16/loss":0.6277702450752258,"train/loss":0.6363583207130432,"_wandb":{"runtime":166},"test/K16/pos_abs_err_sum":933,"_timestamp":1.7730944369770184e+09,"train/exact_match_acc":0.000244140625,"test/K16/exact_match_acc":0,"train/K_mean":16}