{"train/exact_match_acc":0.046142578125,"train/loss":0.10861910134553909,"train/token_acc":0.966461181640625,"test/K32/pos_abs_err_sum":426,"_timestamp":1.7732655302443445e+09,"lr":1.009735322838044e-06,"_wandb":{"runtime":555},"iter":39751,"_runtime":555.084593629,"test/K32/token_acc":0.9659375,"test/K32/tf_token_acc":0.9659375,"_step":39751,"test/K32/pos_abs_err_mean":0.133125,"iters_done":40000,"train/K_mean":32,"train/K_min":32,"train/K_max":32,"test/K32/exact_match_acc":0.06,"test/K32/loss":0.11212825030088425}