{"train/K_max":32,"iter":39751,"test/K32/token_acc":1,"_timestamp":1.7732714243872852e+09,"train/token_acc":0.9999771118164062,"lr":1.009735322838044e-06,"test/K32/tf_token_acc":1,"_runtime":1530.993459116,"train/K_mean":32,"_step":39751,"test/K32/exact_match_acc":1,"test/K32/loss":4.964545496477513e-06,"train/loss":0.00010698505502659827,"train/exact_match_acc":0.99951171875,"test/K32/pos_abs_err_mean":0,"_wandb":{"runtime":1530},"iters_done":40000,"train/K_min":32,"test/K32/pos_abs_err_sum":0}