{"iter":39751,"train/K_max":32,"test/K32/token_acc":0.63625,"_timestamp":1.7732566959612205e+09,"test/K32/exact_match_acc":0,"train/loss":0.9946621060371399,"train/K_mean":32,"test/K32/loss":1.0074526071548462,"_step":39751,"train/token_acc":0.641693115234375,"iters_done":40000,"_runtime":526.281559743,"test/K32/tf_token_acc":0.63625,"lr":1.009735322838044e-06,"train/exact_match_acc":0,"_wandb":{"runtime":526},"test/K32/pos_abs_err_sum":2239,"test/K32/pos_abs_err_mean":0.6996875,"train/K_min":32}