{"test/K16/loss":2.1357834611990256e-06,"test/K16/tf_token_acc":1,"_step":39751,"train/loss":3.769501927308738e-05,"_runtime":398.903947421,"test/K16/pos_abs_err_mean":0,"iter":39751,"_timestamp":1.7732610532403817e+09,"test/K16/token_acc":1,"train/exact_match_acc":0.999755859375,"test/K16/pos_abs_err_sum":0,"train/K_max":16,"iters_done":40000,"train/K_min":16,"lr":1.009735322838044e-06,"train/token_acc":0.9999847412109375,"train/K_mean":16,"_wandb":{"runtime":398},"test/K16/exact_match_acc":1}