{"train/exact_match_acc":1,"train/loss":5.524098014575429e-06,"test/K16/token_acc":1,"test/K16/loss":1.462250907025009e-06,"train/K_mean":16,"iter":39751,"test/K16/tf_token_acc":1,"train/token_acc":1,"_timestamp":1.7732120013812318e+09,"test/K16/exact_match_acc":1,"_runtime":372.735953782,"train/K_min":16,"test/K16/pos_abs_err_sum":0,"lr":1.009735322838044e-06,"train/K_max":16,"_step":39751,"test/K16/pos_abs_err_mean":0,"_wandb":{"runtime":372},"iters_done":40000}