{"_step":39751,"test/K16/token_acc":1,"test/K16/exact_match_acc":1,"train/exact_match_acc":1,"test/K16/tf_token_acc":1,"train/token_acc":1,"train/K_mean":16,"iter":39751,"test/K16/pos_abs_err_mean":0,"train/loss":7.951530278660357e-08,"_wandb":{"runtime":828},"train/K_min":16,"test/K16/loss":7.160007697848414e-08,"_runtime":828.837255067,"test/K16/pos_abs_err_sum":0,"iters_done":40000,"_timestamp":1.7732291250777779e+09,"train/K_max":16,"lr":1.009735322838044e-06}