{"_wandb":{"runtime":587},"train/K_max":32,"lr":1.009735322838044e-06,"train/token_acc":0.9986953735351562,"test/K32/loss":0.012406092137098312,"_step":39751,"iter":39751,"_runtime":587.177730965,"test/K32/tf_token_acc":0.998125,"test/K32/pos_abs_err_sum":26,"train/exact_match_acc":0.95947265625,"train/K_mean":32,"_timestamp":1.773268951007509e+09,"train/loss":0.012473502196371555,"test/K32/pos_abs_err_mean":0.008125,"test/K32/token_acc":0.998125,"iters_done":40000,"train/K_min":32,"test/K32/exact_match_acc":0.94}