{"_timestamp":1.7731729034846032e+09,"train/loss":2.6034581661224365,"train/token_acc":0.2578887939453125,"test/K32/pos_abs_err_sum":16270,"test/K32/token_acc":0.2540625,"_wandb":{"runtime":586},"train/exact_match_acc":0,"lr":1.009735322838044e-06,"train/K_min":32,"test/K32/tf_token_acc":0.2540625,"test/K32/loss":2.5934841632843018,"test/K32/pos_abs_err_mean":5.084375,"test/K32/exact_match_acc":0,"_step":39751,"iters_done":40000,"iter":39751,"train/K_mean":32,"train/K_max":32,"_runtime":586.799679694}