{"_step":39751,"test/K16/pos_abs_err_sum":0,"lr":1.009735322838044e-06,"train/K_min":16,"test/K16/exact_match_acc":1,"_wandb":{"runtime":377},"test/K16/tf_token_acc":1,"test/K16/pos_abs_err_mean":0,"iter":39751,"_timestamp":1.7732295442338777e+09,"iters_done":40000,"_runtime":377.199198484,"train/exact_match_acc":0.99951171875,"train/K_max":16,"train/token_acc":0.999969482421875,"train/loss":0.00010630470933392644,"train/K_mean":16,"test/K16/token_acc":1,"test/K16/loss":2.2371634258888662e-05}