{"test/K32/tf_token_acc":0.4578125,"test/K32/loss":1.9014382362365723,"test/K32/pos_abs_err_sum":12134,"iter":39751,"_wandb":{"runtime":823},"test/K32/pos_abs_err_mean":3.791875,"train/K_min":32,"_step":39751,"lr":1.009735322838044e-06,"train/K_mean":32,"test/K32/exact_match_acc":0,"iters_done":40000,"test/K32/token_acc":0.4578125,"_timestamp":1.7731773939485736e+09,"train/token_acc":0.457977294921875,"train/exact_match_acc":0,"train/loss":1.9162291288375854,"train/K_max":32,"_runtime":823.641656359}