{"train/K_min":32,"train/loss":0.0019307587062940001,"train/token_acc":0.9994583129882812,"train/K_mean":32,"iter":39751,"_runtime":648.544344213,"iters_done":40000,"test/K32/pos_abs_err_mean":0.0078125,"test/K32/loss":0.003170012729242444,"lr":1.009735322838044e-06,"_timestamp":1.7732594775212681e+09,"train/K_max":32,"_wandb":{"runtime":648},"train/exact_match_acc":0.982666015625,"test/K32/token_acc":0.9984375,"test/K32/pos_abs_err_sum":25,"test/K32/tf_token_acc":0.9984375,"test/K32/exact_match_acc":0.95,"_step":39751}