{"test/K32/token_acc":1,"iter":39751,"train/K_max":32,"train/K_min":32,"iters_done":40000,"train/K_mean":32,"test/K32/pos_abs_err_sum":0,"train/loss":0.0015950707020238042,"_step":39751,"_timestamp":1.7732527569171233e+09,"train/token_acc":0.999725341796875,"test/K32/pos_abs_err_mean":0,"test/K32/tf_token_acc":1,"test/K32/exact_match_acc":1,"_runtime":735.581216695,"train/exact_match_acc":0.9912109375,"lr":1.009735322838044e-06,"test/K32/loss":0.00025110531714744866,"_wandb":{"runtime":735}}