{"_step":39751,"test/K16/pos_abs_err_sum":0,"test/K16/pos_abs_err_mean":0,"test/K16/token_acc":1,"train/token_acc":1,"train/exact_match_acc":1,"_timestamp":1.7732451520873146e+09,"_wandb":{"runtime":556},"test/K16/loss":3.3030657959898235e-06,"train/K_max":16,"iter":39751,"train/K_min":16,"test/K16/exact_match_acc":1,"train/K_mean":16,"_runtime":556.331891265,"test/K16/tf_token_acc":1,"lr":1.009735322838044e-06,"iters_done":40000,"train/loss":2.204759221058339e-05}