{"lr":1.009735322838044e-06,"test/K32/pos_abs_err_mean":0,"iter":39751,"test/K32/loss":2.9250978172967734e-07,"train/K_mean":32,"test/K32/exact_match_acc":1,"iters_done":40000,"train/exact_match_acc":1,"train/token_acc":1,"train/K_min":32,"_timestamp":1.7732142852501934e+09,"train/K_max":32,"test/K32/tf_token_acc":1,"test/K32/token_acc":1,"_runtime":499.367303199,"test/K32/pos_abs_err_sum":0,"_step":39751,"_wandb":{"runtime":499},"train/loss":1.0175162969972007e-06}