{"test/K16/tf_token_acc":0.435,"train/K_mean":16,"train/K_min":16,"test/K16/pos_abs_err_sum":2416,"_timestamp":1.7731614652954903e+09,"_wandb":{"runtime":209},"_step":39751,"train/K_max":16,"test/K16/loss":1.5536946058273315,"lr":1.009735322838044e-06,"train/exact_match_acc":0,"iter":39751,"_runtime":209.963391338,"train/token_acc":0.4450225830078125,"train/loss":1.4704800844192505,"iters_done":40000,"test/K16/pos_abs_err_mean":1.51,"test/K16/token_acc":0.435,"test/K16/exact_match_acc":0}