{"train/loss":2.4024428057600744e-05,"train/K_mean":32,"test/K32/token_acc":1,"train/token_acc":0.9999923706054688,"test/K32/loss":9.107961886911653e-06,"test/K32/exact_match_acc":1,"test/K32/pos_abs_err_sum":0,"_timestamp":1.7732558998533351e+09,"train/K_min":32,"test/K32/tf_token_acc":1,"train/K_max":32,"train/exact_match_acc":0.999755859375,"iters_done":40000,"iter":39751,"_runtime":835.120702669,"lr":1.009735322838044e-06,"test/K32/pos_abs_err_mean":0,"_step":39751,"_wandb":{"runtime":835}}