{"_step":39751,"_wandb":{"runtime":289},"train/K_max":16,"test/K16/pos_abs_err_mean":0.000625,"_timestamp":1.7732206064966285e+09,"lr":1.009735322838044e-06,"test/K16/loss":0.003134684870019555,"iter":39751,"train/K_mean":16,"test/K16/exact_match_acc":0.99,"test/K16/pos_abs_err_sum":1,"train/exact_match_acc":0.98876953125,"_runtime":289.035721551,"test/K16/token_acc":0.999375,"train/token_acc":0.999298095703125,"iters_done":40000,"train/loss":0.0033121886663138866,"test/K16/tf_token_acc":0.999375,"train/K_min":16}