{"train/K_max":16,"train/K_min":16,"iter":39751,"test/K16/pos_abs_err_sum":6591,"lr":1.009735322838044e-06,"train/K_mean":16,"test/K16/tf_token_acc":0.289375,"test/K16/loss":2.3534891605377197,"_step":39751,"test/K16/pos_abs_err_mean":4.119375,"_runtime":425.427258065,"iters_done":40000,"_wandb":{"runtime":425},"_timestamp":1.773172371589664e+09,"train/exact_match_acc":0,"train/token_acc":0.2764434814453125,"train/loss":2.4043729305267334,"test/K16/exact_match_acc":0,"test/K16/token_acc":0.289375}