{"test/K32/loss":6.859749532850401e-07,"_timestamp":1.7732725195565093e+09,"train/K_min":32,"train/loss":7.405133146676235e-07,"_step":39751,"iters_done":40000,"test/K32/pos_abs_err_mean":0,"test/K32/token_acc":1,"test/K32/pos_abs_err_sum":0,"train/token_acc":1,"train/K_max":32,"_runtime":1055.772693402,"test/K32/exact_match_acc":1,"test/K32/tf_token_acc":1,"lr":1.009735322838044e-06,"train/exact_match_acc":1,"iter":39751,"_wandb":{"runtime":1055},"train/K_mean":32}