{"iters_done":40000,"_wandb":{"runtime":1218},"_timestamp":1.773263331313528e+09,"test/K16/loss":1.1622906015418266e-07,"_step":39751,"test/K16/pos_abs_err_mean":0,"train/exact_match_acc":1,"train/K_max":16,"train/loss":5.7756551541388035e-08,"train/K_mean":16,"test/K16/tf_token_acc":1,"test/K16/pos_abs_err_sum":0,"iter":39751,"train/token_acc":1,"test/K16/token_acc":1,"_runtime":1218.830916313,"train/K_min":16,"lr":1.009735322838044e-06,"test/K16/exact_match_acc":1}