{"train/K_max":16,"test/K16/tf_token_acc":0.99625,"_runtime":588.165824552,"test/K16/pos_abs_err_mean":0.086875,"_timestamp":1.7732370145680032e+09,"_step":39751,"lr":1.009735322838044e-06,"train/K_min":16,"test/K16/loss":0.03026939369738102,"iter":39751,"train/K_mean":16,"_wandb":{"runtime":588},"train/loss":0.016488440334796906,"train/token_acc":0.99658203125,"test/K16/pos_abs_err_sum":139,"iters_done":40000,"test/K16/token_acc":0.99625,"test/K16/exact_match_acc":0.95,"train/exact_match_acc":0.950439453125}