{"test/K32/tf_token_acc":1,"lr":1.009735322838044e-06,"iters_done":40000,"train/K_min":32,"test/K32/loss":1.1594966053962708e-06,"test/K32/pos_abs_err_sum":0,"_runtime":1224.149081167,"train/K_mean":32,"train/K_max":32,"train/token_acc":1,"test/K32/exact_match_acc":1,"test/K32/pos_abs_err_mean":0,"_timestamp":1.7732218561190321e+09,"test/K32/token_acc":1,"train/exact_match_acc":1,"_wandb":{"runtime":1224},"_step":39751,"train/loss":1.0735620890045539e-06,"iter":39751}