{"iter":39751,"_timestamp":1.7731701041836905e+09,"train/exact_match_acc":0.000732421875,"lr":1.009735322838044e-06,"train/loss":0.4479353725910187,"test/K16/pos_abs_err_sum":1391,"_wandb":{"runtime":293},"test/K16/tf_token_acc":0.89125,"test/K16/token_acc":0.89125,"train/K_min":16,"train/token_acc":0.8851470947265625,"test/K16/exact_match_acc":0,"_step":39751,"_runtime":293.235997351,"train/K_mean":16,"train/K_max":16,"test/K16/pos_abs_err_mean":0.869375,"test/K16/loss":0.4558769166469574,"iters_done":40000}