{"test/K32/pos_abs_err_mean":0,"iter":39751,"_step":39751,"test/K32/tf_token_acc":1,"_timestamp":1.7732158093947432e+09,"train/loss":1.7872480384539813e-08,"train/token_acc":1,"train/K_min":32,"_runtime":808.136773443,"train/exact_match_acc":1,"_wandb":{"runtime":808},"train/K_max":32,"train/K_mean":32,"lr":1.009735322838044e-06,"test/K32/pos_abs_err_sum":0,"iters_done":40000,"test/K32/exact_match_acc":1,"test/K32/loss":1.6763806343078613e-08,"test/K32/token_acc":1}