{"train/K_min":16,"train/token_acc":0.999725341796875,"test/K16/tf_token_acc":1,"train/loss":0.0029037834610790014,"train/K_max":16,"train/exact_match_acc":0.99560546875,"_wandb":{"runtime":431},"_step":39751,"lr":1.009735322838044e-06,"test/K16/loss":0.0015291912714019418,"test/K16/pos_abs_err_sum":0,"_runtime":431.388816846,"_timestamp":1.7732702804716332e+09,"train/K_mean":16,"iter":39751,"iters_done":40000,"test/K16/exact_match_acc":1,"test/K16/pos_abs_err_mean":0,"test/K16/token_acc":1}