{"_timestamp":1.7731722680988226e+09,"train/K_min":16,"train/loss":2.1992132663726807,"train/exact_match_acc":0,"train/K_mean":16,"test/K16/tf_token_acc":0.3175,"_step":39751,"iter":39751,"lr":1.009735322838044e-06,"test/K16/exact_match_acc":0,"test/K16/pos_abs_err_sum":6360,"test/K16/token_acc":0.3175,"train/token_acc":0.33148193359375,"iters_done":40000,"_wandb":{"runtime":423},"test/K16/loss":2.2099692821502686,"test/K16/pos_abs_err_mean":3.975,"_runtime":423.362219661,"train/K_max":16}