{"test/K16/exact_match_acc":1,"test/K16/token_acc":1,"lr":1.009735322838044e-06,"test/K16/loss":0.00013250164920464158,"_step":39751,"train/K_mean":16,"_runtime":205.400669628,"train/exact_match_acc":0.99853515625,"_timestamp":1.7732547004878182e+09,"test/K16/pos_abs_err_sum":0,"train/K_max":16,"train/loss":0.0011113019427284598,"iters_done":40000,"test/K16/pos_abs_err_mean":0,"train/token_acc":0.999908447265625,"test/K16/tf_token_acc":1,"iter":39751,"_wandb":{"runtime":205},"train/K_min":16}