{"x":{"bins":[1,4.96875,8.9375,12.90625,16.875,20.84375,24.8125,28.78125,32.75,36.71875,40.6875,44.65625,48.625,52.59375,56.5625,60.53125,64.5,68.46875,72.4375,76.40625,80.375,84.34375,88.3125,92.28125,96.25,100.21875,104.1875,108.15625,112.125,116.09375,120.0625,124.03125,128],"_type":"histogram","values":[2,4,2,4,2,2,2,2,2,2,2,0,0,6,0,6,2,0,4,0,2,2,4,2,0,2,0,0,2,2,2,3]},"_timestamp":1.7673972386090884e+09,"_step":0,"_wandb":{"runtime":6},"_runtime":6,"train_loss":4.859805107116699,"test_loss":4.859807968139648}