{"_timestamp":1.7731643775299125e+09,"test/K16/exact_match_acc":0,"test/K16/pos_abs_err_sum":644,"train/loss":0.42426133155822754,"train/K_min":16,"test/K16/pos_abs_err_mean":0.4025,"train/exact_match_acc":0.0029296875,"iter":39751,"train/K_mean":16,"_step":39751,"test/K16/loss":0.43416154384613037,"train/K_max":16,"test/K16/tf_token_acc":0.873125,"_runtime":204.376137695,"lr":1.009735322838044e-06,"_wandb":{"runtime":204},"test/K16/token_acc":0.873125,"iters_done":40000,"train/token_acc":0.8679351806640625}