{"train/K_mean":32,"train/K_max":32,"_timestamp":1.7731719957355092e+09,"test/K32/token_acc":0.9990625,"train/token_acc":0.9991607666015625,"lr":1.009735322838044e-06,"_step":39751,"test/K32/loss":0.002843509428203106,"train/exact_match_acc":0.97314453125,"test/K32/pos_abs_err_sum":13,"test/K32/exact_match_acc":0.97,"test/K32/pos_abs_err_mean":0.0040625,"test/K32/tf_token_acc":0.9990625,"_runtime":762.007081401,"iters_done":40000,"iter":39751,"train/K_min":32,"_wandb":{"runtime":762},"train/loss":0.0024357179645448923}