{"test/K16/loss":1.4752149724017727e-08,"test/K16/pos_abs_err_mean":0,"train/K_min":16,"_wandb":{"runtime":638},"_timestamp":1.773212219575739e+09,"test/K16/token_acc":1,"iter":39751,"iters_done":40000,"test/K16/exact_match_acc":1,"train/token_acc":1,"train/loss":2.068918547593057e-08,"_step":39751,"train/K_mean":16,"test/K16/pos_abs_err_sum":0,"train/K_max":16,"lr":1.009735322838044e-06,"_runtime":638.037392461,"test/K16/tf_token_acc":1,"train/exact_match_acc":1}