{"train/loss":4.844752766075544e-06,"test/K16/loss":4.8144906941161025e-06,"iter":39751,"test/K16/pos_abs_err_sum":0,"test/K16/token_acc":1,"lr":1.009735322838044e-06,"train/K_min":16,"_wandb":{"runtime":550},"_timestamp":1.7732695005728579e+09,"iters_done":40000,"test/K16/exact_match_acc":1,"train/token_acc":1,"_runtime":550.054904884,"train/exact_match_acc":1,"_step":39751,"test/K16/tf_token_acc":1,"train/K_mean":16,"train/K_max":16,"test/K16/pos_abs_err_mean":0}