{"_step":39751,"train/K_max":16,"train/token_acc":0.997650146484375,"test/K16/pos_abs_err_sum":28,"test/K16/token_acc":0.9975,"iter":39751,"iters_done":40000,"train/K_min":16,"test/K16/tf_token_acc":0.9975,"train/loss":0.014705914072692394,"lr":1.009735322838044e-06,"test/K16/loss":0.04036366939544678,"_runtime":164.911046706,"_wandb":{"runtime":164},"test/K16/exact_match_acc":0.96,"train/exact_match_acc":0.962646484375,"_timestamp":1.7732523147611349e+09,"train/K_mean":16,"test/K16/pos_abs_err_mean":0.0175}