{"test/K32/pos_abs_err_sum":293,"test/K32/exact_match_acc":0.76,"train/K_min":32,"train/exact_match_acc":0.81103515625,"test/K32/tf_token_acc":0.991875,"lr":1.009735322838044e-06,"iters_done":40000,"_timestamp":1.7732676858769426e+09,"test/K32/loss":0.03485328331589699,"test/K32/token_acc":0.991875,"train/token_acc":0.993682861328125,"train/K_max":32,"test/K32/pos_abs_err_mean":0.0915625,"_runtime":586.695248617,"train/loss":0.04038571938872337,"iter":39751,"_step":39751,"train/K_mean":32,"_wandb":{"runtime":586}}