{"_wandb":{"runtime":722},"train/token_acc":0.9997940063476562,"test/K32/token_acc":1,"test/K32/pos_abs_err_mean":0,"test/K32/loss":0.0002180378942284733,"iter":39751,"train/loss":0.000722852477338165,"iters_done":40000,"_timestamp":1.7732540066237164e+09,"train/exact_match_acc":0.993408203125,"lr":1.009735322838044e-06,"train/K_max":32,"test/K32/exact_match_acc":1,"_step":39751,"train/K_mean":32,"_runtime":722.292512306,"train/K_min":32,"test/K32/pos_abs_err_sum":0,"test/K32/tf_token_acc":1}