{"_timestamp":1.773164403364917e+09,"test/K16/token_acc":0.630625,"_wandb":{"runtime":279},"_runtime":279.626267817,"test/K16/tf_token_acc":0.630625,"iter":39751,"test/K16/pos_abs_err_mean":0.655,"test/K16/loss":0.9455647468566895,"train/loss":0.9512090086936951,"lr":1.009735322838044e-06,"iters_done":40000,"train/exact_match_acc":0.000244140625,"train/K_mean":16,"train/K_min":16,"test/K16/exact_match_acc":0,"test/K16/pos_abs_err_sum":1048,"train/K_max":16,"train/token_acc":0.6366119384765625,"_step":39751}