{"test/K16/token_acc":0.99875,"train/K_max":16,"train/token_acc":0.9998321533203125,"_timestamp":1.7731694307192574e+09,"test/K16/pos_abs_err_sum":18,"test/K16/loss":0.0024194184225052595,"test/K16/tf_token_acc":0.99875,"iter":39751,"_runtime":396.734077675,"train/K_min":16,"_step":39751,"_wandb":{"runtime":396},"train/K_mean":16,"test/K16/exact_match_acc":0.98,"lr":1.009735322838044e-06,"train/exact_match_acc":0.997314453125,"train/loss":0.0006651951116509736,"iters_done":40000,"test/K16/pos_abs_err_mean":0.01125}