{"train/token_acc":0.2623443603515625,"test/K32/tf_token_acc":0.2625,"_wandb":{"runtime":586},"test/K32/token_acc":0.2625,"test/K32/exact_match_acc":0,"train/K_max":32,"lr":1.009735322838044e-06,"_runtime":586.678195712,"train/K_min":32,"iters_done":40000,"test/K32/loss":2.586308002471924,"_timestamp":1.7731737465533273e+09,"_step":39751,"train/exact_match_acc":0,"iter":39751,"test/K32/pos_abs_err_mean":5.0496875,"train/K_mean":32,"train/loss":2.6007556915283203,"test/K32/pos_abs_err_sum":16159}