{"iters_done":40000,"train/exact_match_acc":0.999755859375,"test/K32/pos_abs_err_sum":0,"_timestamp":1.773271987124753e+09,"_runtime":1531.956989395,"_wandb":{"runtime":1531},"lr":1.009735322838044e-06,"train/K_max":32,"test/K32/loss":4.5600198063766584e-05,"test/K32/tf_token_acc":1,"test/K32/pos_abs_err_mean":0,"train/K_min":32,"test/K32/exact_match_acc":1,"_step":39751,"train/loss":4.5419692469295114e-05,"test/K32/token_acc":1,"train/token_acc":0.9999923706054688,"train/K_mean":32,"iter":39751}