{"test/K16/pos_abs_err_mean":0,"test/K16/pos_abs_err_sum":0,"_wandb":{"runtime":549},"train/loss":0.0002139605931006372,"test/K16/exact_match_acc":1,"_timestamp":1.7731744834843059e+09,"lr":1.009735322838044e-06,"train/token_acc":0.99993896484375,"train/K_max":16,"test/K16/tf_token_acc":1,"test/K16/loss":1.4182553059072234e-05,"iter":39751,"test/K16/token_acc":1,"_runtime":549.213854212,"train/exact_match_acc":0.9990234375,"train/K_min":16,"iters_done":40000,"_step":39751,"train/K_mean":16}