{"iter":39751,"lr":1.009735322838044e-06,"train/K_min":32,"train/token_acc":1,"test/K32/exact_match_acc":1,"test/K32/tf_token_acc":1,"_wandb":{"runtime":1013},"test/K32/pos_abs_err_mean":0,"train/K_mean":32,"_timestamp":1.7732339220395665e+09,"train/loss":4.5739398046862334e-08,"iters_done":40000,"_runtime":1013.019262881,"train/K_max":32,"train/exact_match_acc":1,"test/K32/token_acc":1,"test/K32/pos_abs_err_sum":0,"test/K32/loss":4.094093952744515e-08,"_step":39751}