{"_timestamp":1.7732137499381585e+09,"test/K32/tf_token_acc":1,"_wandb":{"runtime":1200},"test/K32/token_acc":1,"train/loss":8.259121386799961e-09,"train/exact_match_acc":1,"lr":1.009735322838044e-06,"test/K32/pos_abs_err_sum":0,"train/K_min":32,"test/K32/loss":6.929040008429865e-09,"_runtime":1200.203350363,"train/token_acc":1,"test/K32/exact_match_acc":1,"iters_done":40000,"test/K32/pos_abs_err_mean":0,"train/K_mean":32,"iter":39751,"train/K_max":32,"_step":39751}