{"iter":39751,"test/K16/pos_abs_err_mean":0,"train/token_acc":1,"train/K_max":16,"lr":1.009735322838044e-06,"_runtime":549.691463006,"test/K16/pos_abs_err_sum":0,"iters_done":40000,"_step":39751,"test/K16/loss":1.8973648820974631e-06,"train/K_min":16,"test/K16/token_acc":1,"_timestamp":1.773269754556036e+09,"train/K_mean":16,"train/loss":2.141186996595934e-06,"test/K16/tf_token_acc":1,"train/exact_match_acc":1,"_wandb":{"runtime":549},"test/K16/exact_match_acc":1}