{"train/K_max":32,"_wandb":{"runtime":624},"_step":39751,"_timestamp":1.7732567913909268e+09,"train/exact_match_acc":0.00048828125,"test/K32/pos_abs_err_mean":0.230625,"train/loss":0.21959178149700165,"lr":1.009735322838044e-06,"iter":39751,"test/K32/exact_match_acc":0,"train/token_acc":0.8856277465820312,"test/K32/token_acc":0.8890625,"test/K32/pos_abs_err_sum":738,"_runtime":624.288724212,"train/K_mean":32,"test/K32/tf_token_acc":0.8890625,"train/K_min":32,"test/K32/loss":0.22169503569602966,"iters_done":40000}