{"_wandb":{"runtime":526},"_step":39751,"train/loss":1.2487739324569702,"test/K32/tf_token_acc":0.5584375,"_runtime":526.78443376,"_timestamp":1.7731650973243356e+09,"train/K_min":32,"iters_done":40000,"test/K32/pos_abs_err_sum":2486,"train/K_mean":32,"train/K_max":32,"lr":1.009735322838044e-06,"test/K32/token_acc":0.5584375,"test/K32/loss":1.2461360692977905,"train/token_acc":0.5551223754882812,"test/K32/pos_abs_err_mean":0.776875,"iter":39751,"train/exact_match_acc":0,"test/K32/exact_match_acc":0}