{"lr":1.009735322838044e-06,"test/K32/pos_abs_err_sum":457,"_step":39751,"test/K32/token_acc":0.92625,"_runtime":560.474314078,"test/K32/loss":0.1368638277053833,"_wandb":{"runtime":560},"test/K32/exact_match_acc":0.03,"train/loss":0.1387069970369339,"_timestamp":1.7732536098195393e+09,"test/K32/pos_abs_err_mean":0.1428125,"train/K_max":32,"train/K_min":32,"test/K32/tf_token_acc":0.92625,"train/K_mean":32,"iter":39751,"iters_done":40000,"train/token_acc":0.9248428344726562,"train/exact_match_acc":0.01904296875}