{"train/K_min":16,"_timestamp":1.7730946033817804e+09,"test/K16/exact_match_acc":0.82,"lr":1.009735322838044e-06,"test/K16/token_acc":0.98875,"_runtime":313.911655316,"test/K16/tf_token_acc":0,"train/K_mean":16,"train/exact_match_acc":0.77978515625,"_step":39751,"train/K_max":16,"iters_done":40000,"train/token_acc":0.9857330322265625,"_wandb":{"runtime":313},"train/loss":0.08911660313606262,"test/K16/loss":0.07898678630590439,"test/K16/pos_abs_err_sum":249,"iter":39751,"test/K16/pos_abs_err_mean":0.155625}