{"test/K16/pos_abs_err_sum":3569,"train/token_acc":0.675750732421875,"train/exact_match_acc":0.00244140625,"lr":1.009735322838044e-06,"iters_done":40000,"test/K16/exact_match_acc":0,"train/K_max":16,"test/K16/loss":1.017240047454834,"_runtime":621.129960496,"train/K_mean":16,"_wandb":{"runtime":621},"iter":39751,"_step":39751,"test/K16/pos_abs_err_mean":2.230625,"_timestamp":1.7732698095853088e+09,"test/K16/token_acc":0.678125,"train/loss":1.0091681480407715,"train/K_min":16,"test/K16/tf_token_acc":0.678125}