{"test/K16/loss":0.8052819967269897,"_wandb":{"runtime":314},"train/K_min":16,"_runtime":314.888429136,"train/token_acc":0.8163909912109375,"test/K16/tf_token_acc":0.830625,"test/K16/pos_abs_err_mean":2.25,"train/K_max":16,"test/K16/token_acc":0.830625,"lr":1.009735322838044e-06,"test/K16/pos_abs_err_sum":3600,"train/K_mean":16,"_timestamp":1.773172441128801e+09,"train/exact_match_acc":0,"test/K16/exact_match_acc":0,"train/loss":0.8160222172737122,"iters_done":40000,"_step":39751,"iter":39751}