{"test/K32/pos_abs_err_sum":413,"test/K32/pos_abs_err_mean":0.1290625,"train/K_mean":32,"_runtime":645.963645178,"train/K_max":32,"_timestamp":1.7731667787276528e+09,"train/token_acc":0.99371337890625,"train/exact_match_acc":0.8046875,"lr":1.009735322838044e-06,"test/K32/loss":0.04568750411272049,"iters_done":40000,"test/K32/token_acc":0.99125,"_step":39751,"test/K32/tf_token_acc":0.99125,"iter":39751,"train/K_min":32,"test/K32/exact_match_acc":0.74,"train/loss":0.040294889360666275,"_wandb":{"runtime":645}}