{"_wandb":{"runtime":420},"iters_done":40000,"_step":39751,"test/K32/token_acc":0.6725,"_timestamp":1.7732566110315745e+09,"train/K_max":32,"test/K32/exact_match_acc":0,"train/exact_match_acc":0,"test/K32/loss":0.9078208208084106,"train/loss":0.9006378650665283,"test/K32/tf_token_acc":0.6725,"train/K_min":32,"test/K32/pos_abs_err_sum":2007,"test/K32/pos_abs_err_mean":0.6271875,"_runtime":420.86756477,"lr":1.009735322838044e-06,"train/token_acc":0.6794509887695312,"train/K_mean":32,"iter":39751}