{"lr":1.009735322838044e-06,"iters_done":40000,"train/token_acc":0.9998245239257812,"test/K32/pos_abs_err_sum":3,"_step":39751,"_wandb":{"runtime":735},"_timestamp":1.7732552276851795e+09,"_runtime":735.078292186,"test/K32/token_acc":0.9996875,"test/K32/tf_token_acc":0.9996875,"test/K32/exact_match_acc":0.99,"train/loss":0.001300840638577938,"iter":39751,"train/K_mean":32,"test/K32/pos_abs_err_mean":0.0009375,"train/exact_match_acc":0.994384765625,"test/K32/loss":0.000618752499576658,"train/K_min":32,"train/K_max":32}