{"_runtime":441.15857146,"train/K_min":32,"test/K32/token_acc":0.2115625,"_wandb":{"runtime":441},"train/token_acc":0.21637725830078125,"test/K32/loss":2.3672571182250977,"test/K32/tf_token_acc":0.2115625,"test/K32/pos_abs_err_sum":8512,"train/exact_match_acc":0,"train/K_max":32,"lr":1.009735322838044e-06,"_step":39751,"_timestamp":1.7731665823543522e+09,"iters_done":40000,"train/K_mean":32,"iter":39751,"test/K32/exact_match_acc":0,"test/K32/pos_abs_err_mean":2.66,"train/loss":2.3709802627563477}