{"train/exact_match_acc":0.999755859375,"_runtime":438.200502374,"iter":39751,"train/loss":6.896230479469523e-05,"test/K16/token_acc":1,"iters_done":40000,"test/K16/tf_token_acc":1,"train/K_mean":16,"_step":39751,"test/K16/exact_match_acc":1,"train/token_acc":0.9999847412109375,"_wandb":{"runtime":438},"train/K_min":16,"train/K_max":16,"test/K16/pos_abs_err_sum":0,"lr":1.009735322838044e-06,"test/K16/loss":2.9258430004119873e-05,"_timestamp":1.7732547842799938e+09,"test/K16/pos_abs_err_mean":0}