{"train/exact_match_acc":0.894287109375,"_runtime":441.546973598,"train/K_max":32,"train/K_min":32,"_wandb":{"runtime":441},"lr":1.009735322838044e-06,"test/K32/exact_match_acc":0.89,"test/K32/token_acc":0.9965625,"iters_done":40000,"test/K32/pos_abs_err_mean":0.031875,"train/token_acc":0.996612548828125,"_timestamp":1.7732601338331585e+09,"train/K_mean":32,"test/K32/tf_token_acc":0.9965625,"train/loss":0.020162448287010193,"test/K32/pos_abs_err_sum":102,"_step":39751,"test/K32/loss":0.017212718725204468,"iter":39751}