{"iter":39751,"_timestamp":1.773252639247546e+09,"train/exact_match_acc":0.37353515625,"test/K16/tf_token_acc":0.938125,"train/token_acc":0.937652587890625,"test/K16/loss":0.2782418727874756,"_runtime":206.124738387,"test/K16/pos_abs_err_mean":0.224375,"train/loss":0.25012871623039246,"test/K16/pos_abs_err_sum":359,"_wandb":{"runtime":206},"train/K_max":16,"_step":39751,"test/K16/token_acc":0.938125,"test/K16/exact_match_acc":0.39,"train/K_min":16,"lr":1.009735322838044e-06,"train/K_mean":16,"iters_done":40000}