{"iter":39751,"train/K_max":32,"train/loss":0.7337402701377869,"iters_done":40000,"test/K32/loss":0.7259110808372498,"train/K_min":32,"_wandb":{"runtime":355},"train/token_acc":0.738128662109375,"test/K32/token_acc":0.735,"test/K32/pos_abs_err_mean":0.5128125,"train/exact_match_acc":0,"test/K32/exact_match_acc":0,"_timestamp":1.7732536401926868e+09,"test/K32/pos_abs_err_sum":1641,"lr":1.009735322838044e-06,"train/K_mean":32,"test/K32/tf_token_acc":0.735,"_step":39751,"_runtime":355.569449352}