{"train/K_min":32,"train/K_max":32,"_timestamp":1.7732560975323203e+09,"test/K32/tf_token_acc":0.911875,"iter":39751,"test/K32/pos_abs_err_sum":552,"_runtime":624.144902528,"test/K32/pos_abs_err_mean":0.1725,"lr":1.009735322838044e-06,"test/K32/loss":0.15282677114009857,"test/K32/exact_match_acc":0,"train/exact_match_acc":0.00830078125,"test/K32/token_acc":0.911875,"train/token_acc":0.9120025634765625,"train/loss":0.15411877632141113,"iters_done":40000,"_wandb":{"runtime":624},"_step":39751,"train/K_mean":32}