{"iter":39751,"train/token_acc":1,"test/K16/exact_match_acc":1,"iters_done":40000,"_step":39751,"train/K_min":16,"train/exact_match_acc":1,"train/K_max":16,"test/K16/loss":1.0609626599489275e-07,"test/K16/pos_abs_err_mean":0,"test/K16/tf_token_acc":1,"test/K16/token_acc":1,"test/K16/pos_abs_err_sum":0,"train/K_mean":16,"_runtime":759.2442271,"train/loss":1.0673829820007086e-07,"lr":1.009735322838044e-06,"_wandb":{"runtime":759},"_timestamp":1.773259980249373e+09}