{"train/K_min":32,"test/K32/pos_abs_err_mean":0.0025,"train/exact_match_acc":0.944580078125,"_runtime":723.362866828,"train/K_mean":32,"test/K32/exact_match_acc":0.95,"_timestamp":1.77316382263234e+09,"test/K32/pos_abs_err_sum":8,"_step":39751,"test/K32/loss":0.005186041817069054,"train/loss":0.00552356755360961,"test/K32/tf_token_acc":0.9984375,"_wandb":{"runtime":723},"test/K32/token_acc":0.9984375,"iter":39751,"train/token_acc":0.9982528686523438,"iters_done":40000,"lr":1.009735322838044e-06,"train/K_max":32}