{"test/K16/tf_token_acc":0.76375,"train/K_min":16,"_runtime":317.007573048,"_timestamp":1.7731721700330307e+09,"test/K16/pos_abs_err_mean":3.125625,"iter":39751,"train/loss":0.9890729784965515,"test/K16/token_acc":0.76375,"train/K_max":16,"train/K_mean":16,"test/K16/pos_abs_err_sum":5001,"train/exact_match_acc":0,"iters_done":40000,"lr":1.009735322838044e-06,"_step":39751,"test/K16/loss":0.9880558848381042,"_wandb":{"runtime":317},"test/K16/exact_match_acc":0,"train/token_acc":0.766082763671875}