{"train/K_max":16,"iters_done":40000,"iter":39751,"_timestamp":1.7732620825043406e+09,"train/loss":9.233190212398767e-08,"test/K16/token_acc":1,"_step":39751,"test/K16/pos_abs_err_sum":0,"lr":1.009735322838044e-06,"train/exact_match_acc":1,"test/K16/exact_match_acc":1,"_runtime":760.503435672,"train/K_min":16,"test/K16/tf_token_acc":1,"train/K_mean":16,"_wandb":{"runtime":760},"test/K16/pos_abs_err_mean":0,"train/token_acc":1,"test/K16/loss":7.301569127093899e-08}