{"train/K_min":32,"test/K32/tf_token_acc":1,"test/K32/token_acc":1,"train/K_mean":32,"iter":39751,"_runtime":522.043310477,"lr":1.009735322838044e-06,"test/K32/exact_match_acc":1,"train/K_max":32,"iters_done":40000,"_wandb":{"runtime":522},"test/K32/pos_abs_err_mean":0,"train/loss":0.00026374825392849743,"test/K32/loss":6.269250297918916e-05,"_step":39751,"train/token_acc":0.99993896484375,"train/exact_match_acc":0.998046875,"_timestamp":1.7732258839109492e+09,"test/K32/pos_abs_err_sum":0}