{"test/K32/pos_abs_err_sum":0,"test/K32/pos_abs_err_mean":0,"_wandb":{"runtime":761},"test/K32/tf_token_acc":1,"train/K_max":32,"_runtime":761.415566682,"test/K32/loss":8.239969702117378e-07,"train/exact_match_acc":1,"train/K_mean":32,"_step":39751,"train/K_min":32,"lr":1.009735322838044e-06,"train/token_acc":1,"train/loss":8.211954991566017e-07,"test/K32/exact_match_acc":1,"test/K32/token_acc":1,"iter":39751,"iters_done":40000,"_timestamp":1.7732656870514867e+09}