{"train/K_max":16,"test/K16/pos_abs_err_mean":0.095,"test/K16/loss":0.18989776074886322,"iter":39751,"test/K16/tf_token_acc":0.0025,"_wandb":{"runtime":164},"_timestamp":1.7730946009605136e+09,"_step":39751,"train/loss":0.2198214828968048,"test/K16/exact_match_acc":0.41,"train/token_acc":0.9449462890625,"_runtime":164.876558574,"lr":1.009735322838044e-06,"train/exact_match_acc":0.384033203125,"train/K_mean":16,"iters_done":40000,"train/K_min":16,"test/K16/pos_abs_err_sum":152,"test/K16/token_acc":0.9525}