{"train/exact_match_acc":0.999267578125,"_step":39751,"train/K_min":16,"_runtime":581.511384129,"iter":39751,"train/K_max":16,"test/K16/exact_match_acc":1,"test/K16/pos_abs_err_sum":0,"test/K16/loss":6.963402120163664e-05,"train/loss":0.0002573154051788151,"train/token_acc":0.9999542236328125,"iters_done":40000,"_timestamp":1.77326403541827e+09,"test/K16/tf_token_acc":1,"test/K16/pos_abs_err_mean":0,"test/K16/token_acc":1,"train/K_mean":16,"lr":1.009735322838044e-06,"_wandb":{"runtime":581}}