{"_timestamp":1.7732449965575156e+09,"test/K16/token_acc":0.999375,"lr":1.009735322838044e-06,"_wandb":{"runtime":399},"train/loss":0.004251827020198107,"train/K_max":16,"train/K_min":16,"train/K_mean":16,"_step":39751,"test/K16/pos_abs_err_sum":2,"iter":39751,"test/K16/loss":0.0022165747359395027,"test/K16/pos_abs_err_mean":0.00125,"iters_done":40000,"test/K16/exact_match_acc":0.99,"_runtime":399.401679974,"test/K16/tf_token_acc":0.999375,"train/token_acc":0.99908447265625,"train/exact_match_acc":0.9853515625}