{"test/K32/tf_token_acc":0.2540625,"train/K_max":32,"train/K_mean":32,"train/K_min":32,"iters_done":40000,"_wandb":{"runtime":591},"test/K32/token_acc":0.2540625,"train/exact_match_acc":0,"iter":39751,"lr":1.009735322838044e-06,"test/K32/pos_abs_err_mean":5.084375,"_timestamp":1.7731729626685529e+09,"train/token_acc":0.2578887939453125,"test/K32/pos_abs_err_sum":16270,"test/K32/loss":2.5934841632843018,"_step":39751,"_runtime":591.301114491,"train/loss":2.6034581661224365,"test/K32/exact_match_acc":0}