{"_runtime":1008.669005738,"test/K32/tf_token_acc":1,"train/K_mean":32,"iters_done":40000,"lr":1.009735322838044e-06,"train/K_min":32,"test/K32/exact_match_acc":1,"train/K_max":32,"_timestamp":1.773209312097424e+09,"iter":39751,"train/exact_match_acc":0.99853515625,"test/K32/loss":0.00017607577319722623,"test/K32/pos_abs_err_mean":0,"train/token_acc":0.9999542236328125,"test/K32/pos_abs_err_sum":0,"train/loss":9.154896542895585e-05,"test/K32/token_acc":1,"_step":39751,"_wandb":{"runtime":1008}}