{"test/K16/token_acc":0.99,"test/K16/pos_abs_err_sum":121,"iters_done":40000,"_timestamp":1.773161465323945e+09,"train/K_min":16,"train/exact_match_acc":0.85888671875,"test/K16/exact_match_acc":0.84,"test/K16/pos_abs_err_mean":0.075625,"train/token_acc":0.9910888671875,"train/loss":0.03114466182887554,"test/K16/loss":0.03676135092973709,"train/K_mean":16,"test/K16/tf_token_acc":0.99,"_runtime":363.119417249,"_wandb":{"runtime":363},"lr":1.009735322838044e-06,"iter":39751,"_step":39751,"train/K_max":16}