{"test/K16/loss":7.414072911160474e-07,"_runtime":533.704346205,"_timestamp":1.773227070782922e+09,"train/loss":3.1909985409583896e-07,"test/K16/tf_token_acc":1,"train/token_acc":1,"test/K16/pos_abs_err_mean":0,"lr":1.009735322838044e-06,"train/K_min":16,"test/K16/exact_match_acc":1,"test/K16/pos_abs_err_sum":0,"train/exact_match_acc":1,"iter":39751,"iters_done":40000,"_wandb":{"runtime":533},"test/K16/token_acc":1,"_step":39751,"train/K_max":16,"train/K_mean":16}