{"iter":39751,"train/exact_match_acc":0,"train/K_min":32,"_runtime":1183.996431801,"iters_done":40000,"test/K32/loss":1.6717276573181152,"test/K32/token_acc":0.483125,"test/K32/pos_abs_err_sum":8404,"_wandb":{"runtime":1183},"lr":1.009735322838044e-06,"train/token_acc":0.4889984130859375,"_timestamp":1.7731774876924593e+09,"train/K_max":32,"test/K32/pos_abs_err_mean":2.62625,"train/loss":1.657254934310913,"train/K_mean":32,"test/K32/tf_token_acc":0.483125,"_step":39751,"test/K32/exact_match_acc":0}