{"train/K_mean":16,"train/exact_match_acc":0.001708984375,"iters_done":40000,"test/K16/pos_abs_err_sum":1697,"_timestamp":1.7731656477646646e+09,"train/token_acc":0.837432861328125,"train/loss":0.6329060792922974,"test/K16/pos_abs_err_mean":1.060625,"_wandb":{"runtime":242},"_step":39751,"test/K16/token_acc":0.83375,"lr":1.009735322838044e-06,"train/K_min":16,"test/K16/exact_match_acc":0.01,"train/K_max":16,"test/K16/tf_token_acc":0.83375,"test/K16/loss":0.6976498365402222,"iter":39751,"_runtime":242.028743403}