{"_timestamp":1.773266073313855e+09,"test/K16/tf_token_acc":0.83125,"test/K16/token_acc":0.83125,"_runtime":423.346436559,"lr":1.009735322838044e-06,"train/K_mean":16,"train/exact_match_acc":0.066650390625,"test/K16/pos_abs_err_mean":0.97,"train/loss":0.5381362438201904,"test/K16/pos_abs_err_sum":1552,"test/K16/exact_match_acc":0.09,"test/K16/loss":0.5354674458503723,"iters_done":40000,"train/token_acc":0.8267822265625,"_step":39751,"iter":39751,"train/K_max":16,"train/K_min":16,"_wandb":{"runtime":423}}