{"train/exact_match_acc":0,"test/K16/loss":1.153465986251831,"train/loss":1.073657512664795,"test/K16/exact_match_acc":0,"train/token_acc":0.589599609375,"iter":39751,"lr":1.009735322838044e-06,"_step":39751,"test/K16/token_acc":0.57375,"test/K16/pos_abs_err_sum":1576,"_runtime":279.986063326,"train/K_max":16,"_wandb":{"runtime":279},"test/K16/tf_token_acc":0.57375,"train/K_mean":16,"_timestamp":1.773164140911196e+09,"test/K16/pos_abs_err_mean":0.985,"iters_done":40000,"train/K_min":16}