{"iter":39751,"test/K16/tf_token_acc":0.99875,"test/K16/pos_abs_err_mean":0.009375,"train/K_mean":16,"test/K16/pos_abs_err_sum":15,"test/K16/token_acc":0.99875,"test/K16/exact_match_acc":0.98,"_runtime":241.836447321,"iters_done":40000,"_timestamp":1.7732588819785514e+09,"train/K_max":16,"train/K_min":16,"_step":39751,"_wandb":{"runtime":241},"train/token_acc":0.9980621337890625,"lr":1.009735322838044e-06,"train/loss":0.019382989034056664,"train/exact_match_acc":0.969482421875,"test/K16/loss":0.014848054386675358}