{"train/exact_match_acc":0,"iter":39751,"test/K16/pos_abs_err_sum":3231,"lr":1.009735322838044e-06,"test/K16/loss":1.8470762968063354,"test/K16/exact_match_acc":0,"train/K_mean":16,"train/loss":1.8377941846847534,"train/K_min":16,"_timestamp":1.7732018510251877e+09,"test/K16/pos_abs_err_mean":2.019375,"_runtime":250.868890447,"test/K16/token_acc":0.33,"test/K16/tf_token_acc":0.33,"train/token_acc":0.319305419921875,"train/K_max":16,"_step":39751,"_wandb":{"runtime":250},"iters_done":40000}