{"train/K_mean":16,"iter":39751,"train/K_max":16,"_timestamp":1.7732573395042315e+09,"train/exact_match_acc":0.974365234375,"test/K16/token_acc":0.9975,"_step":39751,"test/K16/loss":0.03725523129105568,"_wandb":{"runtime":243},"test/K16/tf_token_acc":0.9975,"lr":1.009735322838044e-06,"_runtime":243.174420884,"test/K16/pos_abs_err_mean":0.06375,"train/K_min":16,"train/loss":0.02082509733736515,"train/token_acc":0.9983673095703125,"iters_done":40000,"test/K16/exact_match_acc":0.96,"test/K16/pos_abs_err_sum":102}