{"train/K_max":32,"_wandb":{"runtime":703},"_step":39751,"train/exact_match_acc":0.999267578125,"test/K32/token_acc":1,"iter":39751,"test/K32/pos_abs_err_sum":0,"train/loss":4.778462607646361e-05,"iters_done":40000,"train/K_min":32,"test/K32/tf_token_acc":1,"test/K32/exact_match_acc":1,"test/K32/pos_abs_err_mean":0,"train/K_mean":32,"test/K32/loss":2.8279050638957415e-06,"_runtime":703.358822167,"_timestamp":1.7732082580899673e+09,"train/token_acc":0.9999771118164062,"lr":1.009735322838044e-06}