{"test/K32/pos_abs_err_mean":0,"train/loss":9.154896542895585e-05,"test/K32/exact_match_acc":1,"_timestamp":1.773209311723879e+09,"train/K_max":32,"test/K32/pos_abs_err_sum":0,"_wandb":{"runtime":1009},"_step":39751,"test/K32/token_acc":1,"test/K32/tf_token_acc":1,"lr":1.009735322838044e-06,"train/K_min":32,"train/exact_match_acc":0.99853515625,"train/K_mean":32,"train/token_acc":0.9999542236328125,"_runtime":1009.572704459,"test/K32/loss":0.00017607577319722623,"iters_done":40000,"iter":39751}