{"test/K32/token_acc":0.17,"test/K32/loss":2.56581449508667,"test/K32/pos_abs_err_mean":4.4621875,"train/loss":2.5607447624206543,"_timestamp":1.7731766559909856e+09,"lr":1.009735322838044e-06,"train/K_min":32,"test/K32/tf_token_acc":0.17,"iter":39751,"_runtime":1184.122949116,"test/K32/pos_abs_err_sum":14279,"iters_done":40000,"train/token_acc":0.17174530029296875,"train/K_max":32,"_step":39751,"train/exact_match_acc":0,"test/K32/exact_match_acc":0,"train/K_mean":32,"_wandb":{"runtime":1184}}