{"train/K_min":16,"iters_done":40000,"_step":39751,"_wandb":{"runtime":549},"train/K_max":16,"test/K16/loss":1.4232844023354119e-06,"iter":39751,"train/exact_match_acc":1,"_timestamp":1.7732703961119192e+09,"test/K16/tf_token_acc":1,"test/K16/pos_abs_err_sum":0,"train/loss":1.949856596183963e-06,"test/K16/pos_abs_err_mean":0,"test/K16/token_acc":1,"train/K_mean":16,"train/token_acc":1,"test/K16/exact_match_acc":1,"lr":1.009735322838044e-06,"_runtime":549.391562324}