{"train/token_acc":0.9999313354492188,"test/K32/pos_abs_err_sum":0,"iter":39751,"_timestamp":1.7732240618816223e+09,"_runtime":521.93300507,"test/K32/token_acc":1,"test/K32/tf_token_acc":1,"test/K32/loss":0.00014689240197185427,"lr":1.009735322838044e-06,"iters_done":40000,"_step":39751,"_wandb":{"runtime":521},"test/K32/pos_abs_err_mean":0,"test/K32/exact_match_acc":1,"train/exact_match_acc":0.997802734375,"train/loss":0.0003916286223102361,"train/K_max":32,"train/K_min":32,"train/K_mean":32}