{"train/token_acc":0.9999237060546875,"test/K16/tf_token_acc":1,"_runtime":565.91982834,"test/K16/pos_abs_err_sum":0,"test/K16/token_acc":1,"train/K_min":16,"test/K16/loss":0.0005968526820652187,"_wandb":{"runtime":565},"train/exact_match_acc":0.998779296875,"test/K16/pos_abs_err_mean":0,"train/K_mean":16,"_timestamp":1.7732276894702578e+09,"iters_done":40000,"train/loss":0.0006603216752409935,"iter":39751,"test/K16/exact_match_acc":1,"train/K_max":16,"_step":39751,"lr":1.009735322838044e-06}