{"train/K_mean":16,"iters_done":40000,"test/K16/loss":1.6119688749313354,"test/K16/tf_token_acc":0.54125,"test/K16/pos_abs_err_mean":3.66875,"test/K16/token_acc":0.54125,"_runtime":621.560983774,"iter":39751,"train/K_max":16,"train/loss":1.5735810995101929,"train/K_min":16,"_wandb":{"runtime":621},"_step":39751,"test/K16/pos_abs_err_sum":5870,"train/token_acc":0.5328216552734375,"train/exact_match_acc":0,"test/K16/exact_match_acc":0,"lr":1.009735322838044e-06,"_timestamp":1.7731745113329058e+09}