{"train/K_max":32,"train/loss":0.7747836709022522,"train/exact_match_acc":0,"test/K32/exact_match_acc":0,"lr":1.009735322838044e-06,"test/K32/pos_abs_err_mean":0.5309375,"test/K32/tf_token_acc":0.7165625,"test/K32/loss":0.7724048495292664,"train/K_min":32,"_runtime":624.151368667,"_timestamp":1.7731650596980748e+09,"_step":39751,"train/token_acc":0.718231201171875,"test/K32/token_acc":0.7165625,"train/K_mean":32,"test/K32/pos_abs_err_sum":1699,"_wandb":{"runtime":624},"iter":39751,"iters_done":40000}