{"lr":1.009735322838044e-06,"test/K16/exact_match_acc":1,"test/K16/tf_token_acc":1,"_timestamp":1.7731723079085462e+09,"test/K16/pos_abs_err_mean":0,"iter":39751,"test/K16/loss":2.61880450125318e-06,"train/K_mean":16,"train/K_max":16,"_wandb":{"runtime":581},"train/exact_match_acc":1,"iters_done":40000,"test/K16/token_acc":1,"_step":39751,"train/token_acc":1,"_runtime":581.185397931,"train/loss":4.10499342251569e-06,"test/K16/pos_abs_err_sum":0,"train/K_min":16}