{"test/K16/loss":0.007912587374448776,"_step":39751,"test/K16/pos_abs_err_mean":0.009375,"iter":39751,"iters_done":40000,"test/K16/tf_token_acc":0.999375,"train/exact_match_acc":0.97607421875,"test/K16/pos_abs_err_sum":15,"_wandb":{"runtime":310},"train/K_max":16,"_runtime":310.601775739,"train/K_mean":16,"train/K_min":16,"test/K16/exact_match_acc":0.99,"_timestamp":1.7731645420035799e+09,"test/K16/token_acc":0.999375,"train/loss":0.007182762026786804,"train/token_acc":0.998504638671875,"lr":1.009735322838044e-06}