{"test/K16/tf_token_acc":1,"train/K_mean":16,"test/K16/token_acc":1,"_wandb":{"runtime":582},"lr":1.009735322838044e-06,"test/K16/pos_abs_err_mean":0,"_step":39751,"_timestamp":1.7732601505955293e+09,"train/K_max":16,"test/K16/loss":5.253799099591561e-05,"test/K16/exact_match_acc":1,"train/token_acc":0.9999542236328125,"iter":39751,"test/K16/pos_abs_err_sum":0,"train/loss":0.00029703721520490944,"train/exact_match_acc":0.999267578125,"train/K_min":16,"iters_done":40000,"_runtime":582.629928254}