{"test/K16/token_acc":1,"test/K16/pos_abs_err_sum":0,"_runtime":799.53078442,"train/K_min":16,"lr":1.009735322838044e-06,"iters_done":40000,"train/token_acc":1,"test/K16/exact_match_acc":1,"test/K16/pos_abs_err_mean":0,"train/exact_match_acc":1,"train/K_mean":16,"test/K16/tf_token_acc":1,"iter":39751,"test/K16/loss":1.9224733023293084e-06,"train/K_max":16,"_timestamp":1.7732692050288708e+09,"_wandb":{"runtime":799},"train/loss":2.6412617444293573e-06,"_step":39751}