{"test/K16/loss":5.8883801102638245e-05,"test/K16/tf_token_acc":1,"train/token_acc":0.999969482421875,"train/K_mean":16,"iters_done":40000,"iter":39751,"_runtime":311.334473235,"train/loss":5.656851863022894e-05,"lr":1.009735322838044e-06,"_timestamp":1.7732550884894388e+09,"train/K_max":16,"test/K16/token_acc":1,"test/K16/pos_abs_err_sum":0,"test/K16/exact_match_acc":1,"test/K16/pos_abs_err_mean":0,"_step":39751,"train/exact_match_acc":0.99951171875,"train/K_min":16,"_wandb":{"runtime":311}}