{"test_loss":2.4022960662841797,"x":{"values":[4,4,4,4,0,6,2,2,0,2,4,2,2,0,2,0,2,6,2,0,2,4,2,0,0,0,2,4,0,0,2,1],"bins":[0,4,8,12,16,20,24,28,32,36,40,44,48,52,56,60,64,68,72,76,80,84,88,92,96,100,104,108,112,116,120,124,128],"_type":"histogram"},"_timestamp":1.7676679521588001e+09,"_step":1199,"train_loss":2.400674343109131,"_wandb":{"runtime":13846},"_runtime":13846}