{"_runtime":272.233990178,"test/K16/pos_abs_err_mean":0.025,"test/K16/pos_abs_err_sum":40,"_wandb":{"runtime":272},"train/token_acc":0.99542236328125,"train/loss":0.014880272559821606,"train/exact_match_acc":0.92724609375,"test/K16/exact_match_acc":0.92,"_step":39751,"iters_done":40000,"test/K16/token_acc":0.995,"train/K_max":16,"train/K_mean":16,"train/K_min":16,"test/K16/tf_token_acc":0.995,"_timestamp":1.7732523145659158e+09,"lr":1.009735322838044e-06,"test/K16/loss":0.019122667610645294,"iter":39751}