{"test/K16/exact_match_acc":1,"train/K_max":16,"_runtime":559.145621281,"test/K16/loss":1.9885002984665334e-05,"test/K16/pos_abs_err_sum":0,"lr":1.009735322838044e-06,"train/loss":1.8313206965103745e-05,"test/K16/tf_token_acc":1,"train/exact_match_acc":1,"test/K16/token_acc":1,"_wandb":{"runtime":559},"iter":39751,"_timestamp":1.7732611544915538e+09,"test/K16/pos_abs_err_mean":0,"_step":39751,"train/K_mean":16,"train/K_min":16,"iters_done":40000,"train/token_acc":1}