{"train/K_mean":32,"_timestamp":1.7732535815807211e+09,"test/K32/tf_token_acc":0.9996875,"train/token_acc":0.9993057250976562,"train/K_max":32,"test/K32/exact_match_acc":0.99,"test/K32/pos_abs_err_sum":1,"lr":1.009735322838044e-06,"iter":39751,"test/K32/loss":0.0006312291952781379,"train/exact_match_acc":0.977783203125,"_step":39751,"test/K32/pos_abs_err_mean":0.0003125,"test/K32/token_acc":0.9996875,"iters_done":40000,"train/K_min":32,"_wandb":{"runtime":721},"_runtime":721.0886018,"train/loss":0.0022767551708966494}