{"train/token_acc":0.5398712158203125,"test/K32/loss":1.6272512674331665,"train/K_max":32,"_runtime":823.079416839,"_step":39751,"test/K32/pos_abs_err_sum":11147,"train/K_min":32,"train/K_mean":32,"lr":1.009735322838044e-06,"iters_done":40000,"train/exact_match_acc":0,"test/K32/exact_match_acc":0,"test/K32/token_acc":0.5371875,"test/K32/tf_token_acc":0.5371875,"_timestamp":1.773176089179895e+09,"_wandb":{"runtime":823},"iter":39751,"test/K32/pos_abs_err_mean":3.4834375,"train/loss":1.626911997795105}