{"_runtime":830.033737526,"train/loss":1.862921635620296e-05,"test/K32/pos_abs_err_mean":0,"_wandb":{"runtime":830},"train/exact_match_acc":0.999755859375,"train/K_min":32,"iter":39751,"_step":39751,"train/K_max":32,"train/token_acc":0.9999923706054688,"test/K32/token_acc":1,"test/K32/loss":3.441646640567342e-06,"lr":1.009735322838044e-06,"test/K32/exact_match_acc":1,"train/K_mean":32,"iters_done":40000,"_timestamp":1.7732222410117033e+09,"test/K32/tf_token_acc":1,"test/K32/pos_abs_err_sum":0}