{"train/K_mean":16,"_step":39751,"train/token_acc":1,"test/K16/exact_match_acc":1,"test/K16/loss":1.4379620161264484e-08,"_timestamp":1.7732103717249258e+09,"iters_done":40000,"iter":39751,"train/loss":1.1375959729775786e-08,"train/K_max":16,"train/exact_match_acc":1,"test/K16/tf_token_acc":1,"test/K16/pos_abs_err_sum":0,"train/K_min":16,"_wandb":{"runtime":637},"test/K16/token_acc":1,"_runtime":637.933956101,"lr":1.009735322838044e-06,"test/K16/pos_abs_err_mean":0}