{"test/K16/pos_abs_err_mean":0.040625,"test/K16/tf_token_acc":0.99125,"train/exact_match_acc":0.878662109375,"test/K16/pos_abs_err_sum":65,"train/token_acc":0.991607666015625,"train/K_min":16,"_timestamp":1.773247141064044e+09,"_wandb":{"runtime":588},"_step":39751,"train/loss":0.030959373340010643,"train/K_max":16,"lr":1.009735322838044e-06,"iters_done":40000,"test/K16/loss":0.030588235706090927,"test/K16/token_acc":0.99125,"train/K_mean":16,"_runtime":588.513922069,"test/K16/exact_match_acc":0.87,"iter":39751}