{"train/K_min":16,"test/K16/pos_abs_err_sum":0,"iter":39751,"train/K_mean":16,"train/K_max":16,"_step":39751,"test/K16/pos_abs_err_mean":0,"train/token_acc":0.999725341796875,"train/exact_match_acc":0.99560546875,"_runtime":431.967754168,"test/K16/loss":0.0015291912714019418,"train/loss":0.0029037834610790014,"_wandb":{"runtime":431},"test/K16/exact_match_acc":1,"iters_done":40000,"test/K16/token_acc":1,"_timestamp":1.7732703323080003e+09,"test/K16/tf_token_acc":1,"lr":1.009735322838044e-06}