{"train/K_max":32,"train/exact_match_acc":0.9892578125,"test/K32/token_acc":0.999375,"test/K32/exact_match_acc":0.98,"iter":39751,"_wandb":{"runtime":791},"_timestamp":1.7731732760119088e+09,"test/K32/loss":0.005551047157496214,"test/K32/pos_abs_err_sum":72,"iters_done":40000,"train/token_acc":0.999664306640625,"train/K_mean":32,"train/loss":0.0014845572877675295,"test/K32/tf_token_acc":0.999375,"_runtime":791.61820141,"test/K32/pos_abs_err_mean":0.0225,"train/K_min":32,"_step":39751,"lr":1.009735322838044e-06}