{"iter":39751,"test/K16/token_acc":1,"test/K16/pos_abs_err_sum":0,"train/exact_match_acc":0.999755859375,"train/K_mean":16,"_runtime":799.101019689,"_step":39751,"train/token_acc":0.9999847412109375,"train/loss":4.019932748633437e-05,"_timestamp":1.7731745974249864e+09,"iters_done":40000,"_wandb":{"runtime":799},"lr":1.009735322838044e-06,"train/K_max":16,"test/K16/tf_token_acc":1,"test/K16/loss":1.4237165487429593e-05,"train/K_min":16,"test/K16/pos_abs_err_mean":0,"test/K16/exact_match_acc":1}