{"test/K32/loss":1.6419488191604614,"iter":39751,"lr":1.009735322838044e-06,"train/K_mean":32,"iters_done":40000,"train/K_min":32,"test/K32/pos_abs_err_mean":1.6321875,"train/loss":1.6357265710830688,"test/K32/exact_match_acc":0,"_runtime":745.068284415,"test/K32/token_acc":0.441875,"train/K_max":32,"test/K32/pos_abs_err_sum":5223,"_step":39751,"train/exact_match_acc":0,"_wandb":{"runtime":745},"train/token_acc":0.4368133544921875,"test/K32/tf_token_acc":0.441875,"_timestamp":1.7731718502260556e+09}