{"lr":1.009735322838044e-06,"test/K32/token_acc":1,"iter":39751,"test/K32/exact_match_acc":1,"test/K32/pos_abs_err_sum":0,"train/exact_match_acc":0.99951171875,"train/token_acc":0.9999771118164062,"train/K_max":32,"_timestamp":1.7732714818534968e+09,"_step":39751,"train/loss":0.00010698505502659827,"test/K32/loss":4.964545496477513e-06,"test/K32/tf_token_acc":1,"iters_done":40000,"_runtime":1531.416075297,"train/K_min":32,"train/K_mean":32,"test/K32/pos_abs_err_mean":0,"_wandb":{"runtime":1531}}