{"_step":39751,"test/K16/pos_abs_err_sum":0,"test/K16/tf_token_acc":1,"_timestamp":1.773258795373878e+09,"test/K16/pos_abs_err_mean":0,"train/K_max":16,"train/token_acc":0.999237060546875,"test/K16/token_acc":1,"train/loss":0.0027905984316021204,"test/K16/exact_match_acc":1,"train/K_min":16,"train/K_mean":16,"test/K16/loss":0.000485931639559567,"_wandb":{"runtime":474},"_runtime":474.149448783,"train/exact_match_acc":0.98779296875,"iters_done":40000,"iter":39751,"lr":1.009735322838044e-06}