{"test/K32/tf_token_acc":1,"lr":1.009735322838044e-06,"_runtime":1012.303596262,"train/K_max":32,"train/token_acc":1,"train/K_mean":32,"test/K32/exact_match_acc":1,"test/K32/pos_abs_err_sum":0,"_timestamp":1.7732363683171914e+09,"_step":39751,"test/K32/loss":3.8444994743258576e-08,"train/loss":4.406319931149483e-08,"train/exact_match_acc":1,"test/K32/token_acc":1,"iter":39751,"_wandb":{"runtime":1012},"iters_done":40000,"train/K_min":32,"test/K32/pos_abs_err_mean":0}