{"train/token_acc":0.99786376953125,"test/K16/exact_match_acc":0.96,"train/loss":0.013909135945141315,"_step":39751,"iter":39751,"train/K_mean":16,"test/K16/pos_abs_err_mean":0.00375,"train/exact_match_acc":0.967529296875,"test/K16/pos_abs_err_sum":6,"test/K16/tf_token_acc":0.9975,"_timestamp":1.7732549704165344e+09,"lr":1.009735322838044e-06,"test/K16/loss":0.014464760199189186,"_runtime":279.658211462,"train/K_max":16,"train/K_min":16,"test/K16/token_acc":0.9975,"iters_done":40000,"_wandb":{"runtime":279}}