{"iter":39751,"train/token_acc":0.9999923706054688,"test/K32/tf_token_acc":1,"train/K_mean":32,"_timestamp":1.7732714746745746e+09,"_wandb":{"runtime":1110},"train/K_max":32,"train/exact_match_acc":0.999755859375,"train/loss":8.310905104735866e-05,"test/K32/token_acc":1,"test/K32/exact_match_acc":1,"iters_done":40000,"test/K32/pos_abs_err_sum":0,"lr":1.009735322838044e-06,"_step":39751,"_runtime":1110.827992465,"train/K_min":32,"test/K32/pos_abs_err_mean":0,"test/K32/loss":1.589901694387663e-05}