{"test/K16/token_acc":0.880625,"train/K_max":16,"_runtime":424.005809721,"train/token_acc":0.872802734375,"train/K_mean":16,"train/loss":0.41927769780158997,"lr":1.009735322838044e-06,"test/K16/pos_abs_err_sum":1102,"test/K16/tf_token_acc":0.880625,"_step":39751,"train/K_min":16,"test/K16/exact_match_acc":0.18,"iter":39751,"train/exact_match_acc":0.14453125,"_wandb":{"runtime":424},"test/K16/loss":0.4125046133995056,"test/K16/pos_abs_err_mean":0.68875,"iters_done":40000,"_timestamp":1.7732656970185938e+09}