{"train/K_min":16,"test/K16/pos_abs_err_mean":2.970625,"test/K16/exact_match_acc":0,"train/K_mean":16,"train/loss":1.1667317152023315,"_runtime":622.418432168,"_step":39751,"iters_done":40000,"_wandb":{"runtime":622},"test/K16/loss":1.165513277053833,"test/K16/token_acc":0.634375,"test/K16/pos_abs_err_sum":4753,"train/exact_match_acc":0.000244140625,"train/token_acc":0.6356201171875,"train/K_max":16,"_timestamp":1.7732695535011678e+09,"test/K16/tf_token_acc":0.634375,"lr":1.009735322838044e-06,"iter":39751}