{"test/K16/pos_abs_err_mean":0,"iters_done":40000,"train/K_min":16,"train/K_max":16,"_timestamp":1.773254296062023e+09,"test/K16/exact_match_acc":1,"train/K_mean":16,"_wandb":{"runtime":438},"_runtime":438.685667025,"test/K16/pos_abs_err_sum":0,"train/token_acc":0.999969482421875,"train/exact_match_acc":0.99951171875,"iter":39751,"_step":39751,"lr":1.009735322838044e-06,"test/K16/token_acc":1,"test/K16/loss":9.297579708800185e-06,"test/K16/tf_token_acc":1,"train/loss":7.280416321009398e-05}