{"iters_done":40000,"train/loss":1.814950883272104e-05,"_timestamp":1.7732240643562694e+09,"test/K32/pos_abs_err_mean":0,"train/K_mean":32,"lr":1.009735322838044e-06,"test/K32/pos_abs_err_sum":0,"train/exact_match_acc":0.999755859375,"iter":39751,"test/K32/loss":3.9452688724850304e-06,"train/K_min":32,"_wandb":{"runtime":830},"train/K_max":32,"test/K32/token_acc":1,"_runtime":830.175189666,"_step":39751,"test/K32/tf_token_acc":1,"test/K32/exact_match_acc":1,"train/token_acc":0.9999923706054688}