{"test/K16/pos_abs_err_mean":1.51,"test/K16/loss":1.5536946058273315,"train/K_min":16,"_timestamp":1.773094209432994e+09,"iter":39751,"train/exact_match_acc":0,"test/K16/token_acc":0.435,"lr":1.009735322838044e-06,"test/K16/tf_token_acc":0.011875,"_wandb":{"runtime":208},"_runtime":208.346428371,"iters_done":40000,"train/K_mean":16,"train/token_acc":0.4450225830078125,"test/K16/pos_abs_err_sum":2416,"_step":39751,"train/loss":1.4704800844192505,"train/K_max":16,"test/K16/exact_match_acc":0}