{"test/K16/token_acc":0.99875,"iter":39751,"test/K16/pos_abs_err_sum":4,"test/K16/loss":0.0031790691427886486,"train/exact_match_acc":0.9765625,"_runtime":923.088071061,"train/token_acc":0.9984283447265625,"test/K16/pos_abs_err_mean":0.0025,"train/loss":0.0065668001770973206,"_wandb":{"runtime":923},"test/K16/exact_match_acc":0.98,"test/K16/tf_token_acc":0.99875,"train/K_min":16,"_step":39751,"_timestamp":1.7732630448783512e+09,"iters_done":40000,"lr":1.009735322838044e-06,"train/K_max":16,"train/K_mean":16}