{"train/exact_match_acc":0.999755859375,"train/K_min":32,"_timestamp":1.7732714574371479e+09,"train/loss":3.463882239884697e-05,"train/token_acc":0.9999923706054688,"test/K32/pos_abs_err_mean":0,"test/K32/tf_token_acc":1,"_runtime":1056.149239786,"iters_done":40000,"_wandb":{"runtime":1056},"lr":1.009735322838044e-06,"test/K32/exact_match_acc":1,"test/K32/pos_abs_err_sum":0,"test/K32/token_acc":1,"train/K_max":32,"train/K_mean":32,"_step":39751,"iter":39751,"test/K32/loss":7.79107210746588e-07}