{"_timestamp":1.773255387618686e+09,"train/K_max":32,"_step":39751,"train/exact_match_acc":1,"_runtime":1045.035881096,"train/token_acc":1,"iter":39751,"train/K_min":32,"test/K32/pos_abs_err_mean":0,"test/K32/exact_match_acc":1,"test/K32/token_acc":1,"iters_done":40000,"test/K32/tf_token_acc":1,"test/K32/pos_abs_err_sum":0,"_wandb":{"runtime":1045},"lr":1.009735322838044e-06,"train/K_mean":32,"test/K32/loss":3.202110519850976e-06,"train/loss":4.928589078190271e-06}