{"test/K32/pos_abs_err_sum":0,"_runtime":709.3876855,"iters_done":40000,"_step":39751,"train/token_acc":0.9999618530273438,"train/K_min":32,"train/K_mean":32,"test/K32/token_acc":1,"train/K_max":32,"train/exact_match_acc":0.998779296875,"_timestamp":1.7732248109413571e+09,"train/loss":0.0002168258943129331,"test/K32/pos_abs_err_mean":0,"test/K32/exact_match_acc":1,"test/K32/tf_token_acc":1,"_wandb":{"runtime":709},"lr":1.009735322838044e-06,"iter":39751,"test/K32/loss":0.0003153508878313005}