{"train/K_max":16,"iter":39751,"test/K16/pos_abs_err_mean":0,"_wandb":{"runtime":558},"lr":1.009735322838044e-06,"test/K16/token_acc":1,"test/K16/tf_token_acc":1,"_runtime":558.598380312,"_timestamp":1.7732618816004329e+09,"train/token_acc":1,"iters_done":40000,"_step":39751,"train/loss":1.2136662917328067e-05,"train/exact_match_acc":1,"train/K_mean":16,"test/K16/loss":9.457618034502957e-06,"test/K16/exact_match_acc":1,"test/K16/pos_abs_err_sum":0,"train/K_min":16}