{"test/K32/exact_match_acc":1,"_wandb":{"runtime":499},"train/K_min":32,"test/K32/loss":3.1626968848286197e-05,"test/K32/tf_token_acc":1,"train/K_mean":32,"iters_done":40000,"test/K32/pos_abs_err_sum":0,"_timestamp":1.7732060249969785e+09,"test/K32/token_acc":1,"lr":1.009735322838044e-06,"_step":39751,"train/K_max":32,"iter":39751,"train/exact_match_acc":0.999267578125,"train/loss":0.0001401636836817488,"_runtime":499.79113214,"test/K32/pos_abs_err_mean":0,"train/token_acc":0.9999771118164062}