{"test/K16/tf_token_acc":0.830625,"train/K_max":16,"iter":39751,"train/loss":0.8160222172737122,"test/K16/pos_abs_err_mean":2.25,"test/K16/exact_match_acc":0,"_runtime":315.374657917,"iters_done":40000,"train/K_mean":16,"test/K16/pos_abs_err_sum":3600,"_wandb":{"runtime":315},"test/K16/loss":0.8052819967269897,"train/exact_match_acc":0,"_timestamp":1.7731724134107027e+09,"train/token_acc":0.8163909912109375,"train/K_min":16,"lr":1.009735322838044e-06,"_step":39751,"test/K16/token_acc":0.830625}