{"train/K_mean":16,"lr":1.009735322838044e-06,"test/K16/exact_match_acc":0.87,"iters_done":40000,"test/K16/token_acc":0.99125,"test/K16/pos_abs_err_mean":0.040625,"train/K_max":16,"test/K16/tf_token_acc":0.99125,"_runtime":589.983335128,"_timestamp":1.7732471590292118e+09,"iter":39751,"_wandb":{"runtime":589},"test/K16/pos_abs_err_sum":65,"train/K_min":16,"test/K16/loss":0.030588235706090927,"train/token_acc":0.991607666015625,"_step":39751,"train/exact_match_acc":0.878662109375,"train/loss":0.030959373340010643}