{"_wandb":{"runtime":799},"_runtime":799.602982004,"test/K16/pos_abs_err_mean":0,"_step":39751,"train/K_mean":16,"train/exact_match_acc":1,"lr":1.009735322838044e-06,"train/K_min":16,"train/token_acc":1,"train/loss":8.936569429351948e-06,"test/K16/token_acc":1,"test/K16/pos_abs_err_sum":0,"test/K16/tf_token_acc":1,"test/K16/exact_match_acc":1,"train/K_max":16,"iter":39751,"test/K16/loss":7.245093456731411e-06,"iters_done":40000,"_timestamp":1.7731754402052593e+09}