{"iter":39751,"test/K16/tf_token_acc":0.998125,"test/K16/token_acc":0.998125,"train/loss":0.0026206178590655327,"_runtime":347.606732983,"test/K16/loss":0.006542550399899483,"test/K16/pos_abs_err_mean":0.023125,"_step":39751,"train/K_mean":16,"_timestamp":1.7732574417862012e+09,"test/K16/exact_match_acc":0.97,"test/K16/pos_abs_err_sum":37,"train/K_min":16,"train/token_acc":0.999298095703125,"iters_done":40000,"_wandb":{"runtime":347},"train/exact_match_acc":0.98876953125,"lr":1.009735322838044e-06,"train/K_max":16}