{"test/K16/tf_token_acc":1,"test/K16/exact_match_acc":1,"lr":1.009735322838044e-06,"_step":39751,"train/K_max":16,"train/K_mean":16,"test/K16/loss":1.308321913029431e-07,"_runtime":409.393813141,"train/loss":1.7815364117268473e-07,"_timestamp":1.7732124621657128e+09,"_wandb":{"runtime":409},"test/K16/token_acc":1,"iters_done":40000,"train/K_min":16,"test/K16/pos_abs_err_sum":0,"iter":39751,"test/K16/pos_abs_err_mean":0,"train/token_acc":1,"train/exact_match_acc":1}