{"test/K16/loss":0.00013250164920464158,"iters_done":40000,"train/loss":0.0011113019427284598,"test/K16/tf_token_acc":1,"test/K16/token_acc":1,"lr":1.009735322838044e-06,"_runtime":208.097438531,"train/K_mean":16,"test/K16/pos_abs_err_sum":0,"train/exact_match_acc":0.99853515625,"train/K_min":16,"test/K16/pos_abs_err_mean":0,"iter":39751,"train/token_acc":0.999908447265625,"test/K16/exact_match_acc":1,"_step":39751,"_timestamp":1.773254719015641e+09,"train/K_max":16,"_wandb":{"runtime":208}}