{"lr":1.009735322838044e-06,"train/K_max":32,"train/K_min":32,"iter":39751,"_timestamp":1.7732566962156596e+09,"test/K32/exact_match_acc":0,"_wandb":{"runtime":525},"test/K32/pos_abs_err_mean":0.6996875,"test/K32/tf_token_acc":0.63625,"train/exact_match_acc":0,"_step":39751,"test/K32/pos_abs_err_sum":2239,"train/loss":0.9946621060371399,"train/K_mean":32,"test/K32/token_acc":0.63625,"train/token_acc":0.641693115234375,"iters_done":40000,"_runtime":525.82571731,"test/K32/loss":1.0074526071548462}