{"train/K_min":16,"lr":1.009735322838044e-06,"test/K16/tf_token_acc":0.98625,"_step":39751,"test/K16/pos_abs_err_sum":52,"iters_done":40000,"train/exact_match_acc":0.785400390625,"test/K16/token_acc":0.98625,"_wandb":{"runtime":205},"train/K_max":16,"_runtime":205.695115182,"_timestamp":1.7732523397522266e+09,"iter":39751,"test/K16/loss":0.08339574933052063,"train/token_acc":0.9842681884765625,"train/loss":0.07721972465515137,"train/K_mean":16,"test/K16/pos_abs_err_mean":0.0325,"test/K16/exact_match_acc":0.82}