{"test/K16/tf_token_acc":1,"train/exact_match_acc":1,"lr":1.009735322838044e-06,"test/K16/pos_abs_err_sum":0,"_wandb":{"runtime":671},"test/K16/token_acc":1,"_timestamp":1.7732202725279293e+09,"test/K16/loss":1.4948844864193234e-06,"iter":39751,"test/K16/pos_abs_err_mean":0,"train/K_min":16,"_step":39751,"_runtime":671.924848169,"train/token_acc":1,"train/loss":2.9426009859889746e-06,"test/K16/exact_match_acc":1,"train/K_max":16,"train/K_mean":16,"iters_done":40000}