{"train/loss":8.502556738676503e-06,"test/K32/exact_match_acc":1,"test/K32/tf_token_acc":1,"_runtime":398.342016341,"test/K32/pos_abs_err_sum":0,"lr":1.009735322838044e-06,"_timestamp":1.7732069005627217e+09,"_step":39751,"test/K32/token_acc":1,"train/exact_match_acc":1,"iter":39751,"train/K_max":32,"iters_done":40000,"train/token_acc":1,"train/K_min":32,"test/K32/pos_abs_err_mean":0,"train/K_mean":32,"test/K32/loss":7.703080882492941e-06,"_wandb":{"runtime":398}}