{"train/exact_match_acc":0,"test/K16/exact_match_acc":0,"iters_done":40000,"_timestamp":1.7731702091962981e+09,"_wandb":{"runtime":399},"test/K16/pos_abs_err_sum":3069,"test/K16/token_acc":0.494375,"iter":39751,"train/token_acc":0.4906768798828125,"train/K_min":16,"test/K16/loss":1.3936010599136353,"train/K_max":16,"test/K16/tf_token_acc":0.494375,"_runtime":399.822838713,"test/K16/pos_abs_err_mean":1.918125,"lr":1.009735322838044e-06,"train/K_mean":16,"train/loss":1.459503173828125,"_step":39751}