{"train/K_mean":16,"train/token_acc":0.356689453125,"test/K16/pos_abs_err_mean":2.315625,"train/loss":1.8370155096054077,"train/exact_match_acc":0,"_step":39751,"_runtime":316.69869142,"test/K16/pos_abs_err_sum":3705,"train/K_max":16,"train/K_min":16,"test/K16/tf_token_acc":0.385,"lr":1.009735322838044e-06,"test/K16/exact_match_acc":0,"_wandb":{"runtime":316},"iter":39751,"iters_done":40000,"_timestamp":1.7731659479290853e+09,"test/K16/token_acc":0.385,"test/K16/loss":1.8186918497085571}