{"_step":39751,"train/K_mean":16,"iter":39751,"train/K_min":16,"_timestamp":1.7731655982233248e+09,"train/loss":1.6476725339889526,"test/K16/loss":1.657658576965332,"test/K16/token_acc":0.44875,"_runtime":317.162479932,"test/K16/pos_abs_err_mean":1.973125,"train/exact_match_acc":0,"train/token_acc":0.4567413330078125,"_wandb":{"runtime":317},"test/K16/pos_abs_err_sum":3157,"lr":1.009735322838044e-06,"test/K16/tf_token_acc":0.44875,"train/K_max":16,"test/K16/exact_match_acc":0,"iters_done":40000}