{"test/K32/token_acc":0.275,"train/K_mean":32,"train/K_max":32,"test/K32/loss":2.027003526687622,"_runtime":549.093507102,"iter":39751,"test/K32/exact_match_acc":0,"test/K32/tf_token_acc":0.275,"train/token_acc":0.28615570068359375,"_timestamp":1.773166618267826e+09,"train/exact_match_acc":0,"test/K32/pos_abs_err_mean":2.1340625,"_step":39751,"_wandb":{"runtime":549},"lr":1.009735322838044e-06,"train/loss":2.029709815979004,"iters_done":40000,"train/K_min":32,"test/K32/pos_abs_err_sum":6829}