{"train/K_mean":32,"lr":1.009735322838044e-06,"test/K32/pos_abs_err_sum":9,"train/K_min":32,"test/K32/token_acc":0.999375,"test/K32/tf_token_acc":0.999375,"iters_done":40000,"iter":39751,"_timestamp":1.773272340655371e+09,"test/K32/pos_abs_err_mean":0.0028125,"train/loss":0.002222384326159954,"test/K32/loss":0.002868199720978737,"_runtime":823.045381017,"train/exact_match_acc":0.994384765625,"_step":39751,"_wandb":{"runtime":823},"test/K32/exact_match_acc":0.98,"train/K_max":32,"train/token_acc":0.9998245239257812}