{"_timestamp":1.7732640761493778e+09,"lr":1.009735322838044e-06,"test/K32/exact_match_acc":0.01,"train/token_acc":0.9135894775390625,"test/K32/pos_abs_err_sum":944,"_runtime":556.766526525,"train/loss":0.27963992953300476,"test/K32/pos_abs_err_mean":0.295,"test/K32/token_acc":0.916875,"train/K_min":32,"_wandb":{"runtime":556},"train/exact_match_acc":0.001708984375,"train/K_max":32,"_step":39751,"train/K_mean":32,"iter":39751,"test/K32/loss":0.28992733359336853,"iters_done":40000,"test/K32/tf_token_acc":0.916875}