{"_step":39751,"test/K32/tf_token_acc":0.9934375,"train/K_mean":32,"train/token_acc":0.991943359375,"iters_done":40000,"lr":1.009735322838044e-06,"test/K32/loss":0.016097506508231163,"iter":39751,"_wandb":{"runtime":761},"_timestamp":1.7732642538063476e+09,"_runtime":761.176211003,"test/K32/token_acc":0.9934375,"train/loss":0.018022723495960236,"test/K32/exact_match_acc":0.79,"train/K_max":32,"test/K32/pos_abs_err_mean":0.03,"test/K32/pos_abs_err_sum":96,"train/K_min":32,"train/exact_match_acc":0.7421875}